scenario,allocator,mu_el,filter_db,n_bundles,accepted,n_requests,acceptance_rate,total_utility,avg_fidelity,insecure_admitted,n_insecure_edges,mean_delta_f,feasible,topology,operating_point,seed
clean,utility_per_resource_greedy,0.0,0.0,18,4,10,0.4,6.074772169400614,0.8602466475654689,0,0,0.0,True,chain8,"1.4 V, 200 ps",0
clean,congestion_aware_greedy,0.0,0.0,18,4,10,0.4,6.074772169400614,0.8602466475654689,0,0,0.0,True,chain8,"1.4 V, 200 ps",0
clean,greedy_local_search,0.0,0.0,18,4,10,0.4,6.074772169400614,0.8602466475654689,0,0,0.0,True,chain8,"1.4 V, 200 ps",0
clean,cp_sat_exact,0.0,0.0,18,4,10,0.4,6.074772169400614,0.8602466475654689,0,0,0.0,True,chain8,"1.4 V, 200 ps",0
blind,utility_per_resource_greedy,0.004771364878891034,0.0,18,4,10,0.4,6.063666502940908,0.8597118289164136,0,0,0.0002712345900474406,True,chain8,"1.4 V, 200 ps",0
blind,congestion_aware_greedy,0.004771364878891034,0.0,18,4,10,0.4,6.063666502940908,0.8597118289164136,0,0,0.0002712345900474406,True,chain8,"1.4 V, 200 ps",0
blind,greedy_local_search,0.004771364878891034,0.0,18,4,10,0.4,6.063666502940908,0.8597118289164136,0,0,0.0002712345900474406,True,chain8,"1.4 V, 200 ps",0
blind,cp_sat_exact,0.004771364878891034,0.0,18,4,10,0.4,6.063666502940908,0.8597118289164136,0,0,0.0002712345900474406,True,chain8,"1.4 V, 200 ps",0
aware,utility_per_resource_greedy,0.004771364878891034,0.0,18,4,10,0.4,6.063666502940908,0.8597118289164136,0,0,0.0002712345900474406,True,chain8,"1.4 V, 200 ps",0
aware,congestion_aware_greedy,0.004771364878891034,0.0,18,4,10,0.4,6.063666502940908,0.8597118289164136,0,0,0.0002712345900474406,True,chain8,"1.4 V, 200 ps",0
aware,greedy_local_search,0.004771364878891034,0.0,18,4,10,0.4,6.063666502940908,0.8597118289164136,0,0,0.0002712345900474406,True,chain8,"1.4 V, 200 ps",0
aware,cp_sat_exact,0.004771364878891034,0.0,18,4,10,0.4,6.063666502940908,0.8597118289164136,0,0,0.0002712345900474406,True,chain8,"1.4 V, 200 ps",0
clean,utility_per_resource_greedy,0.0,0.0,28,8,10,0.8,22.09433295099259,0.8193685807407407,0,0,0.0,True,chain8,"1.4 V, 200 ps",1
clean,congestion_aware_greedy,0.0,0.0,28,8,10,0.8,22.607824978725926,0.8122393837037037,0,0,0.0,True,chain8,"1.4 V, 200 ps",1
clean,greedy_local_search,0.0,0.0,28,8,10,0.8,22.09433295099259,0.8193685807407407,0,0,0.0,True,chain8,"1.4 V, 200 ps",1
clean,cp_sat_exact,0.0,0.0,28,8,10,0.8,22.607824978725926,0.8122393837037037,0,0,0.0,True,chain8,"1.4 V, 200 ps",1
blind,utility_per_resource_greedy,0.004771364878891034,0.0,28,8,10,0.8,22.07604962390377,0.8186284537599862,0,0,0.0003839248036259235,True,chain8,"1.4 V, 200 ps",1
blind,congestion_aware_greedy,0.004771364878891034,0.0,28,8,10,0.8,22.58782939732226,0.8114504365674773,0,0,0.0003839248036259235,True,chain8,"1.4 V, 200 ps",1
blind,greedy_local_search,0.004771364878891034,0.0,28,8,10,0.8,22.07604962390377,0.8186284537599862,0,0,0.0003839248036259235,True,chain8,"1.4 V, 200 ps",1
blind,cp_sat_exact,0.004771364878891034,0.0,28,8,10,0.8,22.58782939732226,0.8114504365674773,0,0,0.0003839248036259235,True,chain8,"1.4 V, 200 ps",1
aware,utility_per_resource_greedy,0.004771364878891034,0.0,28,8,10,0.8,22.07604962390377,0.8186284537599862,0,0,0.0003839248036259235,True,chain8,"1.4 V, 200 ps",1
aware,congestion_aware_greedy,0.004771364878891034,0.0,28,8,10,0.8,22.58782939732226,0.8114504365674773,0,0,0.0003839248036259235,True,chain8,"1.4 V, 200 ps",1
aware,greedy_local_search,0.004771364878891034,0.0,28,8,10,0.8,22.07604962390377,0.8186284537599862,0,0,0.0003839248036259235,True,chain8,"1.4 V, 200 ps",1
aware,cp_sat_exact,0.004771364878891034,0.0,28,8,10,0.8,22.58782939732226,0.8114504365674773,0,0,0.0003839248036259235,True,chain8,"1.4 V, 200 ps",1
clean,utility_per_resource_greedy,0.0,0.0,30,8,10,0.8,26.41783333844742,0.8520163147040517,0,0,0.0,True,chain8,"1.4 V, 200 ps",2
clean,congestion_aware_greedy,0.0,0.0,30,8,10,0.8,26.41783333844742,0.8520163147040517,0,0,0.0,True,chain8,"1.4 V, 200 ps",2
clean,greedy_local_search,0.0,0.0,30,8,10,0.8,26.41783333844742,0.8520163147040517,0,0,0.0,True,chain8,"1.4 V, 200 ps",2
clean,cp_sat_exact,0.0,0.0,30,8,10,0.8,26.41783333844742,0.8520163147040517,0,0,0.0,True,chain8,"1.4 V, 200 ps",2
blind,utility_per_resource_greedy,0.004771364878891034,0.0,30,8,10,0.8,26.385536318185995,0.8507703134233044,0,0,0.0004713521918683033,True,chain8,"1.4 V, 200 ps",2
blind,congestion_aware_greedy,0.004771364878891034,0.0,30,8,10,0.8,26.385536318185995,0.8507703134233044,0,0,0.0004713521918683033,True,chain8,"1.4 V, 200 ps",2
blind,greedy_local_search,0.004771364878891034,0.0,30,8,10,0.8,26.385536318185995,0.8507703134233044,0,0,0.0004713521918683033,True,chain8,"1.4 V, 200 ps",2
blind,cp_sat_exact,0.004771364878891034,0.0,30,8,10,0.8,26.385536318185995,0.8507703134233044,0,0,0.0004713521918683033,True,chain8,"1.4 V, 200 ps",2
aware,utility_per_resource_greedy,0.004771364878891034,0.0,30,8,10,0.8,26.385536318185995,0.8507703134233044,0,0,0.0004713521918683033,True,chain8,"1.4 V, 200 ps",2
aware,congestion_aware_greedy,0.004771364878891034,0.0,30,8,10,0.8,26.385536318185995,0.8507703134233044,0,0,0.0004713521918683033,True,chain8,"1.4 V, 200 ps",2
aware,greedy_local_search,0.004771364878891034,0.0,30,8,10,0.8,26.385536318185995,0.8507703134233044,0,0,0.0004713521918683033,True,chain8,"1.4 V, 200 ps",2
aware,cp_sat_exact,0.004771364878891034,0.0,30,8,10,0.8,26.385536318185995,0.8507703134233044,0,0,0.0004713521918683033,True,chain8,"1.4 V, 200 ps",2
clean,utility_per_resource_greedy,0.0,0.0,19,5,10,0.5,19.07488266666667,0.9057066666666668,0,0,0.0,True,chain8,"1.4 V, 200 ps",3
clean,congestion_aware_greedy,0.0,0.0,19,5,10,0.5,19.07488266666667,0.9057066666666668,0,0,0.0,True,chain8,"1.4 V, 200 ps",3
clean,greedy_local_search,0.0,0.0,19,5,10,0.5,19.07488266666667,0.9057066666666668,0,0,0.0,True,chain8,"1.4 V, 200 ps",3
clean,cp_sat_exact,0.0,0.0,19,5,10,0.5,19.07488266666667,0.9057066666666668,0,0,0.0,True,chain8,"1.4 V, 200 ps",3
blind,utility_per_resource_greedy,0.004771364878891034,0.0,19,5,10,0.5,19.054441723785896,0.9044417946274601,0,0,0.0007199792849605606,True,chain8,"1.4 V, 200 ps",3
blind,congestion_aware_greedy,0.004771364878891034,0.0,19,5,10,0.5,19.054441723785896,0.9044417946274601,0,0,0.0007199792849605606,True,chain8,"1.4 V, 200 ps",3
blind,greedy_local_search,0.004771364878891034,0.0,19,5,10,0.5,19.054441723785896,0.9044417946274601,0,0,0.0007199792849605606,True,chain8,"1.4 V, 200 ps",3
blind,cp_sat_exact,0.004771364878891034,0.0,19,5,10,0.5,19.054441723785896,0.9044417946274601,0,0,0.0007199792849605606,True,chain8,"1.4 V, 200 ps",3
aware,utility_per_resource_greedy,0.004771364878891034,0.0,19,5,10,0.5,19.054441723785896,0.9044417946274601,0,0,0.0007199792849605606,True,chain8,"1.4 V, 200 ps",3
aware,congestion_aware_greedy,0.004771364878891034,0.0,19,5,10,0.5,19.054441723785896,0.9044417946274601,0,0,0.0007199792849605606,True,chain8,"1.4 V, 200 ps",3
aware,greedy_local_search,0.004771364878891034,0.0,19,5,10,0.5,19.054441723785896,0.9044417946274601,0,0,0.0007199792849605606,True,chain8,"1.4 V, 200 ps",3
aware,cp_sat_exact,0.004771364878891034,0.0,19,5,10,0.5,19.054441723785896,0.9044417946274601,0,0,0.0007199792849605606,True,chain8,"1.4 V, 200 ps",3
clean,utility_per_resource_greedy,0.0,0.0,19,5,10,0.5,14.115882000000001,0.87712,0,0,0.0,True,chain8,"1.4 V, 200 ps",4
clean,congestion_aware_greedy,0.0,0.0,19,5,10,0.5,15.33037455163857,0.8753671234893183,0,0,0.0,True,chain8,"1.4 V, 200 ps",4
clean,greedy_local_search,0.0,0.0,19,5,10,0.5,14.115882000000001,0.87712,0,0,0.0,True,chain8,"1.4 V, 200 ps",4
clean,cp_sat_exact,0.0,0.0,19,5,10,0.5,15.33037455163857,0.8753671234893183,0,0,0.0,True,chain8,"1.4 V, 200 ps",4
blind,utility_per_resource_greedy,0.004771364878891034,0.0,19,5,10,0.5,14.098959053011834,0.8757204879705089,0,0,0.0007647132786977913,True,chain8,"1.4 V, 200 ps",4
blind,congestion_aware_greedy,0.004771364878891034,0.0,19,5,10,0.5,15.29753421794423,0.87391503796006,0,0,0.0007647132786977913,True,chain8,"1.4 V, 200 ps",4
blind,greedy_local_search,0.004771364878891034,0.0,19,5,10,0.5,14.098959053011834,0.8757204879705089,0,0,0.0007647132786977913,True,chain8,"1.4 V, 200 ps",4
blind,cp_sat_exact,0.004771364878891034,0.0,19,5,10,0.5,15.29753421794423,0.87391503796006,0,0,0.0007647132786977913,True,chain8,"1.4 V, 200 ps",4
aware,utility_per_resource_greedy,0.004771364878891034,0.0,19,5,10,0.5,14.098959053011834,0.8757204879705089,0,0,0.0007647132786977913,True,chain8,"1.4 V, 200 ps",4
aware,congestion_aware_greedy,0.004771364878891034,0.0,19,5,10,0.5,15.29753421794423,0.87391503796006,0,0,0.0007647132786977913,True,chain8,"1.4 V, 200 ps",4
aware,greedy_local_search,0.004771364878891034,0.0,19,5,10,0.5,14.098959053011834,0.8757204879705089,0,0,0.0007647132786977913,True,chain8,"1.4 V, 200 ps",4
aware,cp_sat_exact,0.004771364878891034,0.0,19,5,10,0.5,15.29753421794423,0.87391503796006,0,0,0.0007647132786977913,True,chain8,"1.4 V, 200 ps",4
clean,utility_per_resource_greedy,0.0,0.0,27,7,10,0.7,25.89430592977265,0.8237861829870994,0,0,0.0,True,chain8,"1.4 V, 200 ps",5
clean,congestion_aware_greedy,0.0,0.0,27,7,10,0.7,25.89430592977265,0.8237861829870994,0,0,0.0,True,chain8,"1.4 V, 200 ps",5
clean,greedy_local_search,0.0,0.0,27,7,10,0.7,25.89430592977265,0.8237861829870994,0,0,0.0,True,chain8,"1.4 V, 200 ps",5
clean,cp_sat_exact,0.0,0.0,27,7,10,0.7,25.89430592977265,0.8237861829870994,0,0,0.0,True,chain8,"1.4 V, 200 ps",5
blind,utility_per_resource_greedy,0.004771364878891034,0.0,27,7,10,0.7,25.882232866861195,0.823327385981881,0,0,0.0003218525490231399,True,chain8,"1.4 V, 200 ps",5
blind,congestion_aware_greedy,0.004771364878891034,0.0,27,7,10,0.7,25.882232866861195,0.823327385981881,0,0,0.0003218525490231399,True,chain8,"1.4 V, 200 ps",5
blind,greedy_local_search,0.004771364878891034,0.0,27,7,10,0.7,25.882232866861195,0.823327385981881,0,0,0.0003218525490231399,True,chain8,"1.4 V, 200 ps",5
blind,cp_sat_exact,0.004771364878891034,0.0,27,7,10,0.7,25.882232866861195,0.823327385981881,0,0,0.0003218525490231399,True,chain8,"1.4 V, 200 ps",5
aware,utility_per_resource_greedy,0.004771364878891034,0.0,27,7,10,0.7,25.882232866861195,0.823327385981881,0,0,0.0003218525490231399,True,chain8,"1.4 V, 200 ps",5
aware,congestion_aware_greedy,0.004771364878891034,0.0,27,7,10,0.7,25.882232866861195,0.823327385981881,0,0,0.0003218525490231399,True,chain8,"1.4 V, 200 ps",5
aware,greedy_local_search,0.004771364878891034,0.0,27,7,10,0.7,25.882232866861195,0.823327385981881,0,0,0.0003218525490231399,True,chain8,"1.4 V, 200 ps",5
aware,cp_sat_exact,0.004771364878891034,0.0,27,7,10,0.7,25.882232866861195,0.823327385981881,0,0,0.0003218525490231399,True,chain8,"1.4 V, 200 ps",5
clean,utility_per_resource_greedy,0.0,0.0,20,5,10,0.5,15.624181191111113,0.8643512888888889,0,0,0.0,True,chain8,"1.4 V, 200 ps",6
clean,congestion_aware_greedy,0.0,0.0,20,5,10,0.5,17.309559275495772,0.8724370203123776,0,0,0.0,True,chain8,"1.4 V, 200 ps",6
clean,greedy_local_search,0.0,0.0,20,5,10,0.5,15.624181191111113,0.8643512888888889,0,0,0.0,True,chain8,"1.4 V, 200 ps",6
clean,cp_sat_exact,0.0,0.0,20,5,10,0.5,17.309559275495772,0.8724370203123776,0,0,0.0,True,chain8,"1.4 V, 200 ps",6
blind,utility_per_resource_greedy,0.004771364878891034,0.0,20,5,10,0.5,15.600628589163904,0.8629190167355707,0,0,0.0004942239199788075,True,chain8,"1.4 V, 200 ps",6
blind,congestion_aware_greedy,0.004771364878891034,0.0,20,5,10,0.5,17.269937896644816,0.8710951942163113,0,0,0.0004942239199788075,True,chain8,"1.4 V, 200 ps",6
blind,greedy_local_search,0.004771364878891034,0.0,20,5,10,0.5,15.600628589163904,0.8629190167355707,0,0,0.0004942239199788075,True,chain8,"1.4 V, 200 ps",6
blind,cp_sat_exact,0.004771364878891034,0.0,20,5,10,0.5,17.269937896644816,0.8710951942163113,0,0,0.0004942239199788075,True,chain8,"1.4 V, 200 ps",6
aware,utility_per_resource_greedy,0.004771364878891034,0.0,20,5,10,0.5,15.600628589163904,0.8629190167355707,0,0,0.0004942239199788075,True,chain8,"1.4 V, 200 ps",6
aware,congestion_aware_greedy,0.004771364878891034,0.0,20,5,10,0.5,17.269937896644816,0.8710951942163113,0,0,0.0004942239199788075,True,chain8,"1.4 V, 200 ps",6
aware,greedy_local_search,0.004771364878891034,0.0,20,5,10,0.5,15.600628589163904,0.8629190167355707,0,0,0.0004942239199788075,True,chain8,"1.4 V, 200 ps",6
aware,cp_sat_exact,0.004771364878891034,0.0,20,5,10,0.5,17.269937896644816,0.8710951942163113,0,0,0.0004942239199788075,True,chain8,"1.4 V, 200 ps",6
clean,utility_per_resource_greedy,0.0,0.0,25,4,10,0.4,12.463333093333333,0.8344782222222222,0,0,0.0,True,chain8,"1.4 V, 200 ps",7
clean,congestion_aware_greedy,0.0,0.0,25,4,10,0.4,12.463333093333333,0.8344782222222222,0,0,0.0,True,chain8,"1.4 V, 200 ps",7
clean,greedy_local_search,0.0,0.0,25,4,10,0.4,12.463333093333333,0.8344782222222222,0,0,0.0,True,chain8,"1.4 V, 200 ps",7
clean,cp_sat_exact,0.0,0.0,25,4,10,0.4,12.463333093333333,0.8344782222222222,0,0,0.0,True,chain8,"1.4 V, 200 ps",7
blind,utility_per_resource_greedy,0.004771364878891034,0.0,25,4,10,0.4,12.449005439445523,0.8331808122661508,0,0,0.0007650351545778518,True,chain8,"1.4 V, 200 ps",7
blind,congestion_aware_greedy,0.004771364878891034,0.0,25,4,10,0.4,12.449005439445523,0.8331808122661508,0,0,0.0007650351545778518,True,chain8,"1.4 V, 200 ps",7
blind,greedy_local_search,0.004771364878891034,0.0,25,4,10,0.4,12.449005439445523,0.8331808122661508,0,0,0.0007650351545778518,True,chain8,"1.4 V, 200 ps",7
blind,cp_sat_exact,0.004771364878891034,0.0,25,4,10,0.4,12.449005439445523,0.8331808122661508,0,0,0.0007650351545778518,True,chain8,"1.4 V, 200 ps",7
aware,utility_per_resource_greedy,0.004771364878891034,0.0,25,4,10,0.4,12.449005439445523,0.8331808122661508,0,0,0.0007650351545778518,True,chain8,"1.4 V, 200 ps",7
aware,congestion_aware_greedy,0.004771364878891034,0.0,25,4,10,0.4,12.449005439445523,0.8331808122661508,0,0,0.0007650351545778518,True,chain8,"1.4 V, 200 ps",7
aware,greedy_local_search,0.004771364878891034,0.0,25,4,10,0.4,12.449005439445523,0.8331808122661508,0,0,0.0007650351545778518,True,chain8,"1.4 V, 200 ps",7
aware,cp_sat_exact,0.004771364878891034,0.0,25,4,10,0.4,12.449005439445523,0.8331808122661508,0,0,0.0007650351545778518,True,chain8,"1.4 V, 200 ps",7
clean,utility_per_resource_greedy,0.0,0.0,28,8,10,0.8,19.193954030870817,0.8199928954447925,0,0,0.0,True,chain8,"1.4 V, 200 ps",8
clean,congestion_aware_greedy,0.0,0.0,28,8,10,0.8,19.193954030870817,0.8199928954447925,0,0,0.0,True,chain8,"1.4 V, 200 ps",8
clean,greedy_local_search,0.0,0.0,28,8,10,0.8,19.193954030870817,0.8199928954447925,0,0,0.0,True,chain8,"1.4 V, 200 ps",8
clean,cp_sat_exact,0.0,0.0,28,8,10,0.8,19.193954030870817,0.8199928954447925,0,0,0.0,True,chain8,"1.4 V, 200 ps",8
blind,utility_per_resource_greedy,0.004771364878891034,0.0,28,8,10,0.8,19.16944118343523,0.8188439725917701,0,0,0.0006005105144496163,True,chain8,"1.4 V, 200 ps",8
blind,congestion_aware_greedy,0.004771364878891034,0.0,28,8,10,0.8,19.16944118343523,0.8188439725917701,0,0,0.0006005105144496163,True,chain8,"1.4 V, 200 ps",8
blind,greedy_local_search,0.004771364878891034,0.0,28,8,10,0.8,19.16944118343523,0.8188439725917701,0,0,0.0006005105144496163,True,chain8,"1.4 V, 200 ps",8
blind,cp_sat_exact,0.004771364878891034,0.0,28,8,10,0.8,19.16944118343523,0.8188439725917701,0,0,0.0006005105144496163,True,chain8,"1.4 V, 200 ps",8
aware,utility_per_resource_greedy,0.004771364878891034,0.0,28,8,10,0.8,19.16944118343523,0.8188439725917701,0,0,0.0006005105144496163,True,chain8,"1.4 V, 200 ps",8
aware,congestion_aware_greedy,0.004771364878891034,0.0,28,8,10,0.8,19.16944118343523,0.8188439725917701,0,0,0.0006005105144496163,True,chain8,"1.4 V, 200 ps",8
aware,greedy_local_search,0.004771364878891034,0.0,28,8,10,0.8,19.16944118343523,0.8188439725917701,0,0,0.0006005105144496163,True,chain8,"1.4 V, 200 ps",8
aware,cp_sat_exact,0.004771364878891034,0.0,28,8,10,0.8,19.16944118343523,0.8188439725917701,0,0,0.0006005105144496163,True,chain8,"1.4 V, 200 ps",8
clean,utility_per_resource_greedy,0.0,0.0,25,7,10,0.7,16.619050441897087,0.818016978940388,0,0,0.0,True,chain8,"1.4 V, 200 ps",9
clean,congestion_aware_greedy,0.0,0.0,25,7,10,0.7,16.619050441897087,0.818016978940388,0,0,0.0,True,chain8,"1.4 V, 200 ps",9
clean,greedy_local_search,0.0,0.0,25,7,10,0.7,16.619050441897087,0.818016978940388,0,0,0.0,True,chain8,"1.4 V, 200 ps",9
clean,cp_sat_exact,0.0,0.0,25,7,10,0.7,18.58455532983236,0.770949910030733,0,0,0.0,True,chain8,"1.4 V, 200 ps",9
blind,utility_per_resource_greedy,0.004771364878891034,0.0,25,7,10,0.7,16.601292662702086,0.8168319543918509,0,0,0.0005842369046488637,True,chain8,"1.4 V, 200 ps",9
blind,congestion_aware_greedy,0.004771364878891034,0.0,25,7,10,0.7,16.601292662702086,0.8168319543918509,0,0,0.0005842369046488637,True,chain8,"1.4 V, 200 ps",9
blind,greedy_local_search,0.004771364878891034,0.0,25,7,10,0.7,16.601292662702086,0.8168319543918509,0,0,0.0005842369046488637,True,chain8,"1.4 V, 200 ps",9
blind,cp_sat_exact,0.004771364878891034,0.0,25,7,10,0.7,18.558276713452813,0.7695297926426249,0,0,0.0005842369046488637,True,chain8,"1.4 V, 200 ps",9
aware,utility_per_resource_greedy,0.004771364878891034,0.0,25,7,10,0.7,16.601292662702086,0.8168319543918509,0,0,0.0005842369046488637,True,chain8,"1.4 V, 200 ps",9
aware,congestion_aware_greedy,0.004771364878891034,0.0,25,7,10,0.7,16.601292662702086,0.8168319543918509,0,0,0.0005842369046488637,True,chain8,"1.4 V, 200 ps",9
aware,greedy_local_search,0.004771364878891034,0.0,25,7,10,0.7,16.601292662702086,0.8168319543918509,0,0,0.0005842369046488637,True,chain8,"1.4 V, 200 ps",9
aware,cp_sat_exact,0.004771364878891034,0.0,25,7,10,0.7,18.558276713452813,0.7695297926426249,0,0,0.0005842369046488637,True,chain8,"1.4 V, 200 ps",9
clean,utility_per_resource_greedy,0.0,10.0,18,4,10,0.4,6.074772169400614,0.8602466475654689,0,0,0.0,True,chain8,"1.4 V, 200 ps",0
clean,congestion_aware_greedy,0.0,10.0,18,4,10,0.4,6.074772169400614,0.8602466475654689,0,0,0.0,True,chain8,"1.4 V, 200 ps",0
clean,greedy_local_search,0.0,10.0,18,4,10,0.4,6.074772169400614,0.8602466475654689,0,0,0.0,True,chain8,"1.4 V, 200 ps",0
clean,cp_sat_exact,0.0,10.0,18,4,10,0.4,6.074772169400614,0.8602466475654689,0,0,0.0,True,chain8,"1.4 V, 200 ps",0
blind,utility_per_resource_greedy,0.00047713648788910343,10.0,18,4,10,0.4,6.073659644847899,0.8601931248252874,0,0,2.7137284475485324e-05,True,chain8,"1.4 V, 200 ps",0
blind,congestion_aware_greedy,0.00047713648788910343,10.0,18,4,10,0.4,6.073659644847899,0.8601931248252874,0,0,2.7137284475485324e-05,True,chain8,"1.4 V, 200 ps",0
blind,greedy_local_search,0.00047713648788910343,10.0,18,4,10,0.4,6.073659644847899,0.8601931248252874,0,0,2.7137284475485324e-05,True,chain8,"1.4 V, 200 ps",0
blind,cp_sat_exact,0.00047713648788910343,10.0,18,4,10,0.4,6.073659644847899,0.8601931248252874,0,0,2.7137284475485324e-05,True,chain8,"1.4 V, 200 ps",0
aware,utility_per_resource_greedy,0.00047713648788910343,10.0,18,4,10,0.4,6.073659644847899,0.8601931248252874,0,0,2.7137284475485324e-05,True,chain8,"1.4 V, 200 ps",0
aware,congestion_aware_greedy,0.00047713648788910343,10.0,18,4,10,0.4,6.073659644847899,0.8601931248252874,0,0,2.7137284475485324e-05,True,chain8,"1.4 V, 200 ps",0
aware,greedy_local_search,0.00047713648788910343,10.0,18,4,10,0.4,6.073659644847899,0.8601931248252874,0,0,2.7137284475485324e-05,True,chain8,"1.4 V, 200 ps",0
aware,cp_sat_exact,0.00047713648788910343,10.0,18,4,10,0.4,6.073659644847899,0.8601931248252874,0,0,2.7137284475485324e-05,True,chain8,"1.4 V, 200 ps",0
clean,utility_per_resource_greedy,0.0,10.0,28,8,10,0.8,22.09433295099259,0.8193685807407407,0,0,0.0,True,chain8,"1.4 V, 200 ps",1
clean,congestion_aware_greedy,0.0,10.0,28,8,10,0.8,22.607824978725926,0.8122393837037037,0,0,0.0,True,chain8,"1.4 V, 200 ps",1
clean,greedy_local_search,0.0,10.0,28,8,10,0.8,22.09433295099259,0.8193685807407407,0,0,0.0,True,chain8,"1.4 V, 200 ps",1
clean,cp_sat_exact,0.0,10.0,28,8,10,0.8,22.607824978725926,0.8122393837037037,0,0,0.0,True,chain8,"1.4 V, 200 ps",1
blind,utility_per_resource_greedy,0.00047713648788910343,10.0,28,8,10,0.8,22.092502398416173,0.8192944795787893,0,0,3.8424913772642076e-05,True,chain8,"1.4 V, 200 ps",1
blind,congestion_aware_greedy,0.00047713648788910343,10.0,28,8,10,0.8,22.60582278118247,0.8121603837461362,0,0,3.8424913772642076e-05,True,chain8,"1.4 V, 200 ps",1
blind,greedy_local_search,0.00047713648788910343,10.0,28,8,10,0.8,22.092502398416173,0.8192944795787893,0,0,3.8424913772642076e-05,True,chain8,"1.4 V, 200 ps",1
blind,cp_sat_exact,0.00047713648788910343,10.0,28,8,10,0.8,22.60582278118247,0.8121603837461362,0,0,3.8424913772642076e-05,True,chain8,"1.4 V, 200 ps",1
aware,utility_per_resource_greedy,0.00047713648788910343,10.0,28,8,10,0.8,22.092502398416173,0.8192944795787893,0,0,3.8424913772642076e-05,True,chain8,"1.4 V, 200 ps",1
aware,congestion_aware_greedy,0.00047713648788910343,10.0,28,8,10,0.8,22.60582278118247,0.8121603837461362,0,0,3.8424913772642076e-05,True,chain8,"1.4 V, 200 ps",1
aware,greedy_local_search,0.00047713648788910343,10.0,28,8,10,0.8,22.092502398416173,0.8192944795787893,0,0,3.8424913772642076e-05,True,chain8,"1.4 V, 200 ps",1
aware,cp_sat_exact,0.00047713648788910343,10.0,28,8,10,0.8,22.60582278118247,0.8121603837461362,0,0,3.8424913772642076e-05,True,chain8,"1.4 V, 200 ps",1
clean,utility_per_resource_greedy,0.0,10.0,30,8,10,0.8,26.41783333844742,0.8520163147040517,0,0,0.0,True,chain8,"1.4 V, 200 ps",2
clean,congestion_aware_greedy,0.0,10.0,30,8,10,0.8,26.41783333844742,0.8520163147040517,0,0,0.0,True,chain8,"1.4 V, 200 ps",2
clean,greedy_local_search,0.0,10.0,30,8,10,0.8,26.41783333844742,0.8520163147040517,0,0,0.0,True,chain8,"1.4 V, 200 ps",2
clean,cp_sat_exact,0.0,10.0,30,8,10,0.8,26.41783333844742,0.8520163147040517,0,0,0.0,True,chain8,"1.4 V, 200 ps",2
blind,utility_per_resource_greedy,0.00047713648788910343,10.0,30,8,10,0.8,26.414596275898983,0.8518914227622221,0,0,4.720558460545389e-05,True,chain8,"1.4 V, 200 ps",2
blind,congestion_aware_greedy,0.00047713648788910343,10.0,30,8,10,0.8,26.414596275898983,0.8518914227622221,0,0,4.720558460545389e-05,True,chain8,"1.4 V, 200 ps",2
blind,greedy_local_search,0.00047713648788910343,10.0,30,8,10,0.8,26.414596275898983,0.8518914227622221,0,0,4.720558460545389e-05,True,chain8,"1.4 V, 200 ps",2
blind,cp_sat_exact,0.00047713648788910343,10.0,30,8,10,0.8,26.414596275898983,0.8518914227622221,0,0,4.720558460545389e-05,True,chain8,"1.4 V, 200 ps",2
aware,utility_per_resource_greedy,0.00047713648788910343,10.0,30,8,10,0.8,26.414596275898983,0.8518914227622221,0,0,4.720558460545389e-05,True,chain8,"1.4 V, 200 ps",2
aware,congestion_aware_greedy,0.00047713648788910343,10.0,30,8,10,0.8,26.414596275898983,0.8518914227622221,0,0,4.720558460545389e-05,True,chain8,"1.4 V, 200 ps",2
aware,greedy_local_search,0.00047713648788910343,10.0,30,8,10,0.8,26.414596275898983,0.8518914227622221,0,0,4.720558460545389e-05,True,chain8,"1.4 V, 200 ps",2
aware,cp_sat_exact,0.00047713648788910343,10.0,30,8,10,0.8,26.414596275898983,0.8518914227622221,0,0,4.720558460545389e-05,True,chain8,"1.4 V, 200 ps",2
clean,utility_per_resource_greedy,0.0,10.0,19,5,10,0.5,19.07488266666667,0.9057066666666668,0,0,0.0,True,chain8,"1.4 V, 200 ps",3
clean,congestion_aware_greedy,0.0,10.0,19,5,10,0.5,19.07488266666667,0.9057066666666668,0,0,0.0,True,chain8,"1.4 V, 200 ps",3
clean,greedy_local_search,0.0,10.0,19,5,10,0.5,19.07488266666667,0.9057066666666668,0,0,0.0,True,chain8,"1.4 V, 200 ps",3
clean,cp_sat_exact,0.0,10.0,19,5,10,0.5,19.07488266666667,0.9057066666666668,0,0,0.0,True,chain8,"1.4 V, 200 ps",3
blind,utility_per_resource_greedy,0.00047713648788910343,10.0,19,5,10,0.5,19.07283402069137,0.9055798971792809,0,0,7.21030299107068e-05,True,chain8,"1.4 V, 200 ps",3
blind,congestion_aware_greedy,0.00047713648788910343,10.0,19,5,10,0.5,19.07283402069137,0.9055798971792809,0,0,7.21030299107068e-05,True,chain8,"1.4 V, 200 ps",3
blind,greedy_local_search,0.00047713648788910343,10.0,19,5,10,0.5,19.07283402069137,0.9055798971792809,0,0,7.21030299107068e-05,True,chain8,"1.4 V, 200 ps",3
blind,cp_sat_exact,0.00047713648788910343,10.0,19,5,10,0.5,19.07283402069137,0.9055798971792809,0,0,7.21030299107068e-05,True,chain8,"1.4 V, 200 ps",3
aware,utility_per_resource_greedy,0.00047713648788910343,10.0,19,5,10,0.5,19.07283402069137,0.9055798971792809,0,0,7.21030299107068e-05,True,chain8,"1.4 V, 200 ps",3
aware,congestion_aware_greedy,0.00047713648788910343,10.0,19,5,10,0.5,19.07283402069137,0.9055798971792809,0,0,7.21030299107068e-05,True,chain8,"1.4 V, 200 ps",3
aware,greedy_local_search,0.00047713648788910343,10.0,19,5,10,0.5,19.07283402069137,0.9055798971792809,0,0,7.21030299107068e-05,True,chain8,"1.4 V, 200 ps",3
aware,cp_sat_exact,0.00047713648788910343,10.0,19,5,10,0.5,19.07283402069137,0.9055798971792809,0,0,7.21030299107068e-05,True,chain8,"1.4 V, 200 ps",3
clean,utility_per_resource_greedy,0.0,10.0,19,5,10,0.5,14.115882000000001,0.87712,0,0,0.0,True,chain8,"1.4 V, 200 ps",4
clean,congestion_aware_greedy,0.0,10.0,19,5,10,0.5,15.33037455163857,0.8753671234893183,0,0,0.0,True,chain8,"1.4 V, 200 ps",4
clean,greedy_local_search,0.0,10.0,19,5,10,0.5,14.115882000000001,0.87712,0,0,0.0,True,chain8,"1.4 V, 200 ps",4
clean,cp_sat_exact,0.0,10.0,19,5,10,0.5,15.33037455163857,0.8753671234893183,0,0,0.0,True,chain8,"1.4 V, 200 ps",4
blind,utility_per_resource_greedy,0.00047713648788910343,10.0,19,5,10,0.5,14.114186792953836,0.876979803941716,0,0,7.656617216046855e-05,True,chain8,"1.4 V, 200 ps",4
blind,congestion_aware_greedy,0.00047713648788910343,10.0,19,5,10,0.5,15.327081369066235,0.8752216837128965,0,0,7.656617216046855e-05,True,chain8,"1.4 V, 200 ps",4
blind,greedy_local_search,0.00047713648788910343,10.0,19,5,10,0.5,14.114186792953836,0.876979803941716,0,0,7.656617216046855e-05,True,chain8,"1.4 V, 200 ps",4
blind,cp_sat_exact,0.00047713648788910343,10.0,19,5,10,0.5,15.327081369066235,0.8752216837128965,0,0,7.656617216046855e-05,True,chain8,"1.4 V, 200 ps",4
aware,utility_per_resource_greedy,0.00047713648788910343,10.0,19,5,10,0.5,14.114186792953836,0.876979803941716,0,0,7.656617216046855e-05,True,chain8,"1.4 V, 200 ps",4
aware,congestion_aware_greedy,0.00047713648788910343,10.0,19,5,10,0.5,15.327081369066235,0.8752216837128965,0,0,7.656617216046855e-05,True,chain8,"1.4 V, 200 ps",4
aware,greedy_local_search,0.00047713648788910343,10.0,19,5,10,0.5,14.114186792953836,0.876979803941716,0,0,7.656617216046855e-05,True,chain8,"1.4 V, 200 ps",4
aware,cp_sat_exact,0.00047713648788910343,10.0,19,5,10,0.5,15.327081369066235,0.8752216837128965,0,0,7.656617216046855e-05,True,chain8,"1.4 V, 200 ps",4
clean,utility_per_resource_greedy,0.0,10.0,27,7,10,0.7,25.89430592977265,0.8237861829870994,0,0,0.0,True,chain8,"1.4 V, 200 ps",5
clean,congestion_aware_greedy,0.0,10.0,27,7,10,0.7,25.89430592977265,0.8237861829870994,0,0,0.0,True,chain8,"1.4 V, 200 ps",5
clean,greedy_local_search,0.0,10.0,27,7,10,0.7,25.89430592977265,0.8237861829870994,0,0,0.0,True,chain8,"1.4 V, 200 ps",5
clean,cp_sat_exact,0.0,10.0,27,7,10,0.7,25.89430592977265,0.8237861829870994,0,0,0.0,True,chain8,"1.4 V, 200 ps",5
blind,utility_per_resource_greedy,0.00047713648788910343,10.0,27,7,10,0.7,25.8930965310664,0.8237402268782261,0,0,3.2234554002189396e-05,True,chain8,"1.4 V, 200 ps",5
blind,congestion_aware_greedy,0.00047713648788910343,10.0,27,7,10,0.7,25.8930965310664,0.8237402268782261,0,0,3.2234554002189396e-05,True,chain8,"1.4 V, 200 ps",5
blind,greedy_local_search,0.00047713648788910343,10.0,27,7,10,0.7,25.8930965310664,0.8237402268782261,0,0,3.2234554002189396e-05,True,chain8,"1.4 V, 200 ps",5
blind,cp_sat_exact,0.00047713648788910343,10.0,27,7,10,0.7,25.8930965310664,0.8237402268782261,0,0,3.2234554002189396e-05,True,chain8,"1.4 V, 200 ps",5
aware,utility_per_resource_greedy,0.00047713648788910343,10.0,27,7,10,0.7,25.8930965310664,0.8237402268782261,0,0,3.2234554002189396e-05,True,chain8,"1.4 V, 200 ps",5
aware,congestion_aware_greedy,0.00047713648788910343,10.0,27,7,10,0.7,25.8930965310664,0.8237402268782261,0,0,3.2234554002189396e-05,True,chain8,"1.4 V, 200 ps",5
aware,greedy_local_search,0.00047713648788910343,10.0,27,7,10,0.7,25.8930965310664,0.8237402268782261,0,0,3.2234554002189396e-05,True,chain8,"1.4 V, 200 ps",5
aware,cp_sat_exact,0.00047713648788910343,10.0,27,7,10,0.7,25.8930965310664,0.8237402268782261,0,0,3.2234554002189396e-05,True,chain8,"1.4 V, 200 ps",5
clean,utility_per_resource_greedy,0.0,10.0,20,5,10,0.5,15.624181191111113,0.8643512888888889,0,0,0.0,True,chain8,"1.4 V, 200 ps",6
clean,congestion_aware_greedy,0.0,10.0,20,5,10,0.5,17.309559275495772,0.8724370203123776,0,0,0.0,True,chain8,"1.4 V, 200 ps",6
clean,greedy_local_search,0.0,10.0,20,5,10,0.5,15.624181191111113,0.8643512888888889,0,0,0.0,True,chain8,"1.4 V, 200 ps",6
clean,cp_sat_exact,0.0,10.0,20,5,10,0.5,17.309559275495772,0.8724370203123776,0,0,0.0,True,chain8,"1.4 V, 200 ps",6
blind,utility_per_resource_greedy,0.00047713648788910343,10.0,20,5,10,0.5,15.621820380793805,0.8642077349980566,0,0,4.9493979676193e-05,True,chain8,"1.4 V, 200 ps",6
blind,congestion_aware_greedy,0.00047713648788910343,10.0,20,5,10,0.5,17.30558510917111,0.8723025907225924,0,0,4.9493979676193e-05,True,chain8,"1.4 V, 200 ps",6
blind,greedy_local_search,0.00047713648788910343,10.0,20,5,10,0.5,15.621820380793805,0.8642077349980566,0,0,4.9493979676193e-05,True,chain8,"1.4 V, 200 ps",6
blind,cp_sat_exact,0.00047713648788910343,10.0,20,5,10,0.5,17.30558510917111,0.8723025907225924,0,0,4.9493979676193e-05,True,chain8,"1.4 V, 200 ps",6
aware,utility_per_resource_greedy,0.00047713648788910343,10.0,20,5,10,0.5,15.621820380793805,0.8642077349980566,0,0,4.9493979676193e-05,True,chain8,"1.4 V, 200 ps",6
aware,congestion_aware_greedy,0.00047713648788910343,10.0,20,5,10,0.5,17.30558510917111,0.8723025907225924,0,0,4.9493979676193e-05,True,chain8,"1.4 V, 200 ps",6
aware,greedy_local_search,0.00047713648788910343,10.0,20,5,10,0.5,15.621820380793805,0.8642077349980566,0,0,4.9493979676193e-05,True,chain8,"1.4 V, 200 ps",6
aware,cp_sat_exact,0.00047713648788910343,10.0,20,5,10,0.5,17.30558510917111,0.8723025907225924,0,0,4.9493979676193e-05,True,chain8,"1.4 V, 200 ps",6
clean,utility_per_resource_greedy,0.0,10.0,25,4,10,0.4,12.463333093333333,0.8344782222222222,0,0,0.0,True,chain8,"1.4 V, 200 ps",7
clean,congestion_aware_greedy,0.0,10.0,25,4,10,0.4,12.463333093333333,0.8344782222222222,0,0,0.0,True,chain8,"1.4 V, 200 ps",7
clean,greedy_local_search,0.0,10.0,25,4,10,0.4,12.463333093333333,0.8344782222222222,0,0,0.0,True,chain8,"1.4 V, 200 ps",7
clean,cp_sat_exact,0.0,10.0,25,4,10,0.4,12.463333093333333,0.8344782222222222,0,0,0.0,True,chain8,"1.4 V, 200 ps",7
blind,utility_per_resource_greedy,0.00047713648788910343,10.0,25,4,10,0.4,12.461898288423125,0.834348290166296,0,0,7.66036106643529e-05,True,chain8,"1.4 V, 200 ps",7
blind,congestion_aware_greedy,0.00047713648788910343,10.0,25,4,10,0.4,12.461898288423125,0.834348290166296,0,0,7.66036106643529e-05,True,chain8,"1.4 V, 200 ps",7
blind,greedy_local_search,0.00047713648788910343,10.0,25,4,10,0.4,12.461898288423125,0.834348290166296,0,0,7.66036106643529e-05,True,chain8,"1.4 V, 200 ps",7
blind,cp_sat_exact,0.00047713648788910343,10.0,25,4,10,0.4,12.461898288423125,0.834348290166296,0,0,7.66036106643529e-05,True,chain8,"1.4 V, 200 ps",7
aware,utility_per_resource_greedy,0.00047713648788910343,10.0,25,4,10,0.4,12.461898288423125,0.834348290166296,0,0,7.66036106643529e-05,True,chain8,"1.4 V, 200 ps",7
aware,congestion_aware_greedy,0.00047713648788910343,10.0,25,4,10,0.4,12.461898288423125,0.834348290166296,0,0,7.66036106643529e-05,True,chain8,"1.4 V, 200 ps",7
aware,greedy_local_search,0.00047713648788910343,10.0,25,4,10,0.4,12.461898288423125,0.834348290166296,0,0,7.66036106643529e-05,True,chain8,"1.4 V, 200 ps",7
aware,cp_sat_exact,0.00047713648788910343,10.0,25,4,10,0.4,12.461898288423125,0.834348290166296,0,0,7.66036106643529e-05,True,chain8,"1.4 V, 200 ps",7
clean,utility_per_resource_greedy,0.0,10.0,28,8,10,0.8,19.193954030870817,0.8199928954447925,0,0,0.0,True,chain8,"1.4 V, 200 ps",8
clean,congestion_aware_greedy,0.0,10.0,28,8,10,0.8,19.193954030870817,0.8199928954447925,0,0,0.0,True,chain8,"1.4 V, 200 ps",8
clean,greedy_local_search,0.0,10.0,28,8,10,0.8,19.193954030870817,0.8199928954447925,0,0,0.0,True,chain8,"1.4 V, 200 ps",8
clean,cp_sat_exact,0.0,10.0,28,8,10,0.8,19.193954030870817,0.8199928954447925,0,0,0.0,True,chain8,"1.4 V, 200 ps",8
blind,utility_per_resource_greedy,0.00047713648788910343,10.0,28,8,10,0.8,19.191497194363038,0.8198777791165067,0,0,6.0122963817711905e-05,True,chain8,"1.4 V, 200 ps",8
blind,congestion_aware_greedy,0.00047713648788910343,10.0,28,8,10,0.8,19.191497194363038,0.8198777791165067,0,0,6.0122963817711905e-05,True,chain8,"1.4 V, 200 ps",8
blind,greedy_local_search,0.00047713648788910343,10.0,28,8,10,0.8,19.191497194363038,0.8198777791165067,0,0,6.0122963817711905e-05,True,chain8,"1.4 V, 200 ps",8
blind,cp_sat_exact,0.00047713648788910343,10.0,28,8,10,0.8,19.191497194363038,0.8198777791165067,0,0,6.0122963817711905e-05,True,chain8,"1.4 V, 200 ps",8
aware,utility_per_resource_greedy,0.00047713648788910343,10.0,28,8,10,0.8,19.191497194363038,0.8198777791165067,0,0,6.0122963817711905e-05,True,chain8,"1.4 V, 200 ps",8
aware,congestion_aware_greedy,0.00047713648788910343,10.0,28,8,10,0.8,19.191497194363038,0.8198777791165067,0,0,6.0122963817711905e-05,True,chain8,"1.4 V, 200 ps",8
aware,greedy_local_search,0.00047713648788910343,10.0,28,8,10,0.8,19.191497194363038,0.8198777791165067,0,0,6.0122963817711905e-05,True,chain8,"1.4 V, 200 ps",8
aware,cp_sat_exact,0.00047713648788910343,10.0,28,8,10,0.8,19.191497194363038,0.8198777791165067,0,0,6.0122963817711905e-05,True,chain8,"1.4 V, 200 ps",8
clean,utility_per_resource_greedy,0.0,10.0,25,7,10,0.7,16.619050441897087,0.818016978940388,0,0,0.0,True,chain8,"1.4 V, 200 ps",9
clean,congestion_aware_greedy,0.0,10.0,25,7,10,0.7,16.619050441897087,0.818016978940388,0,0,0.0,True,chain8,"1.4 V, 200 ps",9
clean,greedy_local_search,0.0,10.0,25,7,10,0.7,16.619050441897087,0.818016978940388,0,0,0.0,True,chain8,"1.4 V, 200 ps",9
clean,cp_sat_exact,0.0,10.0,25,7,10,0.7,18.58455532983236,0.770949910030733,0,0,0.0,True,chain8,"1.4 V, 200 ps",9
blind,utility_per_resource_greedy,0.00047713648788910343,10.0,25,7,10,0.7,16.617270626627963,0.8178981990948518,0,0,5.850765709556972e-05,True,chain8,"1.4 V, 200 ps",9
blind,congestion_aware_greedy,0.00047713648788910343,10.0,25,7,10,0.7,16.617270626627963,0.8178981990948518,0,0,5.850765709556972e-05,True,chain8,"1.4 V, 200 ps",9
blind,greedy_local_search,0.00047713648788910343,10.0,25,7,10,0.7,16.617270626627963,0.8178981990948518,0,0,5.850765709556972e-05,True,chain8,"1.4 V, 200 ps",9
blind,cp_sat_exact,0.00047713648788910343,10.0,25,7,10,0.7,18.581920396979275,0.7708075249218481,0,0,5.850765709556972e-05,True,chain8,"1.4 V, 200 ps",9
aware,utility_per_resource_greedy,0.00047713648788910343,10.0,25,7,10,0.7,16.617270626627963,0.8178981990948518,0,0,5.850765709556972e-05,True,chain8,"1.4 V, 200 ps",9
aware,congestion_aware_greedy,0.00047713648788910343,10.0,25,7,10,0.7,16.617270626627963,0.8178981990948518,0,0,5.850765709556972e-05,True,chain8,"1.4 V, 200 ps",9
aware,greedy_local_search,0.00047713648788910343,10.0,25,7,10,0.7,16.617270626627963,0.8178981990948518,0,0,5.850765709556972e-05,True,chain8,"1.4 V, 200 ps",9
aware,cp_sat_exact,0.00047713648788910343,10.0,25,7,10,0.7,18.581920396979275,0.7708075249218481,0,0,5.850765709556972e-05,True,chain8,"1.4 V, 200 ps",9
clean,utility_per_resource_greedy,0.0,20.0,18,4,10,0.4,6.074772169400614,0.8602466475654689,0,0,0.0,True,chain8,"1.4 V, 200 ps",0
clean,congestion_aware_greedy,0.0,20.0,18,4,10,0.4,6.074772169400614,0.8602466475654689,0,0,0.0,True,chain8,"1.4 V, 200 ps",0
clean,greedy_local_search,0.0,20.0,18,4,10,0.4,6.074772169400614,0.8602466475654689,0,0,0.0,True,chain8,"1.4 V, 200 ps",0
clean,cp_sat_exact,0.0,20.0,18,4,10,0.4,6.074772169400614,0.8602466475654689,0,0,0.0,True,chain8,"1.4 V, 200 ps",0
blind,utility_per_resource_greedy,4.771364878891034e-05,20.0,18,4,10,0.4,6.074660897333666,0.860241294882438,0,0,2.7138667970185082e-06,True,chain8,"1.4 V, 200 ps",0
blind,congestion_aware_greedy,4.771364878891034e-05,20.0,18,4,10,0.4,6.074660897333666,0.860241294882438,0,0,2.7138667970185082e-06,True,chain8,"1.4 V, 200 ps",0
blind,greedy_local_search,4.771364878891034e-05,20.0,18,4,10,0.4,6.074660897333666,0.860241294882438,0,0,2.7138667970185082e-06,True,chain8,"1.4 V, 200 ps",0
blind,cp_sat_exact,4.771364878891034e-05,20.0,18,4,10,0.4,6.074660897333666,0.860241294882438,0,0,2.7138667970185082e-06,True,chain8,"1.4 V, 200 ps",0
aware,utility_per_resource_greedy,4.771364878891034e-05,20.0,18,4,10,0.4,6.074660897333666,0.860241294882438,0,0,2.7138667970185082e-06,True,chain8,"1.4 V, 200 ps",0
aware,congestion_aware_greedy,4.771364878891034e-05,20.0,18,4,10,0.4,6.074660897333666,0.860241294882438,0,0,2.7138667970185082e-06,True,chain8,"1.4 V, 200 ps",0
aware,greedy_local_search,4.771364878891034e-05,20.0,18,4,10,0.4,6.074660897333666,0.860241294882438,0,0,2.7138667970185082e-06,True,chain8,"1.4 V, 200 ps",0
aware,cp_sat_exact,4.771364878891034e-05,20.0,18,4,10,0.4,6.074660897333666,0.860241294882438,0,0,2.7138667970185082e-06,True,chain8,"1.4 V, 200 ps",0
clean,utility_per_resource_greedy,0.0,20.0,28,8,10,0.8,22.09433295099259,0.8193685807407407,0,0,0.0,True,chain8,"1.4 V, 200 ps",1
clean,congestion_aware_greedy,0.0,20.0,28,8,10,0.8,22.607824978725926,0.8122393837037037,0,0,0.0,True,chain8,"1.4 V, 200 ps",1
clean,greedy_local_search,0.0,20.0,28,8,10,0.8,22.09433295099259,0.8193685807407407,0,0,0.0,True,chain8,"1.4 V, 200 ps",1
clean,cp_sat_exact,0.0,20.0,28,8,10,0.8,22.607824978725926,0.8122393837037037,0,0,0.0,True,chain8,"1.4 V, 200 ps",1
blind,utility_per_resource_greedy,4.771364878891034e-05,20.0,28,8,10,0.8,22.094149873507416,0.8193611697387612,0,0,3.8428160927330064e-06,True,chain8,"1.4 V, 200 ps",1
blind,congestion_aware_greedy,4.771364878891034e-05,20.0,28,8,10,0.8,22.607624732540422,0.8122314826539938,0,0,3.8428160927330064e-06,True,chain8,"1.4 V, 200 ps",1
blind,greedy_local_search,4.771364878891034e-05,20.0,28,8,10,0.8,22.094149873507416,0.8193611697387612,0,0,3.8428160927330064e-06,True,chain8,"1.4 V, 200 ps",1
blind,cp_sat_exact,4.771364878891034e-05,20.0,28,8,10,0.8,22.607624732540422,0.8122314826539938,0,0,3.8428160927330064e-06,True,chain8,"1.4 V, 200 ps",1
aware,utility_per_resource_greedy,4.771364878891034e-05,20.0,28,8,10,0.8,22.094149873507416,0.8193611697387612,0,0,3.8428160927330064e-06,True,chain8,"1.4 V, 200 ps",1
aware,congestion_aware_greedy,4.771364878891034e-05,20.0,28,8,10,0.8,22.607624732540422,0.8122314826539938,0,0,3.8428160927330064e-06,True,chain8,"1.4 V, 200 ps",1
aware,greedy_local_search,4.771364878891034e-05,20.0,28,8,10,0.8,22.094149873507416,0.8193611697387612,0,0,3.8428160927330064e-06,True,chain8,"1.4 V, 200 ps",1
aware,cp_sat_exact,4.771364878891034e-05,20.0,28,8,10,0.8,22.607624732540422,0.8122314826539938,0,0,3.8428160927330064e-06,True,chain8,"1.4 V, 200 ps",1
clean,utility_per_resource_greedy,0.0,20.0,30,8,10,0.8,26.41783333844742,0.8520163147040517,0,0,0.0,True,chain8,"1.4 V, 200 ps",2
clean,congestion_aware_greedy,0.0,20.0,30,8,10,0.8,26.41783333844742,0.8520163147040517,0,0,0.0,True,chain8,"1.4 V, 200 ps",2
clean,greedy_local_search,0.0,20.0,30,8,10,0.8,26.41783333844742,0.8520163147040517,0,0,0.0,True,chain8,"1.4 V, 200 ps",2
clean,cp_sat_exact,0.0,20.0,30,8,10,0.8,26.41783333844742,0.8520163147040517,0,0,0.0,True,chain8,"1.4 V, 200 ps",2
blind,utility_per_resource_greedy,4.771364878891034e-05,20.0,30,8,10,0.8,26.417509558414586,0.8520038225847564,0,0,4.721263394616823e-06,True,chain8,"1.4 V, 200 ps",2
blind,congestion_aware_greedy,4.771364878891034e-05,20.0,30,8,10,0.8,26.417509558414586,0.8520038225847564,0,0,4.721263394616823e-06,True,chain8,"1.4 V, 200 ps",2
blind,greedy_local_search,4.771364878891034e-05,20.0,30,8,10,0.8,26.417509558414586,0.8520038225847564,0,0,4.721263394616823e-06,True,chain8,"1.4 V, 200 ps",2
blind,cp_sat_exact,4.771364878891034e-05,20.0,30,8,10,0.8,26.417509558414586,0.8520038225847564,0,0,4.721263394616823e-06,True,chain8,"1.4 V, 200 ps",2
aware,utility_per_resource_greedy,4.771364878891034e-05,20.0,30,8,10,0.8,26.417509558414586,0.8520038225847564,0,0,4.721263394616823e-06,True,chain8,"1.4 V, 200 ps",2
aware,congestion_aware_greedy,4.771364878891034e-05,20.0,30,8,10,0.8,26.417509558414586,0.8520038225847564,0,0,4.721263394616823e-06,True,chain8,"1.4 V, 200 ps",2
aware,greedy_local_search,4.771364878891034e-05,20.0,30,8,10,0.8,26.417509558414586,0.8520038225847564,0,0,4.721263394616823e-06,True,chain8,"1.4 V, 200 ps",2
aware,cp_sat_exact,4.771364878891034e-05,20.0,30,8,10,0.8,26.417509558414586,0.8520038225847564,0,0,4.721263394616823e-06,True,chain8,"1.4 V, 200 ps",2
clean,utility_per_resource_greedy,0.0,20.0,19,5,10,0.5,19.07488266666667,0.9057066666666668,0,0,0.0,True,chain8,"1.4 V, 200 ps",3
clean,congestion_aware_greedy,0.0,20.0,19,5,10,0.5,19.07488266666667,0.9057066666666668,0,0,0.0,True,chain8,"1.4 V, 200 ps",3
clean,greedy_local_search,0.0,20.0,19,5,10,0.5,19.07488266666667,0.9057066666666668,0,0,0.0,True,chain8,"1.4 V, 200 ps",3
clean,cp_sat_exact,0.0,20.0,19,5,10,0.5,19.07488266666667,0.9057066666666668,0,0,0.0,True,chain8,"1.4 V, 200 ps",3
blind,utility_per_resource_greedy,4.771364878891034e-05,20.0,19,5,10,0.5,19.07467775643913,0.905693986888077,0,0,7.211356032464446e-06,True,chain8,"1.4 V, 200 ps",3
blind,congestion_aware_greedy,4.771364878891034e-05,20.0,19,5,10,0.5,19.07467775643913,0.905693986888077,0,0,7.211356032464446e-06,True,chain8,"1.4 V, 200 ps",3
blind,greedy_local_search,4.771364878891034e-05,20.0,19,5,10,0.5,19.07467775643913,0.905693986888077,0,0,7.211356032464446e-06,True,chain8,"1.4 V, 200 ps",3
blind,cp_sat_exact,4.771364878891034e-05,20.0,19,5,10,0.5,19.07467775643913,0.905693986888077,0,0,7.211356032464446e-06,True,chain8,"1.4 V, 200 ps",3
aware,utility_per_resource_greedy,4.771364878891034e-05,20.0,19,5,10,0.5,19.07467775643913,0.905693986888077,0,0,7.211356032464446e-06,True,chain8,"1.4 V, 200 ps",3
aware,congestion_aware_greedy,4.771364878891034e-05,20.0,19,5,10,0.5,19.07467775643913,0.905693986888077,0,0,7.211356032464446e-06,True,chain8,"1.4 V, 200 ps",3
aware,greedy_local_search,4.771364878891034e-05,20.0,19,5,10,0.5,19.07467775643913,0.905693986888077,0,0,7.211356032464446e-06,True,chain8,"1.4 V, 200 ps",3
aware,cp_sat_exact,4.771364878891034e-05,20.0,19,5,10,0.5,19.07467775643913,0.905693986888077,0,0,7.211356032464446e-06,True,chain8,"1.4 V, 200 ps",3
clean,utility_per_resource_greedy,0.0,20.0,19,5,10,0.5,14.115882000000001,0.87712,0,0,0.0,True,chain8,"1.4 V, 200 ps",4
clean,congestion_aware_greedy,0.0,20.0,19,5,10,0.5,15.33037455163857,0.8753671234893183,0,0,0.0,True,chain8,"1.4 V, 200 ps",4
clean,greedy_local_search,0.0,20.0,19,5,10,0.5,14.115882000000001,0.87712,0,0,0.0,True,chain8,"1.4 V, 200 ps",4
clean,cp_sat_exact,0.0,20.0,19,5,10,0.5,15.33037455163857,0.8753671234893183,0,0,0.0,True,chain8,"1.4 V, 200 ps",4
blind,utility_per_resource_greedy,4.771364878891034e-05,20.0,19,5,10,0.5,14.11571245011839,0.8771059779410981,0,0,7.657567100352988e-06,True,chain8,"1.4 V, 200 ps",4
blind,congestion_aware_greedy,4.771364878891034e-05,20.0,19,5,10,0.5,15.330045141625753,0.8753525771960126,0,0,7.657567100352988e-06,True,chain8,"1.4 V, 200 ps",4
blind,greedy_local_search,4.771364878891034e-05,20.0,19,5,10,0.5,14.11571245011839,0.8771059779410981,0,0,7.657567100352988e-06,True,chain8,"1.4 V, 200 ps",4
blind,cp_sat_exact,4.771364878891034e-05,20.0,19,5,10,0.5,15.330045141625753,0.8753525771960126,0,0,7.657567100352988e-06,True,chain8,"1.4 V, 200 ps",4
aware,utility_per_resource_greedy,4.771364878891034e-05,20.0,19,5,10,0.5,14.11571245011839,0.8771059779410981,0,0,7.657567100352988e-06,True,chain8,"1.4 V, 200 ps",4
aware,congestion_aware_greedy,4.771364878891034e-05,20.0,19,5,10,0.5,15.330045141625753,0.8753525771960126,0,0,7.657567100352988e-06,True,chain8,"1.4 V, 200 ps",4
aware,greedy_local_search,4.771364878891034e-05,20.0,19,5,10,0.5,14.11571245011839,0.8771059779410981,0,0,7.657567100352988e-06,True,chain8,"1.4 V, 200 ps",4
aware,cp_sat_exact,4.771364878891034e-05,20.0,19,5,10,0.5,15.330045141625753,0.8753525771960126,0,0,7.657567100352988e-06,True,chain8,"1.4 V, 200 ps",4
clean,utility_per_resource_greedy,0.0,20.0,27,7,10,0.7,25.89430592977265,0.8237861829870994,0,0,0.0,True,chain8,"1.4 V, 200 ps",5
clean,congestion_aware_greedy,0.0,20.0,27,7,10,0.7,25.89430592977265,0.8237861829870994,0,0,0.0,True,chain8,"1.4 V, 200 ps",5
clean,greedy_local_search,0.0,20.0,27,7,10,0.7,25.89430592977265,0.8237861829870994,0,0,0.0,True,chain8,"1.4 V, 200 ps",5
clean,cp_sat_exact,0.0,20.0,27,7,10,0.7,25.89430592977265,0.8237861829870994,0,0,0.0,True,chain8,"1.4 V, 200 ps",5
blind,utility_per_resource_greedy,4.771364878891034e-05,20.0,27,7,10,0.7,25.894184968933505,0.8237815866105171,0,0,3.2239494265023135e-06,True,chain8,"1.4 V, 200 ps",5
blind,congestion_aware_greedy,4.771364878891034e-05,20.0,27,7,10,0.7,25.894184968933505,0.8237815866105171,0,0,3.2239494265023135e-06,True,chain8,"1.4 V, 200 ps",5
blind,greedy_local_search,4.771364878891034e-05,20.0,27,7,10,0.7,25.894184968933505,0.8237815866105171,0,0,3.2239494265023135e-06,True,chain8,"1.4 V, 200 ps",5
blind,cp_sat_exact,4.771364878891034e-05,20.0,27,7,10,0.7,25.894184968933505,0.8237815866105171,0,0,3.2239494265023135e-06,True,chain8,"1.4 V, 200 ps",5
aware,utility_per_resource_greedy,4.771364878891034e-05,20.0,27,7,10,0.7,25.894184968933505,0.8237815866105171,0,0,3.2239494265023135e-06,True,chain8,"1.4 V, 200 ps",5
aware,congestion_aware_greedy,4.771364878891034e-05,20.0,27,7,10,0.7,25.894184968933505,0.8237815866105171,0,0,3.2239494265023135e-06,True,chain8,"1.4 V, 200 ps",5
aware,greedy_local_search,4.771364878891034e-05,20.0,27,7,10,0.7,25.894184968933505,0.8237815866105171,0,0,3.2239494265023135e-06,True,chain8,"1.4 V, 200 ps",5
aware,cp_sat_exact,4.771364878891034e-05,20.0,27,7,10,0.7,25.894184968933505,0.8237815866105171,0,0,3.2239494265023135e-06,True,chain8,"1.4 V, 200 ps",5
clean,utility_per_resource_greedy,0.0,20.0,20,5,10,0.5,15.624181191111113,0.8643512888888889,0,0,0.0,True,chain8,"1.4 V, 200 ps",6
clean,congestion_aware_greedy,0.0,20.0,20,5,10,0.5,17.309559275495772,0.8724370203123776,0,0,0.0,True,chain8,"1.4 V, 200 ps",6
clean,greedy_local_search,0.0,20.0,20,5,10,0.5,15.624181191111113,0.8643512888888889,0,0,0.0,True,chain8,"1.4 V, 200 ps",6
clean,cp_sat_exact,0.0,20.0,20,5,10,0.5,17.309559275495772,0.8724370203123776,0,0,0.0,True,chain8,"1.4 V, 200 ps",6
blind,utility_per_resource_greedy,4.771364878891034e-05,20.0,20,5,10,0.5,15.623945054440279,0.8643369302249916,0,0,4.950115371573004e-06,True,chain8,"1.4 V, 200 ps",6
blind,congestion_aware_greedy,4.771364878891034e-05,20.0,20,5,10,0.5,17.30916173820617,0.8724235748788125,0,0,4.950115371573004e-06,True,chain8,"1.4 V, 200 ps",6
blind,greedy_local_search,4.771364878891034e-05,20.0,20,5,10,0.5,15.623945054440279,0.8643369302249916,0,0,4.950115371573004e-06,True,chain8,"1.4 V, 200 ps",6
blind,cp_sat_exact,4.771364878891034e-05,20.0,20,5,10,0.5,17.30916173820617,0.8724235748788125,0,0,4.950115371573004e-06,True,chain8,"1.4 V, 200 ps",6
aware,utility_per_resource_greedy,4.771364878891034e-05,20.0,20,5,10,0.5,15.623945054440279,0.8643369302249916,0,0,4.950115371573004e-06,True,chain8,"1.4 V, 200 ps",6
aware,congestion_aware_greedy,4.771364878891034e-05,20.0,20,5,10,0.5,17.30916173820617,0.8724235748788125,0,0,4.950115371573004e-06,True,chain8,"1.4 V, 200 ps",6
aware,greedy_local_search,4.771364878891034e-05,20.0,20,5,10,0.5,15.623945054440279,0.8643369302249916,0,0,4.950115371573004e-06,True,chain8,"1.4 V, 200 ps",6
aware,cp_sat_exact,4.771364878891034e-05,20.0,20,5,10,0.5,17.30916173820617,0.8724235748788125,0,0,4.950115371573004e-06,True,chain8,"1.4 V, 200 ps",6
clean,utility_per_resource_greedy,0.0,20.0,25,4,10,0.4,12.463333093333333,0.8344782222222222,0,0,0.0,True,chain8,"1.4 V, 200 ps",7
clean,congestion_aware_greedy,0.0,20.0,25,4,10,0.4,12.463333093333333,0.8344782222222222,0,0,0.0,True,chain8,"1.4 V, 200 ps",7
clean,greedy_local_search,0.0,20.0,25,4,10,0.4,12.463333093333333,0.8344782222222222,0,0,0.0,True,chain8,"1.4 V, 200 ps",7
clean,cp_sat_exact,0.0,20.0,25,4,10,0.4,12.463333093333333,0.8344782222222222,0,0,0.0,True,chain8,"1.4 V, 200 ps",7
blind,utility_per_resource_greedy,4.771364878891034e-05,20.0,25,4,10,0.4,12.463189592417782,0.8344652271032396,0,0,7.66136366928524e-06,True,chain8,"1.4 V, 200 ps",7
blind,congestion_aware_greedy,4.771364878891034e-05,20.0,25,4,10,0.4,12.463189592417782,0.8344652271032396,0,0,7.66136366928524e-06,True,chain8,"1.4 V, 200 ps",7
blind,greedy_local_search,4.771364878891034e-05,20.0,25,4,10,0.4,12.463189592417782,0.8344652271032396,0,0,7.66136366928524e-06,True,chain8,"1.4 V, 200 ps",7
blind,cp_sat_exact,4.771364878891034e-05,20.0,25,4,10,0.4,12.463189592417782,0.8344652271032396,0,0,7.66136366928524e-06,True,chain8,"1.4 V, 200 ps",7
aware,utility_per_resource_greedy,4.771364878891034e-05,20.0,25,4,10,0.4,12.463189592417782,0.8344652271032396,0,0,7.66136366928524e-06,True,chain8,"1.4 V, 200 ps",7
aware,congestion_aware_greedy,4.771364878891034e-05,20.0,25,4,10,0.4,12.463189592417782,0.8344652271032396,0,0,7.66136366928524e-06,True,chain8,"1.4 V, 200 ps",7
aware,greedy_local_search,4.771364878891034e-05,20.0,25,4,10,0.4,12.463189592417782,0.8344652271032396,0,0,7.66136366928524e-06,True,chain8,"1.4 V, 200 ps",7
aware,cp_sat_exact,4.771364878891034e-05,20.0,25,4,10,0.4,12.463189592417782,0.8344652271032396,0,0,7.66136366928524e-06,True,chain8,"1.4 V, 200 ps",7
clean,utility_per_resource_greedy,0.0,20.0,28,8,10,0.8,19.193954030870817,0.8199928954447925,0,0,0.0,True,chain8,"1.4 V, 200 ps",8
clean,congestion_aware_greedy,0.0,20.0,28,8,10,0.8,19.193954030870817,0.8199928954447925,0,0,0.0,True,chain8,"1.4 V, 200 ps",8
clean,greedy_local_search,0.0,20.0,28,8,10,0.8,19.193954030870817,0.8199928954447925,0,0,0.0,True,chain8,"1.4 V, 200 ps",8
clean,cp_sat_exact,0.0,20.0,28,8,10,0.8,19.193954030870817,0.8199928954447925,0,0,0.0,True,chain8,"1.4 V, 200 ps",8
blind,utility_per_resource_greedy,4.771364878891034e-05,20.0,28,8,10,0.8,19.19370829157237,0.8199813815667328,0,0,6.013016540494322e-06,True,chain8,"1.4 V, 200 ps",8
blind,congestion_aware_greedy,4.771364878891034e-05,20.0,28,8,10,0.8,19.19370829157237,0.8199813815667328,0,0,6.013016540494322e-06,True,chain8,"1.4 V, 200 ps",8
blind,greedy_local_search,4.771364878891034e-05,20.0,28,8,10,0.8,19.19370829157237,0.8199813815667328,0,0,6.013016540494322e-06,True,chain8,"1.4 V, 200 ps",8
blind,cp_sat_exact,4.771364878891034e-05,20.0,28,8,10,0.8,19.19370829157237,0.8199813815667328,0,0,6.013016540494322e-06,True,chain8,"1.4 V, 200 ps",8
aware,utility_per_resource_greedy,4.771364878891034e-05,20.0,28,8,10,0.8,19.19370829157237,0.8199813815667328,0,0,6.013016540494322e-06,True,chain8,"1.4 V, 200 ps",8
aware,congestion_aware_greedy,4.771364878891034e-05,20.0,28,8,10,0.8,19.19370829157237,0.8199813815667328,0,0,6.013016540494322e-06,True,chain8,"1.4 V, 200 ps",8
aware,greedy_local_search,4.771364878891034e-05,20.0,28,8,10,0.8,19.19370829157237,0.8199813815667328,0,0,6.013016540494322e-06,True,chain8,"1.4 V, 200 ps",8
aware,cp_sat_exact,4.771364878891034e-05,20.0,28,8,10,0.8,19.19370829157237,0.8199813815667328,0,0,6.013016540494322e-06,True,chain8,"1.4 V, 200 ps",8
clean,utility_per_resource_greedy,0.0,20.0,25,7,10,0.7,16.619050441897087,0.818016978940388,0,0,0.0,True,chain8,"1.4 V, 200 ps",9
clean,congestion_aware_greedy,0.0,20.0,25,7,10,0.7,16.619050441897087,0.818016978940388,0,0,0.0,True,chain8,"1.4 V, 200 ps",9
clean,greedy_local_search,0.0,20.0,25,7,10,0.7,16.619050441897087,0.818016978940388,0,0,0.0,True,chain8,"1.4 V, 200 ps",9
clean,cp_sat_exact,0.0,20.0,25,7,10,0.7,18.58455532983236,0.770949910030733,0,0,0.0,True,chain8,"1.4 V, 200 ps",9
blind,utility_per_resource_greedy,4.771364878891034e-05,20.0,25,7,10,0.7,16.61887241989076,0.8180050981747028,0,0,5.851607035684785e-06,True,chain8,"1.4 V, 200 ps",9
blind,congestion_aware_greedy,4.771364878891034e-05,20.0,25,7,10,0.7,16.61887241989076,0.8180050981747028,0,0,5.851607035684785e-06,True,chain8,"1.4 V, 200 ps",9
blind,greedy_local_search,4.771364878891034e-05,20.0,25,7,10,0.7,16.61887241989076,0.8180050981747028,0,0,5.851607035684785e-06,True,chain8,"1.4 V, 200 ps",9
blind,cp_sat_exact,4.771364878891034e-05,20.0,25,7,10,0.7,18.584291765638078,0.7709356677759925,0,0,5.851607035684785e-06,True,chain8,"1.4 V, 200 ps",9
aware,utility_per_resource_greedy,4.771364878891034e-05,20.0,25,7,10,0.7,16.61887241989076,0.8180050981747028,0,0,5.851607035684785e-06,True,chain8,"1.4 V, 200 ps",9
aware,congestion_aware_greedy,4.771364878891034e-05,20.0,25,7,10,0.7,16.61887241989076,0.8180050981747028,0,0,5.851607035684785e-06,True,chain8,"1.4 V, 200 ps",9
aware,greedy_local_search,4.771364878891034e-05,20.0,25,7,10,0.7,16.61887241989076,0.8180050981747028,0,0,5.851607035684785e-06,True,chain8,"1.4 V, 200 ps",9
aware,cp_sat_exact,4.771364878891034e-05,20.0,25,7,10,0.7,18.584291765638078,0.7709356677759925,0,0,5.851607035684785e-06,True,chain8,"1.4 V, 200 ps",9
clean,utility_per_resource_greedy,0.0,0.0,18,4,10,0.4,6.074772169400614,0.8602466475654689,0,0,0.0,True,chain8,"1.4 V, 1.6 ns",0
clean,congestion_aware_greedy,0.0,0.0,18,4,10,0.4,6.074772169400614,0.8602466475654689,0,0,0.0,True,chain8,"1.4 V, 1.6 ns",0
clean,greedy_local_search,0.0,0.0,18,4,10,0.4,6.074772169400614,0.8602466475654689,0,0,0.0,True,chain8,"1.4 V, 1.6 ns",0
clean,cp_sat_exact,0.0,0.0,18,4,10,0.4,6.074772169400614,0.8602466475654689,0,0,0.0,True,chain8,"1.4 V, 1.6 ns",0
blind,utility_per_resource_greedy,0.03882399185758208,0.0,17,4,10,0.4,5.985653213507607,0.8559211347417379,0,0,0.0021981300637592565,True,chain8,"1.4 V, 1.6 ns",0
blind,congestion_aware_greedy,0.03882399185758208,0.0,17,4,10,0.4,5.985653213507607,0.8559211347417379,0,0,0.0021981300637592565,True,chain8,"1.4 V, 1.6 ns",0
blind,greedy_local_search,0.03882399185758208,0.0,17,4,10,0.4,5.985653213507607,0.8559211347417379,0,0,0.0021981300637592565,True,chain8,"1.4 V, 1.6 ns",0
blind,cp_sat_exact,0.03882399185758208,0.0,17,4,10,0.4,5.985653213507607,0.8559211347417379,0,0,0.0021981300637592565,True,chain8,"1.4 V, 1.6 ns",0
aware,utility_per_resource_greedy,0.03882399185758208,0.0,17,4,10,0.4,5.985653213507607,0.8559211347417379,0,0,0.0021981300637592565,True,chain8,"1.4 V, 1.6 ns",0
aware,congestion_aware_greedy,0.03882399185758208,0.0,17,4,10,0.4,5.985653213507607,0.8559211347417379,0,0,0.0021981300637592565,True,chain8,"1.4 V, 1.6 ns",0
aware,greedy_local_search,0.03882399185758208,0.0,17,4,10,0.4,5.985653213507607,0.8559211347417379,0,0,0.0021981300637592565,True,chain8,"1.4 V, 1.6 ns",0
aware,cp_sat_exact,0.03882399185758208,0.0,17,4,10,0.4,5.985653213507607,0.8559211347417379,0,0,0.0021981300637592565,True,chain8,"1.4 V, 1.6 ns",0
clean,utility_per_resource_greedy,0.0,0.0,28,8,10,0.8,22.09433295099259,0.8193685807407407,0,0,0.0,True,chain8,"1.4 V, 1.6 ns",1
clean,congestion_aware_greedy,0.0,0.0,28,8,10,0.8,22.607824978725926,0.8122393837037037,0,0,0.0,True,chain8,"1.4 V, 1.6 ns",1
clean,greedy_local_search,0.0,0.0,28,8,10,0.8,22.09433295099259,0.8193685807407407,0,0,0.0,True,chain8,"1.4 V, 1.6 ns",1
clean,cp_sat_exact,0.0,0.0,28,8,10,0.8,22.607824978725926,0.8122393837037037,0,0,0.0,True,chain8,"1.4 V, 1.6 ns",1
blind,utility_per_resource_greedy,0.03882399185758208,0.0,28,8,10,0.8,21.94698122659058,0.8134027480220271,0,0,0.003103217828197399,True,chain8,"1.4 V, 1.6 ns",1
blind,congestion_aware_greedy,0.03882399185758208,0.0,28,8,10,0.8,22.446807290367058,0.8058869447822027,0,0,0.003103217828197399,True,chain8,"1.4 V, 1.6 ns",1
blind,greedy_local_search,0.03882399185758208,0.0,28,8,10,0.8,21.94698122659058,0.8134027480220271,0,0,0.003103217828197399,True,chain8,"1.4 V, 1.6 ns",1
blind,cp_sat_exact,0.03882399185758208,0.0,28,8,10,0.8,22.446807290367058,0.8058869447822027,0,0,0.003103217828197399,True,chain8,"1.4 V, 1.6 ns",1
aware,utility_per_resource_greedy,0.03882399185758208,0.0,28,8,10,0.8,21.94698122659058,0.8134027480220271,0,0,0.003103217828197399,True,chain8,"1.4 V, 1.6 ns",1
aware,congestion_aware_greedy,0.03882399185758208,0.0,28,8,10,0.8,22.446807290367058,0.8058869447822027,0,0,0.003103217828197399,True,chain8,"1.4 V, 1.6 ns",1
aware,greedy_local_search,0.03882399185758208,0.0,28,8,10,0.8,21.94698122659058,0.8134027480220271,0,0,0.003103217828197399,True,chain8,"1.4 V, 1.6 ns",1
aware,cp_sat_exact,0.03882399185758208,0.0,28,8,10,0.8,22.446807290367058,0.8058869447822027,0,0,0.003103217828197399,True,chain8,"1.4 V, 1.6 ns",1
clean,utility_per_resource_greedy,0.0,0.0,30,8,10,0.8,26.41783333844742,0.8520163147040517,0,0,0.0,True,chain8,"1.4 V, 1.6 ns",2
clean,congestion_aware_greedy,0.0,0.0,30,8,10,0.8,26.41783333844742,0.8520163147040517,0,0,0.0,True,chain8,"1.4 V, 1.6 ns",2
clean,greedy_local_search,0.0,0.0,30,8,10,0.8,26.41783333844742,0.8520163147040517,0,0,0.0,True,chain8,"1.4 V, 1.6 ns",2
clean,cp_sat_exact,0.0,0.0,30,8,10,0.8,26.41783333844742,0.8520163147040517,0,0,0.0,True,chain8,"1.4 V, 1.6 ns",2
blind,utility_per_resource_greedy,0.03882399185758208,0.0,30,8,10,0.8,26.159697028731454,0.8420624637698696,0,0,0.003790590782923891,True,chain8,"1.4 V, 1.6 ns",2
blind,congestion_aware_greedy,0.03882399185758208,0.0,30,8,10,0.8,26.159697028731454,0.8420624637698696,0,0,0.003790590782923891,True,chain8,"1.4 V, 1.6 ns",2
blind,greedy_local_search,0.03882399185758208,0.0,30,8,10,0.8,26.159697028731454,0.8420624637698696,0,0,0.003790590782923891,True,chain8,"1.4 V, 1.6 ns",2
blind,cp_sat_exact,0.03882399185758208,0.0,30,8,10,0.8,26.159697028731454,0.8420624637698696,0,0,0.003790590782923891,True,chain8,"1.4 V, 1.6 ns",2
aware,utility_per_resource_greedy,0.03882399185758208,0.0,30,8,10,0.8,26.159697028731454,0.8420624637698696,0,0,0.003790590782923891,True,chain8,"1.4 V, 1.6 ns",2
aware,congestion_aware_greedy,0.03882399185758208,0.0,30,8,10,0.8,26.159697028731454,0.8420624637698696,0,0,0.003790590782923891,True,chain8,"1.4 V, 1.6 ns",2
aware,greedy_local_search,0.03882399185758208,0.0,30,8,10,0.8,26.159697028731454,0.8420624637698696,0,0,0.003790590782923891,True,chain8,"1.4 V, 1.6 ns",2
aware,cp_sat_exact,0.03882399185758208,0.0,30,8,10,0.8,26.159697028731454,0.8420624637698696,0,0,0.003790590782923891,True,chain8,"1.4 V, 1.6 ns",2
clean,utility_per_resource_greedy,0.0,0.0,19,5,10,0.5,19.07488266666667,0.9057066666666668,0,0,0.0,True,chain8,"1.4 V, 1.6 ns",3
clean,congestion_aware_greedy,0.0,0.0,19,5,10,0.5,19.07488266666667,0.9057066666666668,0,0,0.0,True,chain8,"1.4 V, 1.6 ns",3
clean,greedy_local_search,0.0,0.0,19,5,10,0.5,19.07488266666667,0.9057066666666668,0,0,0.0,True,chain8,"1.4 V, 1.6 ns",3
clean,cp_sat_exact,0.0,0.0,19,5,10,0.5,19.07488266666667,0.9057066666666668,0,0,0.0,True,chain8,"1.4 V, 1.6 ns",3
blind,utility_per_resource_greedy,0.03882399185758208,0.0,18,5,10,0.5,18.911436145553946,0.8955931012016058,0,0,0.005791608648723777,True,chain8,"1.4 V, 1.6 ns",3
blind,congestion_aware_greedy,0.03882399185758208,0.0,18,5,10,0.5,18.911436145553946,0.8955931012016058,0,0,0.005791608648723777,True,chain8,"1.4 V, 1.6 ns",3
blind,greedy_local_search,0.03882399185758208,0.0,18,5,10,0.5,18.911436145553946,0.8955931012016058,0,0,0.005791608648723777,True,chain8,"1.4 V, 1.6 ns",3
blind,cp_sat_exact,0.03882399185758208,0.0,18,5,10,0.5,18.911436145553946,0.8955931012016058,0,0,0.005791608648723777,True,chain8,"1.4 V, 1.6 ns",3
aware,utility_per_resource_greedy,0.03882399185758208,0.0,18,5,10,0.5,18.911436145553946,0.8955931012016058,0,0,0.005791608648723777,True,chain8,"1.4 V, 1.6 ns",3
aware,congestion_aware_greedy,0.03882399185758208,0.0,18,5,10,0.5,18.911436145553946,0.8955931012016058,0,0,0.005791608648723777,True,chain8,"1.4 V, 1.6 ns",3
aware,greedy_local_search,0.03882399185758208,0.0,18,5,10,0.5,18.911436145553946,0.8955931012016058,0,0,0.005791608648723777,True,chain8,"1.4 V, 1.6 ns",3
aware,cp_sat_exact,0.03882399185758208,0.0,18,5,10,0.5,18.911436145553946,0.8955931012016058,0,0,0.005791608648723777,True,chain8,"1.4 V, 1.6 ns",3
clean,utility_per_resource_greedy,0.0,0.0,19,5,10,0.5,14.115882000000001,0.87712,0,0,0.0,True,chain8,"1.4 V, 1.6 ns",4
clean,congestion_aware_greedy,0.0,0.0,19,5,10,0.5,15.33037455163857,0.8753671234893183,0,0,0.0,True,chain8,"1.4 V, 1.6 ns",4
clean,greedy_local_search,0.0,0.0,19,5,10,0.5,14.115882000000001,0.87712,0,0,0.0,True,chain8,"1.4 V, 1.6 ns",4
clean,cp_sat_exact,0.0,0.0,19,5,10,0.5,15.33037455163857,0.8753671234893183,0,0,0.0,True,chain8,"1.4 V, 1.6 ns",4
blind,utility_per_resource_greedy,0.03882399185758208,0.0,18,5,10,0.5,13.980033670084163,0.8658880059241907,0,0,0.006161922713915136,True,chain8,"1.4 V, 1.6 ns",4
blind,congestion_aware_greedy,0.03882399185758208,0.0,18,5,10,0.5,15.068925308239086,0.8636991081404064,0,0,0.006161922713915136,True,chain8,"1.4 V, 1.6 ns",4
blind,greedy_local_search,0.03882399185758208,0.0,18,5,10,0.5,13.980033670084163,0.8658880059241907,0,0,0.006161922713915136,True,chain8,"1.4 V, 1.6 ns",4
blind,cp_sat_exact,0.03882399185758208,0.0,18,5,10,0.5,15.068925308239086,0.8636991081404064,0,0,0.006161922713915136,True,chain8,"1.4 V, 1.6 ns",4
aware,utility_per_resource_greedy,0.03882399185758208,0.0,18,5,10,0.5,13.980033670084163,0.8658880059241907,0,0,0.006161922713915136,True,chain8,"1.4 V, 1.6 ns",4
aware,congestion_aware_greedy,0.03882399185758208,0.0,18,5,10,0.5,15.068925308239086,0.8636991081404064,0,0,0.006161922713915136,True,chain8,"1.4 V, 1.6 ns",4
aware,greedy_local_search,0.03882399185758208,0.0,18,5,10,0.5,13.980033670084163,0.8658880059241907,0,0,0.006161922713915136,True,chain8,"1.4 V, 1.6 ns",4
aware,cp_sat_exact,0.03882399185758208,0.0,18,5,10,0.5,15.068925308239086,0.8636991081404064,0,0,0.006161922713915136,True,chain8,"1.4 V, 1.6 ns",4
clean,utility_per_resource_greedy,0.0,0.0,27,7,10,0.7,25.89430592977265,0.8237861829870994,0,0,0.0,True,chain8,"1.4 V, 1.6 ns",5
clean,congestion_aware_greedy,0.0,0.0,27,7,10,0.7,25.89430592977265,0.8237861829870994,0,0,0.0,True,chain8,"1.4 V, 1.6 ns",5
clean,greedy_local_search,0.0,0.0,27,7,10,0.7,25.89430592977265,0.8237861829870994,0,0,0.0,True,chain8,"1.4 V, 1.6 ns",5
clean,cp_sat_exact,0.0,0.0,27,7,10,0.7,25.89430592977265,0.8237861829870994,0,0,0.0,True,chain8,"1.4 V, 1.6 ns",5
blind,utility_per_resource_greedy,0.03882399185758208,0.0,26,7,10,0.7,24.534855239899063,0.8140306292814553,0,0,0.002587596471889077,True,chain8,"1.4 V, 1.6 ns",5
blind,congestion_aware_greedy,0.03882399185758208,0.0,26,7,10,0.7,24.534855239899063,0.8140306292814553,0,0,0.002587596471889077,True,chain8,"1.4 V, 1.6 ns",5
blind,greedy_local_search,0.03882399185758208,0.0,26,7,10,0.7,24.534855239899063,0.8140306292814553,0,0,0.002587596471889077,True,chain8,"1.4 V, 1.6 ns",5
blind,cp_sat_exact,0.03882399185758208,0.0,26,7,10,0.7,24.534855239899063,0.8140306292814553,0,0,0.002587596471889077,True,chain8,"1.4 V, 1.6 ns",5
aware,utility_per_resource_greedy,0.03882399185758208,0.0,26,7,10,0.7,24.534855239899063,0.8140306292814553,0,0,0.002587596471889077,True,chain8,"1.4 V, 1.6 ns",5
aware,congestion_aware_greedy,0.03882399185758208,0.0,26,7,10,0.7,24.534855239899063,0.8140306292814553,0,0,0.002587596471889077,True,chain8,"1.4 V, 1.6 ns",5
aware,greedy_local_search,0.03882399185758208,0.0,26,7,10,0.7,24.534855239899063,0.8140306292814553,0,0,0.002587596471889077,True,chain8,"1.4 V, 1.6 ns",5
aware,cp_sat_exact,0.03882399185758208,0.0,26,7,10,0.7,24.534855239899063,0.8140306292814553,0,0,0.002587596471889077,True,chain8,"1.4 V, 1.6 ns",5
clean,utility_per_resource_greedy,0.0,0.0,20,5,10,0.5,15.624181191111113,0.8643512888888889,0,0,0.0,True,chain8,"1.4 V, 1.6 ns",6
clean,congestion_aware_greedy,0.0,0.0,20,5,10,0.5,17.309559275495772,0.8724370203123776,0,0,0.0,True,chain8,"1.4 V, 1.6 ns",6
clean,greedy_local_search,0.0,0.0,20,5,10,0.5,15.624181191111113,0.8643512888888889,0,0,0.0,True,chain8,"1.4 V, 1.6 ns",6
clean,cp_sat_exact,0.0,0.0,20,5,10,0.5,17.309559275495772,0.8724370203123776,0,0,0.0,True,chain8,"1.4 V, 1.6 ns",6
blind,utility_per_resource_greedy,0.03882399185758208,0.0,20,5,10,0.5,15.436047016770166,0.8529037175473118,0,0,0.003976031113492651,True,chain8,"1.4 V, 1.6 ns",6
blind,congestion_aware_greedy,0.03882399185758208,0.0,20,5,10,0.5,16.994735757938646,0.861675650783772,0,0,0.003976031113492651,True,chain8,"1.4 V, 1.6 ns",6
blind,greedy_local_search,0.03882399185758208,0.0,20,5,10,0.5,15.436047016770166,0.8529037175473118,0,0,0.003976031113492651,True,chain8,"1.4 V, 1.6 ns",6
blind,cp_sat_exact,0.03882399185758208,0.0,20,5,10,0.5,16.994735757938646,0.861675650783772,0,0,0.003976031113492651,True,chain8,"1.4 V, 1.6 ns",6
aware,utility_per_resource_greedy,0.03882399185758208,0.0,20,5,10,0.5,15.436047016770166,0.8529037175473118,0,0,0.003976031113492651,True,chain8,"1.4 V, 1.6 ns",6
aware,congestion_aware_greedy,0.03882399185758208,0.0,20,5,10,0.5,16.994735757938646,0.861675650783772,0,0,0.003976031113492651,True,chain8,"1.4 V, 1.6 ns",6
aware,greedy_local_search,0.03882399185758208,0.0,20,5,10,0.5,15.436047016770166,0.8529037175473118,0,0,0.003976031113492651,True,chain8,"1.4 V, 1.6 ns",6
aware,cp_sat_exact,0.03882399185758208,0.0,20,5,10,0.5,16.994735757938646,0.861675650783772,0,0,0.003976031113492651,True,chain8,"1.4 V, 1.6 ns",6
clean,utility_per_resource_greedy,0.0,0.0,25,4,10,0.4,12.463333093333333,0.8344782222222222,0,0,0.0,True,chain8,"1.4 V, 1.6 ns",7
clean,congestion_aware_greedy,0.0,0.0,25,4,10,0.4,12.463333093333333,0.8344782222222222,0,0,0.0,True,chain8,"1.4 V, 1.6 ns",7
clean,greedy_local_search,0.0,0.0,25,4,10,0.4,12.463333093333333,0.8344782222222222,0,0,0.0,True,chain8,"1.4 V, 1.6 ns",7
clean,cp_sat_exact,0.0,0.0,25,4,10,0.4,12.463333093333333,0.8344782222222222,0,0,0.0,True,chain8,"1.4 V, 1.6 ns",7
blind,utility_per_resource_greedy,0.03882399185758208,0.0,25,4,10,0.4,12.348051589245337,0.8240431985247475,0,0,0.0061612610095933395,True,chain8,"1.4 V, 1.6 ns",7
blind,congestion_aware_greedy,0.03882399185758208,0.0,25,4,10,0.4,12.348051589245337,0.8240431985247475,0,0,0.0061612610095933395,True,chain8,"1.4 V, 1.6 ns",7
blind,greedy_local_search,0.03882399185758208,0.0,25,4,10,0.4,12.348051589245337,0.8240431985247475,0,0,0.0061612610095933395,True,chain8,"1.4 V, 1.6 ns",7
blind,cp_sat_exact,0.03882399185758208,0.0,25,4,10,0.4,12.348051589245337,0.8240431985247475,0,0,0.0061612610095933395,True,chain8,"1.4 V, 1.6 ns",7
aware,utility_per_resource_greedy,0.03882399185758208,0.0,25,4,10,0.4,12.348051589245337,0.8240431985247475,0,0,0.0061612610095933395,True,chain8,"1.4 V, 1.6 ns",7
aware,congestion_aware_greedy,0.03882399185758208,0.0,25,4,10,0.4,12.348051589245337,0.8240431985247475,0,0,0.0061612610095933395,True,chain8,"1.4 V, 1.6 ns",7
aware,greedy_local_search,0.03882399185758208,0.0,25,4,10,0.4,12.348051589245337,0.8240431985247475,0,0,0.0061612610095933395,True,chain8,"1.4 V, 1.6 ns",7
aware,cp_sat_exact,0.03882399185758208,0.0,25,4,10,0.4,12.348051589245337,0.8240431985247475,0,0,0.0061612610095933395,True,chain8,"1.4 V, 1.6 ns",7
clean,utility_per_resource_greedy,0.0,0.0,28,8,10,0.8,19.193954030870817,0.8199928954447925,0,0,0.0,True,chain8,"1.4 V, 1.6 ns",8
clean,congestion_aware_greedy,0.0,0.0,28,8,10,0.8,19.193954030870817,0.8199928954447925,0,0,0.0,True,chain8,"1.4 V, 1.6 ns",8
clean,greedy_local_search,0.0,0.0,28,8,10,0.8,19.193954030870817,0.8199928954447925,0,0,0.0,True,chain8,"1.4 V, 1.6 ns",8
clean,cp_sat_exact,0.0,0.0,28,8,10,0.8,19.193954030870817,0.8199928954447925,0,0,0.0,True,chain8,"1.4 V, 1.6 ns",8
blind,utility_per_resource_greedy,0.03882399185758208,0.0,28,8,10,0.8,18.99801142817637,0.8107863449983169,0,0,0.004840412637493875,True,chain8,"1.4 V, 1.6 ns",8
blind,congestion_aware_greedy,0.03882399185758208,0.0,28,8,10,0.8,18.99801142817637,0.8107863449983169,0,0,0.004840412637493875,True,chain8,"1.4 V, 1.6 ns",8
blind,greedy_local_search,0.03882399185758208,0.0,28,8,10,0.8,18.99801142817637,0.8107863449983169,0,0,0.004840412637493875,True,chain8,"1.4 V, 1.6 ns",8
blind,cp_sat_exact,0.03882399185758208,0.0,28,8,10,0.8,18.99801142817637,0.8107863449983169,0,0,0.004840412637493875,True,chain8,"1.4 V, 1.6 ns",8
aware,utility_per_resource_greedy,0.03882399185758208,0.0,28,8,10,0.8,18.99801142817637,0.8107863449983169,0,0,0.004840412637493875,True,chain8,"1.4 V, 1.6 ns",8
aware,congestion_aware_greedy,0.03882399185758208,0.0,28,8,10,0.8,18.99801142817637,0.8107863449983169,0,0,0.004840412637493875,True,chain8,"1.4 V, 1.6 ns",8
aware,greedy_local_search,0.03882399185758208,0.0,28,8,10,0.8,18.99801142817637,0.8107863449983169,0,0,0.004840412637493875,True,chain8,"1.4 V, 1.6 ns",8
aware,cp_sat_exact,0.03882399185758208,0.0,28,8,10,0.8,18.99801142817637,0.8107863449983169,0,0,0.004840412637493875,True,chain8,"1.4 V, 1.6 ns",8
clean,utility_per_resource_greedy,0.0,0.0,25,7,10,0.7,16.619050441897087,0.818016978940388,0,0,0.0,True,chain8,"1.4 V, 1.6 ns",9
clean,congestion_aware_greedy,0.0,0.0,25,7,10,0.7,16.619050441897087,0.818016978940388,0,0,0.0,True,chain8,"1.4 V, 1.6 ns",9
clean,greedy_local_search,0.0,0.0,25,7,10,0.7,16.619050441897087,0.818016978940388,0,0,0.0,True,chain8,"1.4 V, 1.6 ns",9
clean,cp_sat_exact,0.0,0.0,25,7,10,0.7,18.58455532983236,0.770949910030733,0,0,0.0,True,chain8,"1.4 V, 1.6 ns",9
blind,utility_per_resource_greedy,0.03882399185758208,0.0,25,7,10,0.7,16.477108362687577,0.8085498605735129,0,0,0.004700537320979145,True,chain8,"1.4 V, 1.6 ns",9
blind,congestion_aware_greedy,0.03882399185758208,0.0,25,7,10,0.7,16.477108362687577,0.8085498605735129,0,0,0.004700537320979145,True,chain8,"1.4 V, 1.6 ns",9
blind,greedy_local_search,0.03882399185758208,0.0,25,7,10,0.7,16.477108362687577,0.8085498605735129,0,0,0.004700537320979145,True,chain8,"1.4 V, 1.6 ns",9
blind,cp_sat_exact,0.03882399185758208,0.0,25,7,10,0.7,18.3751912622402,0.7596303011445471,0,0,0.004700537320979145,True,chain8,"1.4 V, 1.6 ns",9
aware,utility_per_resource_greedy,0.03882399185758208,0.0,25,7,10,0.7,16.477108362687577,0.8085498605735129,0,0,0.004700537320979145,True,chain8,"1.4 V, 1.6 ns",9
aware,congestion_aware_greedy,0.03882399185758208,0.0,25,7,10,0.7,16.477108362687577,0.8085498605735129,0,0,0.004700537320979145,True,chain8,"1.4 V, 1.6 ns",9
aware,greedy_local_search,0.03882399185758208,0.0,25,7,10,0.7,16.477108362687577,0.8085498605735129,0,0,0.004700537320979145,True,chain8,"1.4 V, 1.6 ns",9
aware,cp_sat_exact,0.03882399185758208,0.0,25,7,10,0.7,18.3751912622402,0.7596303011445471,0,0,0.004700537320979145,True,chain8,"1.4 V, 1.6 ns",9
clean,utility_per_resource_greedy,0.0,10.0,18,4,10,0.4,6.074772169400614,0.8602466475654689,0,0,0.0,True,chain8,"1.4 V, 1.6 ns",0
clean,congestion_aware_greedy,0.0,10.0,18,4,10,0.4,6.074772169400614,0.8602466475654689,0,0,0.0,True,chain8,"1.4 V, 1.6 ns",0
clean,greedy_local_search,0.0,10.0,18,4,10,0.4,6.074772169400614,0.8602466475654689,0,0,0.0,True,chain8,"1.4 V, 1.6 ns",0
clean,cp_sat_exact,0.0,10.0,18,4,10,0.4,6.074772169400614,0.8602466475654689,0,0,0.0,True,chain8,"1.4 V, 1.6 ns",0
blind,utility_per_resource_greedy,0.0038823991857582078,10.0,18,4,10,0.4,6.065732335189763,0.859811403582057,0,0,0.00022072342825829594,True,chain8,"1.4 V, 1.6 ns",0
blind,congestion_aware_greedy,0.0038823991857582078,10.0,18,4,10,0.4,6.065732335189763,0.859811403582057,0,0,0.00022072342825829594,True,chain8,"1.4 V, 1.6 ns",0
blind,greedy_local_search,0.0038823991857582078,10.0,18,4,10,0.4,6.065732335189763,0.859811403582057,0,0,0.00022072342825829594,True,chain8,"1.4 V, 1.6 ns",0
blind,cp_sat_exact,0.0038823991857582078,10.0,18,4,10,0.4,6.065732335189763,0.859811403582057,0,0,0.00022072342825829594,True,chain8,"1.4 V, 1.6 ns",0
aware,utility_per_resource_greedy,0.0038823991857582078,10.0,18,4,10,0.4,6.065732335189763,0.859811403582057,0,0,0.00022072342825829594,True,chain8,"1.4 V, 1.6 ns",0
aware,congestion_aware_greedy,0.0038823991857582078,10.0,18,4,10,0.4,6.065732335189763,0.859811403582057,0,0,0.00022072342825829594,True,chain8,"1.4 V, 1.6 ns",0
aware,greedy_local_search,0.0038823991857582078,10.0,18,4,10,0.4,6.065732335189763,0.859811403582057,0,0,0.00022072342825829594,True,chain8,"1.4 V, 1.6 ns",0
aware,cp_sat_exact,0.0038823991857582078,10.0,18,4,10,0.4,6.065732335189763,0.859811403582057,0,0,0.00022072342825829594,True,chain8,"1.4 V, 1.6 ns",0
clean,utility_per_resource_greedy,0.0,10.0,28,8,10,0.8,22.09433295099259,0.8193685807407407,0,0,0.0,True,chain8,"1.4 V, 1.6 ns",1
clean,congestion_aware_greedy,0.0,10.0,28,8,10,0.8,22.607824978725926,0.8122393837037037,0,0,0.0,True,chain8,"1.4 V, 1.6 ns",1
clean,greedy_local_search,0.0,10.0,28,8,10,0.8,22.09433295099259,0.8193685807407407,0,0,0.0,True,chain8,"1.4 V, 1.6 ns",1
clean,cp_sat_exact,0.0,10.0,28,8,10,0.8,22.607824978725926,0.8122393837037037,0,0,0.0,True,chain8,"1.4 V, 1.6 ns",1
blind,utility_per_resource_greedy,0.0038823991857582078,10.0,28,8,10,0.8,22.079452303500332,0.8187661999144404,0,0,0.00031244933745358923,True,chain8,"1.4 V, 1.6 ns",1
blind,congestion_aware_greedy,0.0038823991857582078,10.0,28,8,10,0.8,22.591550385895427,0.811597250314556,0,0,0.00031244933745358923,True,chain8,"1.4 V, 1.6 ns",1
blind,greedy_local_search,0.0038823991857582078,10.0,28,8,10,0.8,22.079452303500332,0.8187661999144404,0,0,0.00031244933745358923,True,chain8,"1.4 V, 1.6 ns",1
blind,cp_sat_exact,0.0038823991857582078,10.0,28,8,10,0.8,22.591550385895427,0.811597250314556,0,0,0.00031244933745358923,True,chain8,"1.4 V, 1.6 ns",1
aware,utility_per_resource_greedy,0.0038823991857582078,10.0,28,8,10,0.8,22.079452303500332,0.8187661999144404,0,0,0.00031244933745358923,True,chain8,"1.4 V, 1.6 ns",1
aware,congestion_aware_greedy,0.0038823991857582078,10.0,28,8,10,0.8,22.591550385895427,0.811597250314556,0,0,0.00031244933745358923,True,chain8,"1.4 V, 1.6 ns",1
aware,greedy_local_search,0.0038823991857582078,10.0,28,8,10,0.8,22.079452303500332,0.8187661999144404,0,0,0.00031244933745358923,True,chain8,"1.4 V, 1.6 ns",1
aware,cp_sat_exact,0.0038823991857582078,10.0,28,8,10,0.8,22.591550385895427,0.811597250314556,0,0,0.00031244933745358923,True,chain8,"1.4 V, 1.6 ns",1
clean,utility_per_resource_greedy,0.0,10.0,30,8,10,0.8,26.41783333844742,0.8520163147040517,0,0,0.0,True,chain8,"1.4 V, 1.6 ns",2
clean,congestion_aware_greedy,0.0,10.0,30,8,10,0.8,26.41783333844742,0.8520163147040517,0,0,0.0,True,chain8,"1.4 V, 1.6 ns",2
clean,greedy_local_search,0.0,10.0,30,8,10,0.8,26.41783333844742,0.8520163147040517,0,0,0.0,True,chain8,"1.4 V, 1.6 ns",2
clean,cp_sat_exact,0.0,10.0,30,8,10,0.8,26.41783333844742,0.8520163147040517,0,0,0.0,True,chain8,"1.4 V, 1.6 ns",2
blind,utility_per_resource_greedy,0.0038823991857582078,10.0,30,8,10,0.8,26.391541284543823,0.8510019685396325,0,0,0.00038365168179778564,True,chain8,"1.4 V, 1.6 ns",2
blind,congestion_aware_greedy,0.0038823991857582078,10.0,30,8,10,0.8,26.391541284543823,0.8510019685396325,0,0,0.00038365168179778564,True,chain8,"1.4 V, 1.6 ns",2
blind,greedy_local_search,0.0038823991857582078,10.0,30,8,10,0.8,26.391541284543823,0.8510019685396325,0,0,0.00038365168179778564,True,chain8,"1.4 V, 1.6 ns",2
blind,cp_sat_exact,0.0038823991857582078,10.0,30,8,10,0.8,26.391541284543823,0.8510019685396325,0,0,0.00038365168179778564,True,chain8,"1.4 V, 1.6 ns",2
aware,utility_per_resource_greedy,0.0038823991857582078,10.0,30,8,10,0.8,26.391541284543823,0.8510019685396325,0,0,0.00038365168179778564,True,chain8,"1.4 V, 1.6 ns",2
aware,congestion_aware_greedy,0.0038823991857582078,10.0,30,8,10,0.8,26.391541284543823,0.8510019685396325,0,0,0.00038365168179778564,True,chain8,"1.4 V, 1.6 ns",2
aware,greedy_local_search,0.0038823991857582078,10.0,30,8,10,0.8,26.391541284543823,0.8510019685396325,0,0,0.00038365168179778564,True,chain8,"1.4 V, 1.6 ns",2
aware,cp_sat_exact,0.0038823991857582078,10.0,30,8,10,0.8,26.391541284543823,0.8510019685396325,0,0,0.00038365168179778564,True,chain8,"1.4 V, 1.6 ns",2
clean,utility_per_resource_greedy,0.0,10.0,19,5,10,0.5,19.07488266666667,0.9057066666666668,0,0,0.0,True,chain8,"1.4 V, 1.6 ns",3
clean,congestion_aware_greedy,0.0,10.0,19,5,10,0.5,19.07488266666667,0.9057066666666668,0,0,0.0,True,chain8,"1.4 V, 1.6 ns",3
clean,greedy_local_search,0.0,10.0,19,5,10,0.5,19.07488266666667,0.9057066666666668,0,0,0.0,True,chain8,"1.4 V, 1.6 ns",3
clean,cp_sat_exact,0.0,10.0,19,5,10,0.5,19.07488266666667,0.9057066666666668,0,0,0.0,True,chain8,"1.4 V, 1.6 ns",3
blind,utility_per_resource_greedy,0.0038823991857582078,10.0,19,5,10,0.5,19.058242476907363,0.9046769816632217,0,0,0.000586014819641648,True,chain8,"1.4 V, 1.6 ns",3
blind,congestion_aware_greedy,0.0038823991857582078,10.0,19,5,10,0.5,19.058242476907363,0.9046769816632217,0,0,0.000586014819641648,True,chain8,"1.4 V, 1.6 ns",3
blind,greedy_local_search,0.0038823991857582078,10.0,19,5,10,0.5,19.058242476907363,0.9046769816632217,0,0,0.000586014819641648,True,chain8,"1.4 V, 1.6 ns",3
blind,cp_sat_exact,0.0038823991857582078,10.0,19,5,10,0.5,19.058242476907363,0.9046769816632217,0,0,0.000586014819641648,True,chain8,"1.4 V, 1.6 ns",3
aware,utility_per_resource_greedy,0.0038823991857582078,10.0,19,5,10,0.5,19.058242476907363,0.9046769816632217,0,0,0.000586014819641648,True,chain8,"1.4 V, 1.6 ns",3
aware,congestion_aware_greedy,0.0038823991857582078,10.0,19,5,10,0.5,19.058242476907363,0.9046769816632217,0,0,0.000586014819641648,True,chain8,"1.4 V, 1.6 ns",3
aware,greedy_local_search,0.0038823991857582078,10.0,19,5,10,0.5,19.058242476907363,0.9046769816632217,0,0,0.000586014819641648,True,chain8,"1.4 V, 1.6 ns",3
aware,cp_sat_exact,0.0038823991857582078,10.0,19,5,10,0.5,19.058242476907363,0.9046769816632217,0,0,0.000586014819641648,True,chain8,"1.4 V, 1.6 ns",3
clean,utility_per_resource_greedy,0.0,10.0,19,5,10,0.5,14.115882000000001,0.87712,0,0,0.0,True,chain8,"1.4 V, 1.6 ns",4
clean,congestion_aware_greedy,0.0,10.0,19,5,10,0.5,15.33037455163857,0.8753671234893183,0,0,0.0,True,chain8,"1.4 V, 1.6 ns",4
clean,greedy_local_search,0.0,10.0,19,5,10,0.5,14.115882000000001,0.87712,0,0,0.0,True,chain8,"1.4 V, 1.6 ns",4
clean,cp_sat_exact,0.0,10.0,19,5,10,0.5,15.33037455163857,0.8753671234893183,0,0,0.0,True,chain8,"1.4 V, 1.6 ns",4
blind,utility_per_resource_greedy,0.0038823991857582078,10.0,19,5,10,0.5,14.10210711311231,0.8759808228847623,0,0,0.0006223970972930117,True,chain8,"1.4 V, 1.6 ns",4
blind,congestion_aware_greedy,0.0038823991857582078,10.0,19,5,10,0.5,15.303637408528036,0.874185190812869,0,0,0.0006223970972930117,True,chain8,"1.4 V, 1.6 ns",4
blind,greedy_local_search,0.0038823991857582078,10.0,19,5,10,0.5,14.10210711311231,0.8759808228847623,0,0,0.0006223970972930117,True,chain8,"1.4 V, 1.6 ns",4
blind,cp_sat_exact,0.0038823991857582078,10.0,19,5,10,0.5,15.303637408528036,0.874185190812869,0,0,0.0006223970972930117,True,chain8,"1.4 V, 1.6 ns",4
aware,utility_per_resource_greedy,0.0038823991857582078,10.0,19,5,10,0.5,14.10210711311231,0.8759808228847623,0,0,0.0006223970972930117,True,chain8,"1.4 V, 1.6 ns",4
aware,congestion_aware_greedy,0.0038823991857582078,10.0,19,5,10,0.5,15.303637408528036,0.874185190812869,0,0,0.0006223970972930117,True,chain8,"1.4 V, 1.6 ns",4
aware,greedy_local_search,0.0038823991857582078,10.0,19,5,10,0.5,14.10210711311231,0.8759808228847623,0,0,0.0006223970972930117,True,chain8,"1.4 V, 1.6 ns",4
aware,cp_sat_exact,0.0038823991857582078,10.0,19,5,10,0.5,15.303637408528036,0.874185190812869,0,0,0.0006223970972930117,True,chain8,"1.4 V, 1.6 ns",4
clean,utility_per_resource_greedy,0.0,10.0,27,7,10,0.7,25.89430592977265,0.8237861829870994,0,0,0.0,True,chain8,"1.4 V, 1.6 ns",5
clean,congestion_aware_greedy,0.0,10.0,27,7,10,0.7,25.89430592977265,0.8237861829870994,0,0,0.0,True,chain8,"1.4 V, 1.6 ns",5
clean,greedy_local_search,0.0,10.0,27,7,10,0.7,25.89430592977265,0.8237861829870994,0,0,0.0,True,chain8,"1.4 V, 1.6 ns",5
clean,cp_sat_exact,0.0,10.0,27,7,10,0.7,25.89430592977265,0.8237861829870994,0,0,0.0,True,chain8,"1.4 V, 1.6 ns",5
blind,utility_per_resource_greedy,0.0038823991857582078,10.0,27,7,10,0.7,25.884478712168534,0.8234127371628374,0,0,0.00026197026000792815,True,chain8,"1.4 V, 1.6 ns",5
blind,congestion_aware_greedy,0.0038823991857582078,10.0,27,7,10,0.7,25.884478712168534,0.8234127371628374,0,0,0.00026197026000792815,True,chain8,"1.4 V, 1.6 ns",5
blind,greedy_local_search,0.0038823991857582078,10.0,27,7,10,0.7,25.884478712168534,0.8234127371628374,0,0,0.00026197026000792815,True,chain8,"1.4 V, 1.6 ns",5
blind,cp_sat_exact,0.0038823991857582078,10.0,27,7,10,0.7,25.884478712168534,0.8234127371628374,0,0,0.00026197026000792815,True,chain8,"1.4 V, 1.6 ns",5
aware,utility_per_resource_greedy,0.0038823991857582078,10.0,27,7,10,0.7,25.884478712168534,0.8234127371628374,0,0,0.00026197026000792815,True,chain8,"1.4 V, 1.6 ns",5
aware,congestion_aware_greedy,0.0038823991857582078,10.0,27,7,10,0.7,25.884478712168534,0.8234127371628374,0,0,0.00026197026000792815,True,chain8,"1.4 V, 1.6 ns",5
aware,greedy_local_search,0.0038823991857582078,10.0,27,7,10,0.7,25.884478712168534,0.8234127371628374,0,0,0.00026197026000792815,True,chain8,"1.4 V, 1.6 ns",5
aware,cp_sat_exact,0.0038823991857582078,10.0,27,7,10,0.7,25.884478712168534,0.8234127371628374,0,0,0.00026197026000792815,True,chain8,"1.4 V, 1.6 ns",5
clean,utility_per_resource_greedy,0.0,10.0,20,5,10,0.5,15.624181191111113,0.8643512888888889,0,0,0.0,True,chain8,"1.4 V, 1.6 ns",6
clean,congestion_aware_greedy,0.0,10.0,20,5,10,0.5,17.309559275495772,0.8724370203123776,0,0,0.0,True,chain8,"1.4 V, 1.6 ns",6
clean,greedy_local_search,0.0,10.0,20,5,10,0.5,15.624181191111113,0.8643512888888889,0,0,0.0,True,chain8,"1.4 V, 1.6 ns",6
clean,cp_sat_exact,0.0,10.0,20,5,10,0.5,17.309559275495772,0.8724370203123776,0,0,0.0,True,chain8,"1.4 V, 1.6 ns",6
blind,utility_per_resource_greedy,0.0038823991857582078,10.0,20,5,10,0.5,15.605007404956238,0.8631853178825732,0,0,0.0004022641462722497,True,chain8,"1.4 V, 1.6 ns",6
blind,congestion_aware_greedy,0.0038823991857582078,10.0,20,5,10,0.5,17.27729964510244,0.8713447779634509,0,0,0.0004022641462722497,True,chain8,"1.4 V, 1.6 ns",6
blind,greedy_local_search,0.0038823991857582078,10.0,20,5,10,0.5,15.605007404956238,0.8631853178825732,0,0,0.0004022641462722497,True,chain8,"1.4 V, 1.6 ns",6
blind,cp_sat_exact,0.0038823991857582078,10.0,20,5,10,0.5,17.27729964510244,0.8713447779634509,0,0,0.0004022641462722497,True,chain8,"1.4 V, 1.6 ns",6
aware,utility_per_resource_greedy,0.0038823991857582078,10.0,20,5,10,0.5,15.605007404956238,0.8631853178825732,0,0,0.0004022641462722497,True,chain8,"1.4 V, 1.6 ns",6
aware,congestion_aware_greedy,0.0038823991857582078,10.0,20,5,10,0.5,17.27729964510244,0.8713447779634509,0,0,0.0004022641462722497,True,chain8,"1.4 V, 1.6 ns",6
aware,greedy_local_search,0.0038823991857582078,10.0,20,5,10,0.5,15.605007404956238,0.8631853178825732,0,0,0.0004022641462722497,True,chain8,"1.4 V, 1.6 ns",6
aware,cp_sat_exact,0.0038823991857582078,10.0,20,5,10,0.5,17.27729964510244,0.8713447779634509,0,0,0.0004022641462722497,True,chain8,"1.4 V, 1.6 ns",6
clean,utility_per_resource_greedy,0.0,10.0,25,4,10,0.4,12.463333093333333,0.8344782222222222,0,0,0.0,True,chain8,"1.4 V, 1.6 ns",7
clean,congestion_aware_greedy,0.0,10.0,25,4,10,0.4,12.463333093333333,0.8344782222222222,0,0,0.0,True,chain8,"1.4 V, 1.6 ns",7
clean,greedy_local_search,0.0,10.0,25,4,10,0.4,12.463333093333333,0.8344782222222222,0,0,0.0,True,chain8,"1.4 V, 1.6 ns",7
clean,cp_sat_exact,0.0,10.0,25,4,10,0.4,12.463333093333333,0.8344782222222222,0,0,0.0,True,chain8,"1.4 V, 1.6 ns",7
blind,utility_per_resource_greedy,0.0038823991857582078,10.0,25,4,10,0.4,12.451671430874978,0.8334222146761234,0,0,0.0006226678231342804,True,chain8,"1.4 V, 1.6 ns",7
blind,congestion_aware_greedy,0.0038823991857582078,10.0,25,4,10,0.4,12.451671430874978,0.8334222146761234,0,0,0.0006226678231342804,True,chain8,"1.4 V, 1.6 ns",7
blind,greedy_local_search,0.0038823991857582078,10.0,25,4,10,0.4,12.451671430874978,0.8334222146761234,0,0,0.0006226678231342804,True,chain8,"1.4 V, 1.6 ns",7
blind,cp_sat_exact,0.0038823991857582078,10.0,25,4,10,0.4,12.451671430874978,0.8334222146761234,0,0,0.0006226678231342804,True,chain8,"1.4 V, 1.6 ns",7
aware,utility_per_resource_greedy,0.0038823991857582078,10.0,25,4,10,0.4,12.451671430874978,0.8334222146761234,0,0,0.0006226678231342804,True,chain8,"1.4 V, 1.6 ns",7
aware,congestion_aware_greedy,0.0038823991857582078,10.0,25,4,10,0.4,12.451671430874978,0.8334222146761234,0,0,0.0006226678231342804,True,chain8,"1.4 V, 1.6 ns",7
aware,greedy_local_search,0.0038823991857582078,10.0,25,4,10,0.4,12.451671430874978,0.8334222146761234,0,0,0.0006226678231342804,True,chain8,"1.4 V, 1.6 ns",7
aware,cp_sat_exact,0.0038823991857582078,10.0,25,4,10,0.4,12.451671430874978,0.8334222146761234,0,0,0.0006226678231342804,True,chain8,"1.4 V, 1.6 ns",7
clean,utility_per_resource_greedy,0.0,10.0,28,8,10,0.8,19.193954030870817,0.8199928954447925,0,0,0.0,True,chain8,"1.4 V, 1.6 ns",8
clean,congestion_aware_greedy,0.0,10.0,28,8,10,0.8,19.193954030870817,0.8199928954447925,0,0,0.0,True,chain8,"1.4 V, 1.6 ns",8
clean,greedy_local_search,0.0,10.0,28,8,10,0.8,19.193954030870817,0.8199928954447925,0,0,0.0,True,chain8,"1.4 V, 1.6 ns",8
clean,cp_sat_exact,0.0,10.0,28,8,10,0.8,19.193954030870817,0.8199928954447925,0,0,0.0,True,chain8,"1.4 V, 1.6 ns",8
blind,utility_per_resource_greedy,0.0038823991857582078,10.0,28,8,10,0.8,19.173998901407767,0.8190576546607208,0,0,0.0004887488088605016,True,chain8,"1.4 V, 1.6 ns",8
blind,congestion_aware_greedy,0.0038823991857582078,10.0,28,8,10,0.8,19.173998901407767,0.8190576546607208,0,0,0.0004887488088605016,True,chain8,"1.4 V, 1.6 ns",8
blind,greedy_local_search,0.0038823991857582078,10.0,28,8,10,0.8,19.173998901407767,0.8190576546607208,0,0,0.0004887488088605016,True,chain8,"1.4 V, 1.6 ns",8
blind,cp_sat_exact,0.0038823991857582078,10.0,28,8,10,0.8,19.173998901407767,0.8190576546607208,0,0,0.0004887488088605016,True,chain8,"1.4 V, 1.6 ns",8
aware,utility_per_resource_greedy,0.0038823991857582078,10.0,28,8,10,0.8,19.173998901407767,0.8190576546607208,0,0,0.0004887488088605016,True,chain8,"1.4 V, 1.6 ns",8
aware,congestion_aware_greedy,0.0038823991857582078,10.0,28,8,10,0.8,19.173998901407767,0.8190576546607208,0,0,0.0004887488088605016,True,chain8,"1.4 V, 1.6 ns",8
aware,greedy_local_search,0.0038823991857582078,10.0,28,8,10,0.8,19.173998901407767,0.8190576546607208,0,0,0.0004887488088605016,True,chain8,"1.4 V, 1.6 ns",8
aware,cp_sat_exact,0.0038823991857582078,10.0,28,8,10,0.8,19.173998901407767,0.8190576546607208,0,0,0.0004887488088605016,True,chain8,"1.4 V, 1.6 ns",8
clean,utility_per_resource_greedy,0.0,10.0,25,7,10,0.7,16.619050441897087,0.818016978940388,0,0,0.0,True,chain8,"1.4 V, 1.6 ns",9
clean,congestion_aware_greedy,0.0,10.0,25,7,10,0.7,16.619050441897087,0.818016978940388,0,0,0.0,True,chain8,"1.4 V, 1.6 ns",9
clean,greedy_local_search,0.0,10.0,25,7,10,0.7,16.619050441897087,0.818016978940388,0,0,0.0,True,chain8,"1.4 V, 1.6 ns",9
clean,cp_sat_exact,0.0,10.0,25,7,10,0.7,18.58455532983236,0.770949910030733,0,0,0.0,True,chain8,"1.4 V, 1.6 ns",9
blind,utility_per_resource_greedy,0.0038823991857582078,10.0,25,7,10,0.7,16.604594373952683,0.8170522730958865,0,0,0.0004755274077083823,True,chain8,"1.4 V, 1.6 ns",9
blind,congestion_aware_greedy,0.0038823991857582078,10.0,25,7,10,0.7,16.604594373952683,0.8170522730958865,0,0,0.0004755274077083823,True,chain8,"1.4 V, 1.6 ns",9
blind,greedy_local_search,0.0038823991857582078,10.0,25,7,10,0.7,16.604594373952683,0.8170522730958865,0,0,0.0004755274077083823,True,chain8,"1.4 V, 1.6 ns",9
blind,cp_sat_exact,0.0038823991857582078,10.0,25,7,10,0.7,18.563160865192224,0.7697937508018354,0,0,0.0004755274077083823,True,chain8,"1.4 V, 1.6 ns",9
aware,utility_per_resource_greedy,0.0038823991857582078,10.0,25,7,10,0.7,16.604594373952683,0.8170522730958865,0,0,0.0004755274077083823,True,chain8,"1.4 V, 1.6 ns",9
aware,congestion_aware_greedy,0.0038823991857582078,10.0,25,7,10,0.7,16.604594373952683,0.8170522730958865,0,0,0.0004755274077083823,True,chain8,"1.4 V, 1.6 ns",9
aware,greedy_local_search,0.0038823991857582078,10.0,25,7,10,0.7,16.604594373952683,0.8170522730958865,0,0,0.0004755274077083823,True,chain8,"1.4 V, 1.6 ns",9
aware,cp_sat_exact,0.0038823991857582078,10.0,25,7,10,0.7,18.563160865192224,0.7697937508018354,0,0,0.0004755274077083823,True,chain8,"1.4 V, 1.6 ns",9
clean,utility_per_resource_greedy,0.0,20.0,18,4,10,0.4,6.074772169400614,0.8602466475654689,0,0,0.0,True,chain8,"1.4 V, 1.6 ns",0
clean,congestion_aware_greedy,0.0,20.0,18,4,10,0.4,6.074772169400614,0.8602466475654689,0,0,0.0,True,chain8,"1.4 V, 1.6 ns",0
clean,greedy_local_search,0.0,20.0,18,4,10,0.4,6.074772169400614,0.8602466475654689,0,0,0.0,True,chain8,"1.4 V, 1.6 ns",0
clean,cp_sat_exact,0.0,20.0,18,4,10,0.4,6.074772169400614,0.8602466475654689,0,0,0.0,True,chain8,"1.4 V, 1.6 ns",0
blind,utility_per_resource_greedy,0.0003882399185758208,20.0,18,4,10,0.4,6.073866889228255,0.8602030961005723,0,0,2.208149778959445e-05,True,chain8,"1.4 V, 1.6 ns",0
blind,congestion_aware_greedy,0.0003882399185758208,20.0,18,4,10,0.4,6.073866889228255,0.8602030961005723,0,0,2.208149778959445e-05,True,chain8,"1.4 V, 1.6 ns",0
blind,greedy_local_search,0.0003882399185758208,20.0,18,4,10,0.4,6.073866889228255,0.8602030961005723,0,0,2.208149778959445e-05,True,chain8,"1.4 V, 1.6 ns",0
blind,cp_sat_exact,0.0003882399185758208,20.0,18,4,10,0.4,6.073866889228255,0.8602030961005723,0,0,2.208149778959445e-05,True,chain8,"1.4 V, 1.6 ns",0
aware,utility_per_resource_greedy,0.0003882399185758208,20.0,18,4,10,0.4,6.073866889228255,0.8602030961005723,0,0,2.208149778959445e-05,True,chain8,"1.4 V, 1.6 ns",0
aware,congestion_aware_greedy,0.0003882399185758208,20.0,18,4,10,0.4,6.073866889228255,0.8602030961005723,0,0,2.208149778959445e-05,True,chain8,"1.4 V, 1.6 ns",0
aware,greedy_local_search,0.0003882399185758208,20.0,18,4,10,0.4,6.073866889228255,0.8602030961005723,0,0,2.208149778959445e-05,True,chain8,"1.4 V, 1.6 ns",0
aware,cp_sat_exact,0.0003882399185758208,20.0,18,4,10,0.4,6.073866889228255,0.8602030961005723,0,0,2.208149778959445e-05,True,chain8,"1.4 V, 1.6 ns",0
clean,utility_per_resource_greedy,0.0,20.0,28,8,10,0.8,22.09433295099259,0.8193685807407407,0,0,0.0,True,chain8,"1.4 V, 1.6 ns",1
clean,congestion_aware_greedy,0.0,20.0,28,8,10,0.8,22.607824978725926,0.8122393837037037,0,0,0.0,True,chain8,"1.4 V, 1.6 ns",1
clean,greedy_local_search,0.0,20.0,28,8,10,0.8,22.09433295099259,0.8193685807407407,0,0,0.0,True,chain8,"1.4 V, 1.6 ns",1
clean,cp_sat_exact,0.0,20.0,28,8,10,0.8,22.607824978725926,0.8122393837037037,0,0,0.0,True,chain8,"1.4 V, 1.6 ns",1
blind,utility_per_resource_greedy,0.0003882399185758208,20.0,28,8,10,0.8,22.092843416102454,0.8193082840716297,0,0,3.126641271099041e-05,True,chain8,"1.4 V, 1.6 ns",1
blind,congestion_aware_greedy,0.0003882399185758208,20.0,28,8,10,0.8,22.60619577141975,0.8121751006634031,0,0,3.126641271099041e-05,True,chain8,"1.4 V, 1.6 ns",1
blind,greedy_local_search,0.0003882399185758208,20.0,28,8,10,0.8,22.092843416102454,0.8193082840716297,0,0,3.126641271099041e-05,True,chain8,"1.4 V, 1.6 ns",1
blind,cp_sat_exact,0.0003882399185758208,20.0,28,8,10,0.8,22.60619577141975,0.8121751006634031,0,0,3.126641271099041e-05,True,chain8,"1.4 V, 1.6 ns",1
aware,utility_per_resource_greedy,0.0003882399185758208,20.0,28,8,10,0.8,22.092843416102454,0.8193082840716297,0,0,3.126641271099041e-05,True,chain8,"1.4 V, 1.6 ns",1
aware,congestion_aware_greedy,0.0003882399185758208,20.0,28,8,10,0.8,22.60619577141975,0.8121751006634031,0,0,3.126641271099041e-05,True,chain8,"1.4 V, 1.6 ns",1
aware,greedy_local_search,0.0003882399185758208,20.0,28,8,10,0.8,22.092843416102454,0.8193082840716297,0,0,3.126641271099041e-05,True,chain8,"1.4 V, 1.6 ns",1
aware,cp_sat_exact,0.0003882399185758208,20.0,28,8,10,0.8,22.60619577141975,0.8121751006634031,0,0,3.126641271099041e-05,True,chain8,"1.4 V, 1.6 ns",1
clean,utility_per_resource_greedy,0.0,20.0,30,8,10,0.8,26.41783333844742,0.8520163147040517,0,0,0.0,True,chain8,"1.4 V, 1.6 ns",2
clean,congestion_aware_greedy,0.0,20.0,30,8,10,0.8,26.41783333844742,0.8520163147040517,0,0,0.0,True,chain8,"1.4 V, 1.6 ns",2
clean,greedy_local_search,0.0,20.0,30,8,10,0.8,26.41783333844742,0.8520163147040517,0,0,0.0,True,chain8,"1.4 V, 1.6 ns",2
clean,cp_sat_exact,0.0,20.0,30,8,10,0.8,26.41783333844742,0.8520163147040517,0,0,0.0,True,chain8,"1.4 V, 1.6 ns",2
blind,utility_per_resource_greedy,0.0003882399185758208,20.0,30,8,10,0.8,26.415199257386114,0.8519146867860481,0,0,3.841177373337905e-05,True,chain8,"1.4 V, 1.6 ns",2
blind,congestion_aware_greedy,0.0003882399185758208,20.0,30,8,10,0.8,26.415199257386114,0.8519146867860481,0,0,3.841177373337905e-05,True,chain8,"1.4 V, 1.6 ns",2
blind,greedy_local_search,0.0003882399185758208,20.0,30,8,10,0.8,26.415199257386114,0.8519146867860481,0,0,3.841177373337905e-05,True,chain8,"1.4 V, 1.6 ns",2
blind,cp_sat_exact,0.0003882399185758208,20.0,30,8,10,0.8,26.415199257386114,0.8519146867860481,0,0,3.841177373337905e-05,True,chain8,"1.4 V, 1.6 ns",2
aware,utility_per_resource_greedy,0.0003882399185758208,20.0,30,8,10,0.8,26.415199257386114,0.8519146867860481,0,0,3.841177373337905e-05,True,chain8,"1.4 V, 1.6 ns",2
aware,congestion_aware_greedy,0.0003882399185758208,20.0,30,8,10,0.8,26.415199257386114,0.8519146867860481,0,0,3.841177373337905e-05,True,chain8,"1.4 V, 1.6 ns",2
aware,greedy_local_search,0.0003882399185758208,20.0,30,8,10,0.8,26.415199257386114,0.8519146867860481,0,0,3.841177373337905e-05,True,chain8,"1.4 V, 1.6 ns",2
aware,cp_sat_exact,0.0003882399185758208,20.0,30,8,10,0.8,26.415199257386114,0.8519146867860481,0,0,3.841177373337905e-05,True,chain8,"1.4 V, 1.6 ns",2
clean,utility_per_resource_greedy,0.0,20.0,19,5,10,0.5,19.07488266666667,0.9057066666666668,0,0,0.0,True,chain8,"1.4 V, 1.6 ns",3
clean,congestion_aware_greedy,0.0,20.0,19,5,10,0.5,19.07488266666667,0.9057066666666668,0,0,0.0,True,chain8,"1.4 V, 1.6 ns",3
clean,greedy_local_search,0.0,20.0,19,5,10,0.5,19.07488266666667,0.9057066666666668,0,0,0.0,True,chain8,"1.4 V, 1.6 ns",3
clean,cp_sat_exact,0.0,20.0,19,5,10,0.5,19.07488266666667,0.9057066666666668,0,0,0.0,True,chain8,"1.4 V, 1.6 ns",3
blind,utility_per_resource_greedy,0.0003882399185758208,20.0,19,5,10,0.5,19.073215632529443,0.905603511174086,0,0,5.867109599817193e-05,True,chain8,"1.4 V, 1.6 ns",3
blind,congestion_aware_greedy,0.0003882399185758208,20.0,19,5,10,0.5,19.073215632529443,0.905603511174086,0,0,5.867109599817193e-05,True,chain8,"1.4 V, 1.6 ns",3
blind,greedy_local_search,0.0003882399185758208,20.0,19,5,10,0.5,19.073215632529443,0.905603511174086,0,0,5.867109599817193e-05,True,chain8,"1.4 V, 1.6 ns",3
blind,cp_sat_exact,0.0003882399185758208,20.0,19,5,10,0.5,19.073215632529443,0.905603511174086,0,0,5.867109599817193e-05,True,chain8,"1.4 V, 1.6 ns",3
aware,utility_per_resource_greedy,0.0003882399185758208,20.0,19,5,10,0.5,19.073215632529443,0.905603511174086,0,0,5.867109599817193e-05,True,chain8,"1.4 V, 1.6 ns",3
aware,congestion_aware_greedy,0.0003882399185758208,20.0,19,5,10,0.5,19.073215632529443,0.905603511174086,0,0,5.867109599817193e-05,True,chain8,"1.4 V, 1.6 ns",3
aware,greedy_local_search,0.0003882399185758208,20.0,19,5,10,0.5,19.073215632529443,0.905603511174086,0,0,5.867109599817193e-05,True,chain8,"1.4 V, 1.6 ns",3
aware,cp_sat_exact,0.0003882399185758208,20.0,19,5,10,0.5,19.073215632529443,0.905603511174086,0,0,5.867109599817193e-05,True,chain8,"1.4 V, 1.6 ns",3
clean,utility_per_resource_greedy,0.0,20.0,19,5,10,0.5,14.115882000000001,0.87712,0,0,0.0,True,chain8,"1.4 V, 1.6 ns",4
clean,congestion_aware_greedy,0.0,20.0,19,5,10,0.5,15.33037455163857,0.8753671234893183,0,0,0.0,True,chain8,"1.4 V, 1.6 ns",4
clean,greedy_local_search,0.0,20.0,19,5,10,0.5,14.115882000000001,0.87712,0,0,0.0,True,chain8,"1.4 V, 1.6 ns",4
clean,cp_sat_exact,0.0,20.0,19,5,10,0.5,15.33037455163857,0.8753671234893183,0,0,0.0,True,chain8,"1.4 V, 1.6 ns",4
blind,utility_per_resource_greedy,0.0003882399185758208,20.0,19,5,10,0.5,14.114502582351065,0.8770059201110479,0,0,6.230252464205816e-05,True,chain8,"1.4 V, 1.6 ns",4
blind,congestion_aware_greedy,0.0003882399185758208,20.0,19,5,10,0.5,15.327694776153187,0.875248777084642,0,0,6.230252464205816e-05,True,chain8,"1.4 V, 1.6 ns",4
blind,greedy_local_search,0.0003882399185758208,20.0,19,5,10,0.5,14.114502582351065,0.8770059201110479,0,0,6.230252464205816e-05,True,chain8,"1.4 V, 1.6 ns",4
blind,cp_sat_exact,0.0003882399185758208,20.0,19,5,10,0.5,15.327694776153187,0.875248777084642,0,0,6.230252464205816e-05,True,chain8,"1.4 V, 1.6 ns",4
aware,utility_per_resource_greedy,0.0003882399185758208,20.0,19,5,10,0.5,14.114502582351065,0.8770059201110479,0,0,6.230252464205816e-05,True,chain8,"1.4 V, 1.6 ns",4
aware,congestion_aware_greedy,0.0003882399185758208,20.0,19,5,10,0.5,15.327694776153187,0.875248777084642,0,0,6.230252464205816e-05,True,chain8,"1.4 V, 1.6 ns",4
aware,greedy_local_search,0.0003882399185758208,20.0,19,5,10,0.5,14.114502582351065,0.8770059201110479,0,0,6.230252464205816e-05,True,chain8,"1.4 V, 1.6 ns",4
aware,cp_sat_exact,0.0003882399185758208,20.0,19,5,10,0.5,15.327694776153187,0.875248777084642,0,0,6.230252464205816e-05,True,chain8,"1.4 V, 1.6 ns",4
clean,utility_per_resource_greedy,0.0,20.0,27,7,10,0.7,25.89430592977265,0.8237861829870994,0,0,0.0,True,chain8,"1.4 V, 1.6 ns",5
clean,congestion_aware_greedy,0.0,20.0,27,7,10,0.7,25.89430592977265,0.8237861829870994,0,0,0.0,True,chain8,"1.4 V, 1.6 ns",5
clean,greedy_local_search,0.0,20.0,27,7,10,0.7,25.89430592977265,0.8237861829870994,0,0,0.0,True,chain8,"1.4 V, 1.6 ns",5
clean,cp_sat_exact,0.0,20.0,27,7,10,0.7,25.89430592977265,0.8237861829870994,0,0,0.0,True,chain8,"1.4 V, 1.6 ns",5
blind,utility_per_resource_greedy,0.0003882399185758208,20.0,27,7,10,0.7,25.893321822044122,0.8237487877936402,0,0,2.622968046493503e-05,True,chain8,"1.4 V, 1.6 ns",5
blind,congestion_aware_greedy,0.0003882399185758208,20.0,27,7,10,0.7,25.893321822044122,0.8237487877936402,0,0,2.622968046493503e-05,True,chain8,"1.4 V, 1.6 ns",5
blind,greedy_local_search,0.0003882399185758208,20.0,27,7,10,0.7,25.893321822044122,0.8237487877936402,0,0,2.622968046493503e-05,True,chain8,"1.4 V, 1.6 ns",5
blind,cp_sat_exact,0.0003882399185758208,20.0,27,7,10,0.7,25.893321822044122,0.8237487877936402,0,0,2.622968046493503e-05,True,chain8,"1.4 V, 1.6 ns",5
aware,utility_per_resource_greedy,0.0003882399185758208,20.0,27,7,10,0.7,25.893321822044122,0.8237487877936402,0,0,2.622968046493503e-05,True,chain8,"1.4 V, 1.6 ns",5
aware,congestion_aware_greedy,0.0003882399185758208,20.0,27,7,10,0.7,25.893321822044122,0.8237487877936402,0,0,2.622968046493503e-05,True,chain8,"1.4 V, 1.6 ns",5
aware,greedy_local_search,0.0003882399185758208,20.0,27,7,10,0.7,25.893321822044122,0.8237487877936402,0,0,2.622968046493503e-05,True,chain8,"1.4 V, 1.6 ns",5
aware,cp_sat_exact,0.0003882399185758208,20.0,27,7,10,0.7,25.893321822044122,0.8237487877936402,0,0,2.622968046493503e-05,True,chain8,"1.4 V, 1.6 ns",5
clean,utility_per_resource_greedy,0.0,20.0,20,5,10,0.5,15.624181191111113,0.8643512888888889,0,0,0.0,True,chain8,"1.4 V, 1.6 ns",6
clean,congestion_aware_greedy,0.0,20.0,20,5,10,0.5,17.309559275495772,0.8724370203123776,0,0,0.0,True,chain8,"1.4 V, 1.6 ns",6
clean,greedy_local_search,0.0,20.0,20,5,10,0.5,15.624181191111113,0.8643512888888889,0,0,0.0,True,chain8,"1.4 V, 1.6 ns",6
clean,cp_sat_exact,0.0,20.0,20,5,10,0.5,17.309559275495772,0.8724370203123776,0,0,0.0,True,chain8,"1.4 V, 1.6 ns",6
blind,utility_per_resource_greedy,0.0003882399185758208,20.0,20,5,10,0.5,15.622260135944728,0.8642344753903626,0,0,4.027383280087131e-05,True,chain8,"1.4 V, 1.6 ns",6
blind,congestion_aware_greedy,0.0003882399185758208,20.0,20,5,10,0.5,17.306325343484072,0.8723276324896215,0,0,4.027383280087131e-05,True,chain8,"1.4 V, 1.6 ns",6
blind,greedy_local_search,0.0003882399185758208,20.0,20,5,10,0.5,15.622260135944728,0.8642344753903626,0,0,4.027383280087131e-05,True,chain8,"1.4 V, 1.6 ns",6
blind,cp_sat_exact,0.0003882399185758208,20.0,20,5,10,0.5,17.306325343484072,0.8723276324896215,0,0,4.027383280087131e-05,True,chain8,"1.4 V, 1.6 ns",6
aware,utility_per_resource_greedy,0.0003882399185758208,20.0,20,5,10,0.5,15.622260135944728,0.8642344753903626,0,0,4.027383280087131e-05,True,chain8,"1.4 V, 1.6 ns",6
aware,congestion_aware_greedy,0.0003882399185758208,20.0,20,5,10,0.5,17.306325343484072,0.8723276324896215,0,0,4.027383280087131e-05,True,chain8,"1.4 V, 1.6 ns",6
aware,greedy_local_search,0.0003882399185758208,20.0,20,5,10,0.5,15.622260135944728,0.8642344753903626,0,0,4.027383280087131e-05,True,chain8,"1.4 V, 1.6 ns",6
aware,cp_sat_exact,0.0003882399185758208,20.0,20,5,10,0.5,17.306325343484072,0.8723276324896215,0,0,4.027383280087131e-05,True,chain8,"1.4 V, 1.6 ns",6
clean,utility_per_resource_greedy,0.0,20.0,25,4,10,0.4,12.463333093333333,0.8344782222222222,0,0,0.0,True,chain8,"1.4 V, 1.6 ns",7
clean,congestion_aware_greedy,0.0,20.0,25,4,10,0.4,12.463333093333333,0.8344782222222222,0,0,0.0,True,chain8,"1.4 V, 1.6 ns",7
clean,greedy_local_search,0.0,20.0,25,4,10,0.4,12.463333093333333,0.8344782222222222,0,0,0.0,True,chain8,"1.4 V, 1.6 ns",7
clean,cp_sat_exact,0.0,20.0,25,4,10,0.4,12.463333093333333,0.8344782222222222,0,0,0.0,True,chain8,"1.4 V, 1.6 ns",7
blind,utility_per_resource_greedy,0.0003882399185758208,20.0,25,4,10,0.4,12.462165576345264,0.8343724949308803,0,0,6.233307665473983e-05,True,chain8,"1.4 V, 1.6 ns",7
blind,congestion_aware_greedy,0.0003882399185758208,20.0,25,4,10,0.4,12.462165576345264,0.8343724949308803,0,0,6.233307665473983e-05,True,chain8,"1.4 V, 1.6 ns",7
blind,greedy_local_search,0.0003882399185758208,20.0,25,4,10,0.4,12.462165576345264,0.8343724949308803,0,0,6.233307665473983e-05,True,chain8,"1.4 V, 1.6 ns",7
blind,cp_sat_exact,0.0003882399185758208,20.0,25,4,10,0.4,12.462165576345264,0.8343724949308803,0,0,6.233307665473983e-05,True,chain8,"1.4 V, 1.6 ns",7
aware,utility_per_resource_greedy,0.0003882399185758208,20.0,25,4,10,0.4,12.462165576345264,0.8343724949308803,0,0,6.233307665473983e-05,True,chain8,"1.4 V, 1.6 ns",7
aware,congestion_aware_greedy,0.0003882399185758208,20.0,25,4,10,0.4,12.462165576345264,0.8343724949308803,0,0,6.233307665473983e-05,True,chain8,"1.4 V, 1.6 ns",7
aware,greedy_local_search,0.0003882399185758208,20.0,25,4,10,0.4,12.462165576345264,0.8343724949308803,0,0,6.233307665473983e-05,True,chain8,"1.4 V, 1.6 ns",7
aware,cp_sat_exact,0.0003882399185758208,20.0,25,4,10,0.4,12.462165576345264,0.8343724949308803,0,0,6.233307665473983e-05,True,chain8,"1.4 V, 1.6 ns",7
clean,utility_per_resource_greedy,0.0,20.0,28,8,10,0.8,19.193954030870817,0.8199928954447925,0,0,0.0,True,chain8,"1.4 V, 1.6 ns",8
clean,congestion_aware_greedy,0.0,20.0,28,8,10,0.8,19.193954030870817,0.8199928954447925,0,0,0.0,True,chain8,"1.4 V, 1.6 ns",8
clean,greedy_local_search,0.0,20.0,28,8,10,0.8,19.193954030870817,0.8199928954447925,0,0,0.0,True,chain8,"1.4 V, 1.6 ns",8
clean,cp_sat_exact,0.0,20.0,28,8,10,0.8,19.193954030870817,0.8199928954447925,0,0,0.0,True,chain8,"1.4 V, 1.6 ns",8
blind,utility_per_resource_greedy,0.0003882399185758208,20.0,28,8,10,0.8,19.191954840393755,0.819899222964708,0,0,4.892250731036718e-05,True,chain8,"1.4 V, 1.6 ns",8
blind,congestion_aware_greedy,0.0003882399185758208,20.0,28,8,10,0.8,19.191954840393755,0.819899222964708,0,0,4.892250731036718e-05,True,chain8,"1.4 V, 1.6 ns",8
blind,greedy_local_search,0.0003882399185758208,20.0,28,8,10,0.8,19.191954840393755,0.819899222964708,0,0,4.892250731036718e-05,True,chain8,"1.4 V, 1.6 ns",8
blind,cp_sat_exact,0.0003882399185758208,20.0,28,8,10,0.8,19.191954840393755,0.819899222964708,0,0,4.892250731036718e-05,True,chain8,"1.4 V, 1.6 ns",8
aware,utility_per_resource_greedy,0.0003882399185758208,20.0,28,8,10,0.8,19.191954840393755,0.819899222964708,0,0,4.892250731036718e-05,True,chain8,"1.4 V, 1.6 ns",8
aware,congestion_aware_greedy,0.0003882399185758208,20.0,28,8,10,0.8,19.191954840393755,0.819899222964708,0,0,4.892250731036718e-05,True,chain8,"1.4 V, 1.6 ns",8
aware,greedy_local_search,0.0003882399185758208,20.0,28,8,10,0.8,19.191954840393755,0.819899222964708,0,0,4.892250731036718e-05,True,chain8,"1.4 V, 1.6 ns",8
aware,cp_sat_exact,0.0003882399185758208,20.0,28,8,10,0.8,19.191954840393755,0.819899222964708,0,0,4.892250731036718e-05,True,chain8,"1.4 V, 1.6 ns",8
clean,utility_per_resource_greedy,0.0,20.0,25,7,10,0.7,16.619050441897087,0.818016978940388,0,0,0.0,True,chain8,"1.4 V, 1.6 ns",9
clean,congestion_aware_greedy,0.0,20.0,25,7,10,0.7,16.619050441897087,0.818016978940388,0,0,0.0,True,chain8,"1.4 V, 1.6 ns",9
clean,greedy_local_search,0.0,20.0,25,7,10,0.7,16.619050441897087,0.818016978940388,0,0,0.0,True,chain8,"1.4 V, 1.6 ns",9
clean,cp_sat_exact,0.0,20.0,25,7,10,0.7,18.58455532983236,0.770949910030733,0,0,0.0,True,chain8,"1.4 V, 1.6 ns",9
blind,utility_per_resource_greedy,0.0003882399185758208,20.0,25,7,10,0.7,16.61760216057651,0.8179203246003046,0,0,4.76083567078543e-05,True,chain8,"1.4 V, 1.6 ns",9
blind,congestion_aware_greedy,0.0003882399185758208,20.0,25,7,10,0.7,16.61760216057651,0.8179203246003046,0,0,4.76083567078543e-05,True,chain8,"1.4 V, 1.6 ns",9
blind,greedy_local_search,0.0003882399185758208,20.0,25,7,10,0.7,16.61760216057651,0.8179203246003046,0,0,4.76083567078543e-05,True,chain8,"1.4 V, 1.6 ns",9
blind,cp_sat_exact,0.0003882399185758208,20.0,25,7,10,0.7,18.5824111989155,0.7708340467654632,0,0,4.76083567078543e-05,True,chain8,"1.4 V, 1.6 ns",9
aware,utility_per_resource_greedy,0.0003882399185758208,20.0,25,7,10,0.7,16.61760216057651,0.8179203246003046,0,0,4.76083567078543e-05,True,chain8,"1.4 V, 1.6 ns",9
aware,congestion_aware_greedy,0.0003882399185758208,20.0,25,7,10,0.7,16.61760216057651,0.8179203246003046,0,0,4.76083567078543e-05,True,chain8,"1.4 V, 1.6 ns",9
aware,greedy_local_search,0.0003882399185758208,20.0,25,7,10,0.7,16.61760216057651,0.8179203246003046,0,0,4.76083567078543e-05,True,chain8,"1.4 V, 1.6 ns",9
aware,cp_sat_exact,0.0003882399185758208,20.0,25,7,10,0.7,18.5824111989155,0.7708340467654632,0,0,4.76083567078543e-05,True,chain8,"1.4 V, 1.6 ns",9
clean,utility_per_resource_greedy,0.0,0.0,18,4,10,0.4,6.074772169400614,0.8602466475654689,0,0,0.0,True,chain8,"2.0 V, 1.6 ns",0
clean,congestion_aware_greedy,0.0,0.0,18,4,10,0.4,6.074772169400614,0.8602466475654689,0,0,0.0,True,chain8,"2.0 V, 1.6 ns",0
clean,greedy_local_search,0.0,0.0,18,4,10,0.4,6.074772169400614,0.8602466475654689,0,0,0.0,True,chain8,"2.0 V, 1.6 ns",0
clean,cp_sat_exact,0.0,0.0,18,4,10,0.4,6.074772169400614,0.8602466475654689,0,0,0.0,True,chain8,"2.0 V, 1.6 ns",0
blind,utility_per_resource_greedy,0.0977451419198761,0.0,16,5,10,0.5,5.230691100575388,0.7949217446200043,5,6,0.005495984055080275,True,chain8,"2.0 V, 1.6 ns",0
blind,congestion_aware_greedy,0.0977451419198761,0.0,16,5,10,0.5,5.230691100575388,0.7949217446200043,5,6,0.005495984055080275,True,chain8,"2.0 V, 1.6 ns",0
blind,greedy_local_search,0.0977451419198761,0.0,16,5,10,0.5,5.230691100575388,0.7949217446200043,5,6,0.005495984055080275,True,chain8,"2.0 V, 1.6 ns",0
blind,cp_sat_exact,0.0977451419198761,0.0,16,5,10,0.5,5.230691100575388,0.7949217446200043,5,6,0.005495984055080275,True,chain8,"2.0 V, 1.6 ns",0
aware,utility_per_resource_greedy,0.0977451419198761,0.0,0,0,10,0.0,0,,0,6,0.005495984055080275,True,chain8,"2.0 V, 1.6 ns",0
aware,congestion_aware_greedy,0.0977451419198761,0.0,0,0,10,0.0,0,,0,6,0.005495984055080275,True,chain8,"2.0 V, 1.6 ns",0
aware,greedy_local_search,0.0977451419198761,0.0,0,0,10,0.0,0,,0,6,0.005495984055080275,True,chain8,"2.0 V, 1.6 ns",0
aware,cp_sat_exact,0.0977451419198761,0.0,0,0,10,0.0,0,,0,6,0.005495984055080275,True,chain8,"2.0 V, 1.6 ns",0
clean,utility_per_resource_greedy,0.0,0.0,28,8,10,0.8,22.09433295099259,0.8193685807407407,0,0,0.0,True,chain8,"2.0 V, 1.6 ns",1
clean,congestion_aware_greedy,0.0,0.0,28,8,10,0.8,22.607824978725926,0.8122393837037037,0,0,0.0,True,chain8,"2.0 V, 1.6 ns",1
clean,greedy_local_search,0.0,0.0,28,8,10,0.8,22.09433295099259,0.8193685807407407,0,0,0.0,True,chain8,"2.0 V, 1.6 ns",1
clean,cp_sat_exact,0.0,0.0,28,8,10,0.8,22.607824978725926,0.8122393837037037,0,0,0.0,True,chain8,"2.0 V, 1.6 ns",1
blind,utility_per_resource_greedy,0.0977451419198761,0.0,26,6,10,0.6,14.692898944444007,0.8251484746122656,6,5,0.007724540127552811,True,chain8,"2.0 V, 1.6 ns",1
blind,congestion_aware_greedy,0.0977451419198761,0.0,26,7,10,0.7,16.97001031573667,0.8339882981117569,7,5,0.007724540127552811,True,chain8,"2.0 V, 1.6 ns",1
blind,greedy_local_search,0.0977451419198761,0.0,26,6,10,0.6,14.692898944444007,0.8251484746122656,6,5,0.007724540127552811,True,chain8,"2.0 V, 1.6 ns",1
blind,cp_sat_exact,0.0977451419198761,0.0,26,7,10,0.7,17.842028656863285,0.7773851048102989,7,5,0.007724540127552811,True,chain8,"2.0 V, 1.6 ns",1
aware,utility_per_resource_greedy,0.0977451419198761,0.0,0,0,10,0.0,0,,0,5,0.007724540127552811,True,chain8,"2.0 V, 1.6 ns",1
aware,congestion_aware_greedy,0.0977451419198761,0.0,0,0,10,0.0,0,,0,5,0.007724540127552811,True,chain8,"2.0 V, 1.6 ns",1
aware,greedy_local_search,0.0977451419198761,0.0,0,0,10,0.0,0,,0,5,0.007724540127552811,True,chain8,"2.0 V, 1.6 ns",1
aware,cp_sat_exact,0.0977451419198761,0.0,0,0,10,0.0,0,,0,5,0.007724540127552811,True,chain8,"2.0 V, 1.6 ns",1
clean,utility_per_resource_greedy,0.0,0.0,30,8,10,0.8,26.41783333844742,0.8520163147040517,0,0,0.0,True,chain8,"2.0 V, 1.6 ns",2
clean,congestion_aware_greedy,0.0,0.0,30,8,10,0.8,26.41783333844742,0.8520163147040517,0,0,0.0,True,chain8,"2.0 V, 1.6 ns",2
clean,greedy_local_search,0.0,0.0,30,8,10,0.8,26.41783333844742,0.8520163147040517,0,0,0.0,True,chain8,"2.0 V, 1.6 ns",2
clean,cp_sat_exact,0.0,0.0,30,8,10,0.8,26.41783333844742,0.8520163147040517,0,0,0.0,True,chain8,"2.0 V, 1.6 ns",2
blind,utility_per_resource_greedy,0.0977451419198761,0.0,30,8,10,0.8,25.78734200292192,0.8277244473701091,5,5,0.00935518428383805,True,chain8,"2.0 V, 1.6 ns",2
blind,congestion_aware_greedy,0.0977451419198761,0.0,30,8,10,0.8,25.78734200292192,0.8277244473701091,5,5,0.00935518428383805,True,chain8,"2.0 V, 1.6 ns",2
blind,greedy_local_search,0.0977451419198761,0.0,30,8,10,0.8,25.78734200292192,0.8277244473701091,5,5,0.00935518428383805,True,chain8,"2.0 V, 1.6 ns",2
blind,cp_sat_exact,0.0977451419198761,0.0,30,8,10,0.8,25.78734200292192,0.8277244473701091,5,5,0.00935518428383805,True,chain8,"2.0 V, 1.6 ns",2
aware,utility_per_resource_greedy,0.0977451419198761,0.0,9,3,10,0.3,9.475897681099909,0.8286591910432005,0,5,0.00935518428383805,True,chain8,"2.0 V, 1.6 ns",2
aware,congestion_aware_greedy,0.0977451419198761,0.0,9,3,10,0.3,9.475897681099909,0.8286591910432005,0,5,0.00935518428383805,True,chain8,"2.0 V, 1.6 ns",2
aware,greedy_local_search,0.0977451419198761,0.0,9,3,10,0.3,9.475897681099909,0.8286591910432005,0,5,0.00935518428383805,True,chain8,"2.0 V, 1.6 ns",2
aware,cp_sat_exact,0.0977451419198761,0.0,9,3,10,0.3,9.475897681099909,0.8286591910432005,0,5,0.00935518428383805,True,chain8,"2.0 V, 1.6 ns",2
clean,utility_per_resource_greedy,0.0,0.0,19,5,10,0.5,19.07488266666667,0.9057066666666668,0,0,0.0,True,chain8,"2.0 V, 1.6 ns",3
clean,congestion_aware_greedy,0.0,0.0,19,5,10,0.5,19.07488266666667,0.9057066666666668,0,0,0.0,True,chain8,"2.0 V, 1.6 ns",3
clean,greedy_local_search,0.0,0.0,19,5,10,0.5,19.07488266666667,0.9057066666666668,0,0,0.0,True,chain8,"2.0 V, 1.6 ns",3
clean,cp_sat_exact,0.0,0.0,19,5,10,0.5,19.07488266666667,0.9057066666666668,0,0,0.0,True,chain8,"2.0 V, 1.6 ns",3
blind,utility_per_resource_greedy,0.0977451419198761,0.0,17,5,10,0.5,18.675338661338074,0.8809857974756377,2,4,0.01430093760758912,True,chain8,"2.0 V, 1.6 ns",3
blind,congestion_aware_greedy,0.0977451419198761,0.0,17,5,10,0.5,18.675338661338074,0.8809857974756377,2,4,0.01430093760758912,True,chain8,"2.0 V, 1.6 ns",3
blind,greedy_local_search,0.0977451419198761,0.0,17,5,10,0.5,18.675338661338074,0.8809857974756377,2,4,0.01430093760758912,True,chain8,"2.0 V, 1.6 ns",3
blind,cp_sat_exact,0.0977451419198761,0.0,17,5,10,0.5,18.675338661338074,0.8809857974756377,2,4,0.01430093760758912,True,chain8,"2.0 V, 1.6 ns",3
aware,utility_per_resource_greedy,0.0977451419198761,0.0,9,3,10,0.3,11.16390176604189,0.8576044761470287,0,4,0.01430093760758912,True,chain8,"2.0 V, 1.6 ns",3
aware,congestion_aware_greedy,0.0977451419198761,0.0,9,3,10,0.3,11.16390176604189,0.8576044761470287,0,4,0.01430093760758912,True,chain8,"2.0 V, 1.6 ns",3
aware,greedy_local_search,0.0977451419198761,0.0,9,3,10,0.3,11.16390176604189,0.8576044761470287,0,4,0.01430093760758912,True,chain8,"2.0 V, 1.6 ns",3
aware,cp_sat_exact,0.0977451419198761,0.0,9,3,10,0.3,11.16390176604189,0.8576044761470287,0,4,0.01430093760758912,True,chain8,"2.0 V, 1.6 ns",3
clean,utility_per_resource_greedy,0.0,0.0,19,5,10,0.5,14.115882000000001,0.87712,0,0,0.0,True,chain8,"2.0 V, 1.6 ns",4
clean,congestion_aware_greedy,0.0,0.0,19,5,10,0.5,15.33037455163857,0.8753671234893183,0,0,0.0,True,chain8,"2.0 V, 1.6 ns",4
clean,greedy_local_search,0.0,0.0,19,5,10,0.5,14.115882000000001,0.87712,0,0,0.0,True,chain8,"2.0 V, 1.6 ns",4
clean,cp_sat_exact,0.0,0.0,19,5,10,0.5,15.33037455163857,0.8753671234893183,0,0,0.0,True,chain8,"2.0 V, 1.6 ns",4
blind,utility_per_resource_greedy,0.0977451419198761,0.0,17,5,10,0.5,13.781648334367922,0.849496130539009,3,3,0.01525782262702816,True,chain8,"2.0 V, 1.6 ns",4
blind,congestion_aware_greedy,0.0977451419198761,0.0,17,5,10,0.5,13.781648334367922,0.849496130539009,3,3,0.01525782262702816,True,chain8,"2.0 V, 1.6 ns",4
blind,greedy_local_search,0.0977451419198761,0.0,17,5,10,0.5,13.781648334367922,0.849496130539009,3,3,0.01525782262702816,True,chain8,"2.0 V, 1.6 ns",4
blind,cp_sat_exact,0.0977451419198761,0.0,17,5,10,0.5,13.781648334367922,0.849496130539009,3,3,0.01525782262702816,True,chain8,"2.0 V, 1.6 ns",4
aware,utility_per_resource_greedy,0.0977451419198761,0.0,6,2,10,0.2,7.7017850103537455,0.85192170617968,0,3,0.01525782262702816,True,chain8,"2.0 V, 1.6 ns",4
aware,congestion_aware_greedy,0.0977451419198761,0.0,6,2,10,0.2,7.7017850103537455,0.85192170617968,0,3,0.01525782262702816,True,chain8,"2.0 V, 1.6 ns",4
aware,greedy_local_search,0.0977451419198761,0.0,6,2,10,0.2,7.7017850103537455,0.85192170617968,0,3,0.01525782262702816,True,chain8,"2.0 V, 1.6 ns",4
aware,cp_sat_exact,0.0977451419198761,0.0,6,2,10,0.2,7.7017850103537455,0.85192170617968,0,3,0.01525782262702816,True,chain8,"2.0 V, 1.6 ns",4
clean,utility_per_resource_greedy,0.0,0.0,27,7,10,0.7,25.89430592977265,0.8237861829870994,0,0,0.0,True,chain8,"2.0 V, 1.6 ns",5
clean,congestion_aware_greedy,0.0,0.0,27,7,10,0.7,25.89430592977265,0.8237861829870994,0,0,0.0,True,chain8,"2.0 V, 1.6 ns",5
clean,greedy_local_search,0.0,0.0,27,7,10,0.7,25.89430592977265,0.8237861829870994,0,0,0.0,True,chain8,"2.0 V, 1.6 ns",5
clean,cp_sat_exact,0.0,0.0,27,7,10,0.7,25.89430592977265,0.8237861829870994,0,0,0.0,True,chain8,"2.0 V, 1.6 ns",5
blind,utility_per_resource_greedy,0.0977451419198761,0.0,26,7,10,0.7,24.4356353814186,0.8103746879928239,7,6,0.006383797229148994,True,chain8,"2.0 V, 1.6 ns",5
blind,congestion_aware_greedy,0.0977451419198761,0.0,26,7,10,0.7,24.4356353814186,0.8103746879928239,7,6,0.006383797229148994,True,chain8,"2.0 V, 1.6 ns",5
blind,greedy_local_search,0.0977451419198761,0.0,26,7,10,0.7,24.4356353814186,0.8103746879928239,7,6,0.006383797229148994,True,chain8,"2.0 V, 1.6 ns",5
blind,cp_sat_exact,0.0977451419198761,0.0,26,7,10,0.7,24.4356353814186,0.8103746879928239,7,6,0.006383797229148994,True,chain8,"2.0 V, 1.6 ns",5
aware,utility_per_resource_greedy,0.0977451419198761,0.0,0,0,10,0.0,0,,0,6,0.006383797229148994,True,chain8,"2.0 V, 1.6 ns",5
aware,congestion_aware_greedy,0.0977451419198761,0.0,0,0,10,0.0,0,,0,6,0.006383797229148994,True,chain8,"2.0 V, 1.6 ns",5
aware,greedy_local_search,0.0977451419198761,0.0,0,0,10,0.0,0,,0,6,0.006383797229148994,True,chain8,"2.0 V, 1.6 ns",5
aware,cp_sat_exact,0.0977451419198761,0.0,0,0,10,0.0,0,,0,6,0.006383797229148994,True,chain8,"2.0 V, 1.6 ns",5
clean,utility_per_resource_greedy,0.0,0.0,20,5,10,0.5,15.624181191111113,0.8643512888888889,0,0,0.0,True,chain8,"2.0 V, 1.6 ns",6
clean,congestion_aware_greedy,0.0,0.0,20,5,10,0.5,17.309559275495772,0.8724370203123776,0,0,0.0,True,chain8,"2.0 V, 1.6 ns",6
clean,greedy_local_search,0.0,0.0,20,5,10,0.5,15.624181191111113,0.8643512888888889,0,0,0.0,True,chain8,"2.0 V, 1.6 ns",6
clean,cp_sat_exact,0.0,0.0,20,5,10,0.5,17.309559275495772,0.8724370203123776,0,0,0.0,True,chain8,"2.0 V, 1.6 ns",6
blind,utility_per_resource_greedy,0.0977451419198761,0.0,19,5,10,0.5,15.165105423421188,0.8363889019578112,3,5,0.00982036010617769,True,chain8,"2.0 V, 1.6 ns",6
blind,congestion_aware_greedy,0.0977451419198761,0.0,19,5,10,0.5,16.548026049913215,0.84600226804906,3,5,0.00982036010617769,True,chain8,"2.0 V, 1.6 ns",6
blind,greedy_local_search,0.0977451419198761,0.0,19,5,10,0.5,15.165105423421188,0.8363889019578112,3,5,0.00982036010617769,True,chain8,"2.0 V, 1.6 ns",6
blind,cp_sat_exact,0.0977451419198761,0.0,19,5,10,0.5,16.548026049913215,0.84600226804906,3,5,0.00982036010617769,True,chain8,"2.0 V, 1.6 ns",6
aware,utility_per_resource_greedy,0.0977451419198761,0.0,8,3,10,0.3,8.490817537743267,0.8455985359828498,0,5,0.00982036010617769,True,chain8,"2.0 V, 1.6 ns",6
aware,congestion_aware_greedy,0.0977451419198761,0.0,8,3,10,0.3,8.490817537743267,0.8455985359828498,0,5,0.00982036010617769,True,chain8,"2.0 V, 1.6 ns",6
aware,greedy_local_search,0.0977451419198761,0.0,8,3,10,0.3,8.490817537743267,0.8455985359828498,0,5,0.00982036010617769,True,chain8,"2.0 V, 1.6 ns",6
aware,cp_sat_exact,0.0977451419198761,0.0,8,3,10,0.3,8.490817537743267,0.8455985359828498,0,5,0.00982036010617769,True,chain8,"2.0 V, 1.6 ns",6
clean,utility_per_resource_greedy,0.0,0.0,25,4,10,0.4,12.463333093333333,0.8344782222222222,0,0,0.0,True,chain8,"2.0 V, 1.6 ns",7
clean,congestion_aware_greedy,0.0,0.0,25,4,10,0.4,12.463333093333333,0.8344782222222222,0,0,0.0,True,chain8,"2.0 V, 1.6 ns",7
clean,greedy_local_search,0.0,0.0,25,4,10,0.4,12.463333093333333,0.8344782222222222,0,0,0.0,True,chain8,"2.0 V, 1.6 ns",7
clean,cp_sat_exact,0.0,0.0,25,4,10,0.4,12.463333093333333,0.8344782222222222,0,0,0.0,True,chain8,"2.0 V, 1.6 ns",7
blind,utility_per_resource_greedy,0.0977451419198761,0.0,22,4,10,0.4,12.178605574612373,0.8087224419353894,2,3,0.015242938905172651,True,chain8,"2.0 V, 1.6 ns",7
blind,congestion_aware_greedy,0.0977451419198761,0.0,22,4,10,0.4,12.178605574612373,0.8087224419353894,2,3,0.015242938905172651,True,chain8,"2.0 V, 1.6 ns",7
blind,greedy_local_search,0.0977451419198761,0.0,22,4,10,0.4,12.178605574612373,0.8087224419353894,2,3,0.015242938905172651,True,chain8,"2.0 V, 1.6 ns",7
blind,cp_sat_exact,0.0977451419198761,0.0,22,4,10,0.4,12.178605574612373,0.8087224419353894,2,3,0.015242938905172651,True,chain8,"2.0 V, 1.6 ns",7
aware,utility_per_resource_greedy,0.0977451419198761,0.0,6,2,10,0.2,8.728387196411392,0.8598476487555538,0,3,0.015242938905172651,True,chain8,"2.0 V, 1.6 ns",7
aware,congestion_aware_greedy,0.0977451419198761,0.0,6,2,10,0.2,8.728387196411392,0.8598476487555538,0,3,0.015242938905172651,True,chain8,"2.0 V, 1.6 ns",7
aware,greedy_local_search,0.0977451419198761,0.0,6,2,10,0.2,8.728387196411392,0.8598476487555538,0,3,0.015242938905172651,True,chain8,"2.0 V, 1.6 ns",7
aware,cp_sat_exact,0.0977451419198761,0.0,6,2,10,0.2,8.728387196411392,0.8598476487555538,0,3,0.015242938905172651,True,chain8,"2.0 V, 1.6 ns",7
clean,utility_per_resource_greedy,0.0,0.0,28,8,10,0.8,19.193954030870817,0.8199928954447925,0,0,0.0,True,chain8,"2.0 V, 1.6 ns",8
clean,congestion_aware_greedy,0.0,0.0,28,8,10,0.8,19.193954030870817,0.8199928954447925,0,0,0.0,True,chain8,"2.0 V, 1.6 ns",8
clean,greedy_local_search,0.0,0.0,28,8,10,0.8,19.193954030870817,0.8199928954447925,0,0,0.0,True,chain8,"2.0 V, 1.6 ns",8
clean,cp_sat_exact,0.0,0.0,28,8,10,0.8,19.193954030870817,0.8199928954447925,0,0,0.0,True,chain8,"2.0 V, 1.6 ns",8
blind,utility_per_resource_greedy,0.0977451419198761,0.0,25,7,10,0.7,15.117437953374921,0.8428410829178882,5,3,0.011992138643180605,True,chain8,"2.0 V, 1.6 ns",8
blind,congestion_aware_greedy,0.0977451419198761,0.0,25,7,10,0.7,15.117437953374921,0.8428410829178882,5,3,0.011992138643180605,True,chain8,"2.0 V, 1.6 ns",8
blind,greedy_local_search,0.0977451419198761,0.0,25,7,10,0.7,15.117437953374921,0.8428410829178882,5,3,0.011992138643180605,True,chain8,"2.0 V, 1.6 ns",8
blind,cp_sat_exact,0.0977451419198761,0.0,25,7,10,0.7,15.117437953374921,0.8428410829178882,5,3,0.011992138643180605,True,chain8,"2.0 V, 1.6 ns",8
aware,utility_per_resource_greedy,0.0977451419198761,0.0,6,2,10,0.2,3.141523921243876,0.9013121877741934,0,3,0.011992138643180605,True,chain8,"2.0 V, 1.6 ns",8
aware,congestion_aware_greedy,0.0977451419198761,0.0,6,2,10,0.2,3.141523921243876,0.9013121877741934,0,3,0.011992138643180605,True,chain8,"2.0 V, 1.6 ns",8
aware,greedy_local_search,0.0977451419198761,0.0,6,2,10,0.2,3.141523921243876,0.9013121877741934,0,3,0.011992138643180605,True,chain8,"2.0 V, 1.6 ns",8
aware,cp_sat_exact,0.0977451419198761,0.0,6,2,10,0.2,3.141523921243876,0.9013121877741934,0,3,0.011992138643180605,True,chain8,"2.0 V, 1.6 ns",8
clean,utility_per_resource_greedy,0.0,0.0,25,7,10,0.7,16.619050441897087,0.818016978940388,0,0,0.0,True,chain8,"2.0 V, 1.6 ns",9
clean,congestion_aware_greedy,0.0,0.0,25,7,10,0.7,16.619050441897087,0.818016978940388,0,0,0.0,True,chain8,"2.0 V, 1.6 ns",9
clean,greedy_local_search,0.0,0.0,25,7,10,0.7,16.619050441897087,0.818016978940388,0,0,0.0,True,chain8,"2.0 V, 1.6 ns",9
clean,cp_sat_exact,0.0,0.0,25,7,10,0.7,18.58455532983236,0.770949910030733,0,0,0.0,True,chain8,"2.0 V, 1.6 ns",9
blind,utility_per_resource_greedy,0.0977451419198761,0.0,23,6,10,0.6,13.1805807623127,0.8222834598126633,6,5,0.011610646171408676,True,chain8,"2.0 V, 1.6 ns",9
blind,congestion_aware_greedy,0.0977451419198761,0.0,23,6,10,0.6,13.1805807623127,0.8222834598126633,6,5,0.011610646171408676,True,chain8,"2.0 V, 1.6 ns",9
blind,greedy_local_search,0.0977451419198761,0.0,23,6,10,0.6,13.1805807623127,0.8222834598126633,6,5,0.011610646171408676,True,chain8,"2.0 V, 1.6 ns",9
blind,cp_sat_exact,0.0977451419198761,0.0,23,6,10,0.6,13.1805807623127,0.8222834598126633,6,5,0.011610646171408676,True,chain8,"2.0 V, 1.6 ns",9
aware,utility_per_resource_greedy,0.0977451419198761,0.0,0,0,10,0.0,0,,0,5,0.011610646171408676,True,chain8,"2.0 V, 1.6 ns",9
aware,congestion_aware_greedy,0.0977451419198761,0.0,0,0,10,0.0,0,,0,5,0.011610646171408676,True,chain8,"2.0 V, 1.6 ns",9
aware,greedy_local_search,0.0977451419198761,0.0,0,0,10,0.0,0,,0,5,0.011610646171408676,True,chain8,"2.0 V, 1.6 ns",9
aware,cp_sat_exact,0.0977451419198761,0.0,0,0,10,0.0,0,,0,5,0.011610646171408676,True,chain8,"2.0 V, 1.6 ns",9
clean,utility_per_resource_greedy,0.0,10.0,18,4,10,0.4,6.074772169400614,0.8602466475654689,0,0,0.0,True,chain8,"2.0 V, 1.6 ns",0
clean,congestion_aware_greedy,0.0,10.0,18,4,10,0.4,6.074772169400614,0.8602466475654689,0,0,0.0,True,chain8,"2.0 V, 1.6 ns",0
clean,greedy_local_search,0.0,10.0,18,4,10,0.4,6.074772169400614,0.8602466475654689,0,0,0.0,True,chain8,"2.0 V, 1.6 ns",0
clean,cp_sat_exact,0.0,10.0,18,4,10,0.4,6.074772169400614,0.8602466475654689,0,0,0.0,True,chain8,"2.0 V, 1.6 ns",0
blind,utility_per_resource_greedy,0.009774514191987611,10.0,18,4,10,0.4,6.052067920944004,0.85915200410604,0,0,0.0005553157369787247,True,chain8,"2.0 V, 1.6 ns",0
blind,congestion_aware_greedy,0.009774514191987611,10.0,18,4,10,0.4,6.052067920944004,0.85915200410604,0,0,0.0005553157369787247,True,chain8,"2.0 V, 1.6 ns",0
blind,greedy_local_search,0.009774514191987611,10.0,18,4,10,0.4,6.052067920944004,0.85915200410604,0,0,0.0005553157369787247,True,chain8,"2.0 V, 1.6 ns",0
blind,cp_sat_exact,0.009774514191987611,10.0,18,4,10,0.4,6.052067920944004,0.85915200410604,0,0,0.0005553157369787247,True,chain8,"2.0 V, 1.6 ns",0
aware,utility_per_resource_greedy,0.009774514191987611,10.0,18,4,10,0.4,6.052067920944004,0.85915200410604,0,0,0.0005553157369787247,True,chain8,"2.0 V, 1.6 ns",0
aware,congestion_aware_greedy,0.009774514191987611,10.0,18,4,10,0.4,6.052067920944004,0.85915200410604,0,0,0.0005553157369787247,True,chain8,"2.0 V, 1.6 ns",0
aware,greedy_local_search,0.009774514191987611,10.0,18,4,10,0.4,6.052067920944004,0.85915200410604,0,0,0.0005553157369787247,True,chain8,"2.0 V, 1.6 ns",0
aware,cp_sat_exact,0.009774514191987611,10.0,18,4,10,0.4,6.052067920944004,0.85915200410604,0,0,0.0005553157369787247,True,chain8,"2.0 V, 1.6 ns",0
clean,utility_per_resource_greedy,0.0,10.0,28,8,10,0.8,22.09433295099259,0.8193685807407407,0,0,0.0,True,chain8,"2.0 V, 1.6 ns",1
clean,congestion_aware_greedy,0.0,10.0,28,8,10,0.8,22.607824978725926,0.8122393837037037,0,0,0.0,True,chain8,"2.0 V, 1.6 ns",1
clean,greedy_local_search,0.0,10.0,28,8,10,0.8,22.09433295099259,0.8193685807407407,0,0,0.0,True,chain8,"2.0 V, 1.6 ns",1
clean,cp_sat_exact,0.0,10.0,28,8,10,0.8,22.607824978725926,0.8122393837037037,0,0,0.0,True,chain8,"2.0 V, 1.6 ns",1
blind,utility_per_resource_greedy,0.009774514191987611,10.0,28,8,10,0.8,22.05693097316734,0.8178544787865041,0,0,0.0007857276684804752,True,chain8,"2.0 V, 1.6 ns",1
blind,congestion_aware_greedy,0.009774514191987611,10.0,28,8,10,0.8,22.56692528865959,0.8106256686213,0,0,0.0007857276684804752,True,chain8,"2.0 V, 1.6 ns",1
blind,greedy_local_search,0.009774514191987611,10.0,28,8,10,0.8,22.05693097316734,0.8178544787865041,0,0,0.0007857276684804752,True,chain8,"2.0 V, 1.6 ns",1
blind,cp_sat_exact,0.009774514191987611,10.0,28,8,10,0.8,22.56692528865959,0.8106256686213,0,0,0.0007857276684804752,True,chain8,"2.0 V, 1.6 ns",1
aware,utility_per_resource_greedy,0.009774514191987611,10.0,28,8,10,0.8,22.05693097316734,0.8178544787865041,0,0,0.0007857276684804752,True,chain8,"2.0 V, 1.6 ns",1
aware,congestion_aware_greedy,0.009774514191987611,10.0,28,8,10,0.8,22.56692528865959,0.8106256686213,0,0,0.0007857276684804752,True,chain8,"2.0 V, 1.6 ns",1
aware,greedy_local_search,0.009774514191987611,10.0,28,8,10,0.8,22.05693097316734,0.8178544787865041,0,0,0.0007857276684804752,True,chain8,"2.0 V, 1.6 ns",1
aware,cp_sat_exact,0.009774514191987611,10.0,28,8,10,0.8,22.56692528865959,0.8106256686213,0,0,0.0007857276684804752,True,chain8,"2.0 V, 1.6 ns",1
clean,utility_per_resource_greedy,0.0,10.0,30,8,10,0.8,26.41783333844742,0.8520163147040517,0,0,0.0,True,chain8,"2.0 V, 1.6 ns",2
clean,congestion_aware_greedy,0.0,10.0,30,8,10,0.8,26.41783333844742,0.8520163147040517,0,0,0.0,True,chain8,"2.0 V, 1.6 ns",2
clean,greedy_local_search,0.0,10.0,30,8,10,0.8,26.41783333844742,0.8520163147040517,0,0,0.0,True,chain8,"2.0 V, 1.6 ns",2
clean,cp_sat_exact,0.0,10.0,30,8,10,0.8,26.41783333844742,0.8520163147040517,0,0,0.0,True,chain8,"2.0 V, 1.6 ns",2
blind,utility_per_resource_greedy,0.009774514191987611,10.0,30,8,10,0.8,26.351845236956805,0.8494707159254495,0,0,0.0009639283643548982,True,chain8,"2.0 V, 1.6 ns",2
blind,congestion_aware_greedy,0.009774514191987611,10.0,30,8,10,0.8,26.351845236956805,0.8494707159254495,0,0,0.0009639283643548982,True,chain8,"2.0 V, 1.6 ns",2
blind,greedy_local_search,0.009774514191987611,10.0,30,8,10,0.8,26.351845236956805,0.8494707159254495,0,0,0.0009639283643548982,True,chain8,"2.0 V, 1.6 ns",2
blind,cp_sat_exact,0.009774514191987611,10.0,30,8,10,0.8,26.351845236956805,0.8494707159254495,0,0,0.0009639283643548982,True,chain8,"2.0 V, 1.6 ns",2
aware,utility_per_resource_greedy,0.009774514191987611,10.0,30,8,10,0.8,26.351845236956805,0.8494707159254495,0,0,0.0009639283643548982,True,chain8,"2.0 V, 1.6 ns",2
aware,congestion_aware_greedy,0.009774514191987611,10.0,30,8,10,0.8,26.351845236956805,0.8494707159254495,0,0,0.0009639283643548982,True,chain8,"2.0 V, 1.6 ns",2
aware,greedy_local_search,0.009774514191987611,10.0,30,8,10,0.8,26.351845236956805,0.8494707159254495,0,0,0.0009639283643548982,True,chain8,"2.0 V, 1.6 ns",2
aware,cp_sat_exact,0.009774514191987611,10.0,30,8,10,0.8,26.351845236956805,0.8494707159254495,0,0,0.0009639283643548982,True,chain8,"2.0 V, 1.6 ns",2
clean,utility_per_resource_greedy,0.0,10.0,19,5,10,0.5,19.07488266666667,0.9057066666666668,0,0,0.0,True,chain8,"2.0 V, 1.6 ns",3
clean,congestion_aware_greedy,0.0,10.0,19,5,10,0.5,19.07488266666667,0.9057066666666668,0,0,0.0,True,chain8,"2.0 V, 1.6 ns",3
clean,greedy_local_search,0.0,10.0,19,5,10,0.5,19.07488266666667,0.9057066666666668,0,0,0.0,True,chain8,"2.0 V, 1.6 ns",3
clean,cp_sat_exact,0.0,10.0,19,5,10,0.5,19.07488266666667,0.9057066666666668,0,0,0.0,True,chain8,"2.0 V, 1.6 ns",3
blind,utility_per_resource_greedy,0.009774514191987611,10.0,19,5,10,0.5,19.033115905722156,0.9031221820145572,0,0,0.0014724348380801913,True,chain8,"2.0 V, 1.6 ns",3
blind,congestion_aware_greedy,0.009774514191987611,10.0,19,5,10,0.5,19.033115905722156,0.9031221820145572,0,0,0.0014724348380801913,True,chain8,"2.0 V, 1.6 ns",3
blind,greedy_local_search,0.009774514191987611,10.0,19,5,10,0.5,19.033115905722156,0.9031221820145572,0,0,0.0014724348380801913,True,chain8,"2.0 V, 1.6 ns",3
blind,cp_sat_exact,0.009774514191987611,10.0,19,5,10,0.5,19.033115905722156,0.9031221820145572,0,0,0.0014724348380801913,True,chain8,"2.0 V, 1.6 ns",3
aware,utility_per_resource_greedy,0.009774514191987611,10.0,19,5,10,0.5,19.033115905722156,0.9031221820145572,0,0,0.0014724348380801913,True,chain8,"2.0 V, 1.6 ns",3
aware,congestion_aware_greedy,0.009774514191987611,10.0,19,5,10,0.5,19.033115905722156,0.9031221820145572,0,0,0.0014724348380801913,True,chain8,"2.0 V, 1.6 ns",3
aware,greedy_local_search,0.009774514191987611,10.0,19,5,10,0.5,19.033115905722156,0.9031221820145572,0,0,0.0014724348380801913,True,chain8,"2.0 V, 1.6 ns",3
aware,cp_sat_exact,0.009774514191987611,10.0,19,5,10,0.5,19.033115905722156,0.9031221820145572,0,0,0.0014724348380801913,True,chain8,"2.0 V, 1.6 ns",3
clean,utility_per_resource_greedy,0.0,10.0,19,5,10,0.5,14.115882000000001,0.87712,0,0,0.0,True,chain8,"2.0 V, 1.6 ns",4
clean,congestion_aware_greedy,0.0,10.0,19,5,10,0.5,15.33037455163857,0.8753671234893183,0,0,0.0,True,chain8,"2.0 V, 1.6 ns",4
clean,greedy_local_search,0.0,10.0,19,5,10,0.5,14.115882000000001,0.87712,0,0,0.0,True,chain8,"2.0 V, 1.6 ns",4
clean,cp_sat_exact,0.0,10.0,19,5,10,0.5,15.33037455163857,0.8753671234893183,0,0,0.0,True,chain8,"2.0 V, 1.6 ns",4
blind,utility_per_resource_greedy,0.009774514191987611,10.0,19,5,10,0.5,14.081283279891615,0.8742588131130973,0,0,0.0015643180030480628,True,chain8,"2.0 V, 1.6 ns",4
blind,congestion_aware_greedy,0.009774514191987611,10.0,19,5,10,0.5,15.263315698437623,0.8723979154131507,0,0,0.0015643180030480628,True,chain8,"2.0 V, 1.6 ns",4
blind,greedy_local_search,0.009774514191987611,10.0,19,5,10,0.5,14.081283279891615,0.8742588131130973,0,0,0.0015643180030480628,True,chain8,"2.0 V, 1.6 ns",4
blind,cp_sat_exact,0.009774514191987611,10.0,19,5,10,0.5,15.263315698437623,0.8723979154131507,0,0,0.0015643180030480628,True,chain8,"2.0 V, 1.6 ns",4
aware,utility_per_resource_greedy,0.009774514191987611,10.0,19,5,10,0.5,14.081283279891615,0.8742588131130973,0,0,0.0015643180030480628,True,chain8,"2.0 V, 1.6 ns",4
aware,congestion_aware_greedy,0.009774514191987611,10.0,19,5,10,0.5,15.263315698437623,0.8723979154131507,0,0,0.0015643180030480628,True,chain8,"2.0 V, 1.6 ns",4
aware,greedy_local_search,0.009774514191987611,10.0,19,5,10,0.5,14.081283279891615,0.8742588131130973,0,0,0.0015643180030480628,True,chain8,"2.0 V, 1.6 ns",4
aware,cp_sat_exact,0.009774514191987611,10.0,19,5,10,0.5,15.263315698437623,0.8723979154131507,0,0,0.0015643180030480628,True,chain8,"2.0 V, 1.6 ns",4
clean,utility_per_resource_greedy,0.0,10.0,27,7,10,0.7,25.89430592977265,0.8237861829870994,0,0,0.0,True,chain8,"2.0 V, 1.6 ns",5
clean,congestion_aware_greedy,0.0,10.0,27,7,10,0.7,25.89430592977265,0.8237861829870994,0,0,0.0,True,chain8,"2.0 V, 1.6 ns",5
clean,greedy_local_search,0.0,10.0,27,7,10,0.7,25.89430592977265,0.8237861829870994,0,0,0.0,True,chain8,"2.0 V, 1.6 ns",5
clean,cp_sat_exact,0.0,10.0,27,7,10,0.7,25.89430592977265,0.8237861829870994,0,0,0.0,True,chain8,"2.0 V, 1.6 ns",5
blind,utility_per_resource_greedy,0.009774514191987611,10.0,27,7,10,0.7,25.869623049664973,0.8228481175892789,0,0,0.0006581683084080517,True,chain8,"2.0 V, 1.6 ns",5
blind,congestion_aware_greedy,0.009774514191987611,10.0,27,7,10,0.7,25.869623049664973,0.8228481175892789,0,0,0.0006581683084080517,True,chain8,"2.0 V, 1.6 ns",5
blind,greedy_local_search,0.009774514191987611,10.0,27,7,10,0.7,25.869623049664973,0.8228481175892789,0,0,0.0006581683084080517,True,chain8,"2.0 V, 1.6 ns",5
blind,cp_sat_exact,0.009774514191987611,10.0,27,7,10,0.7,25.869623049664973,0.8228481175892789,0,0,0.0006581683084080517,True,chain8,"2.0 V, 1.6 ns",5
aware,utility_per_resource_greedy,0.009774514191987611,10.0,27,7,10,0.7,25.869623049664973,0.8228481175892789,0,0,0.0006581683084080517,True,chain8,"2.0 V, 1.6 ns",5
aware,congestion_aware_greedy,0.009774514191987611,10.0,27,7,10,0.7,25.869623049664973,0.8228481175892789,0,0,0.0006581683084080517,True,chain8,"2.0 V, 1.6 ns",5
aware,greedy_local_search,0.009774514191987611,10.0,27,7,10,0.7,25.869623049664973,0.8228481175892789,0,0,0.0006581683084080517,True,chain8,"2.0 V, 1.6 ns",5
aware,cp_sat_exact,0.009774514191987611,10.0,27,7,10,0.7,25.869623049664973,0.8228481175892789,0,0,0.0006581683084080517,True,chain8,"2.0 V, 1.6 ns",5
clean,utility_per_resource_greedy,0.0,10.0,20,5,10,0.5,15.624181191111113,0.8643512888888889,0,0,0.0,True,chain8,"2.0 V, 1.6 ns",6
clean,congestion_aware_greedy,0.0,10.0,20,5,10,0.5,17.309559275495772,0.8724370203123776,0,0,0.0,True,chain8,"2.0 V, 1.6 ns",6
clean,greedy_local_search,0.0,10.0,20,5,10,0.5,15.624181191111113,0.8643512888888889,0,0,0.0,True,chain8,"2.0 V, 1.6 ns",6
clean,cp_sat_exact,0.0,10.0,20,5,10,0.5,17.309559275495772,0.8724370203123776,0,0,0.0,True,chain8,"2.0 V, 1.6 ns",6
blind,utility_per_resource_greedy,0.009774514191987611,10.0,20,5,10,0.5,15.576063667893667,0.8614249266701627,0,0,0.0010107548664244665,True,chain8,"2.0 V, 1.6 ns",6
blind,congestion_aware_greedy,0.009774514191987611,10.0,20,5,10,0.5,17.2286771324475,0.8696940570659519,0,0,0.0010107548664244665,True,chain8,"2.0 V, 1.6 ns",6
blind,greedy_local_search,0.009774514191987611,10.0,20,5,10,0.5,15.576063667893667,0.8614249266701627,0,0,0.0010107548664244665,True,chain8,"2.0 V, 1.6 ns",6
blind,cp_sat_exact,0.009774514191987611,10.0,20,5,10,0.5,17.2286771324475,0.8696940570659519,0,0,0.0010107548664244665,True,chain8,"2.0 V, 1.6 ns",6
aware,utility_per_resource_greedy,0.009774514191987611,10.0,20,5,10,0.5,15.576063667893667,0.8614249266701627,0,0,0.0010107548664244665,True,chain8,"2.0 V, 1.6 ns",6
aware,congestion_aware_greedy,0.009774514191987611,10.0,20,5,10,0.5,17.2286771324475,0.8696940570659519,0,0,0.0010107548664244665,True,chain8,"2.0 V, 1.6 ns",6
aware,greedy_local_search,0.009774514191987611,10.0,20,5,10,0.5,15.576063667893667,0.8614249266701627,0,0,0.0010107548664244665,True,chain8,"2.0 V, 1.6 ns",6
aware,cp_sat_exact,0.009774514191987611,10.0,20,5,10,0.5,17.2286771324475,0.8696940570659519,0,0,0.0010107548664244665,True,chain8,"2.0 V, 1.6 ns",6
clean,utility_per_resource_greedy,0.0,10.0,25,4,10,0.4,12.463333093333333,0.8344782222222222,0,0,0.0,True,chain8,"2.0 V, 1.6 ns",7
clean,congestion_aware_greedy,0.0,10.0,25,4,10,0.4,12.463333093333333,0.8344782222222222,0,0,0.0,True,chain8,"2.0 V, 1.6 ns",7
clean,greedy_local_search,0.0,10.0,25,4,10,0.4,12.463333093333333,0.8344782222222222,0,0,0.0,True,chain8,"2.0 V, 1.6 ns",7
clean,cp_sat_exact,0.0,10.0,25,4,10,0.4,12.463333093333333,0.8344782222222222,0,0,0.0,True,chain8,"2.0 V, 1.6 ns",7
blind,utility_per_resource_greedy,0.009774514191987611,10.0,25,4,10,0.4,12.434030314950391,0.8318249235555788,0,0,0.0015648530421116563,True,chain8,"2.0 V, 1.6 ns",7
blind,congestion_aware_greedy,0.009774514191987611,10.0,25,4,10,0.4,12.434030314950391,0.8318249235555788,0,0,0.0015648530421116563,True,chain8,"2.0 V, 1.6 ns",7
blind,greedy_local_search,0.009774514191987611,10.0,25,4,10,0.4,12.434030314950391,0.8318249235555788,0,0,0.0015648530421116563,True,chain8,"2.0 V, 1.6 ns",7
blind,cp_sat_exact,0.009774514191987611,10.0,25,4,10,0.4,12.434030314950391,0.8318249235555788,0,0,0.0015648530421116563,True,chain8,"2.0 V, 1.6 ns",7
aware,utility_per_resource_greedy,0.009774514191987611,10.0,25,4,10,0.4,12.434030314950391,0.8318249235555788,0,0,0.0015648530421116563,True,chain8,"2.0 V, 1.6 ns",7
aware,congestion_aware_greedy,0.009774514191987611,10.0,25,4,10,0.4,12.434030314950391,0.8318249235555788,0,0,0.0015648530421116563,True,chain8,"2.0 V, 1.6 ns",7
aware,greedy_local_search,0.009774514191987611,10.0,25,4,10,0.4,12.434030314950391,0.8318249235555788,0,0,0.0015648530421116563,True,chain8,"2.0 V, 1.6 ns",7
aware,cp_sat_exact,0.009774514191987611,10.0,25,4,10,0.4,12.434030314950391,0.8318249235555788,0,0,0.0015648530421116563,True,chain8,"2.0 V, 1.6 ns",7
clean,utility_per_resource_greedy,0.0,10.0,28,8,10,0.8,19.193954030870817,0.8199928954447925,0,0,0.0,True,chain8,"2.0 V, 1.6 ns",8
clean,congestion_aware_greedy,0.0,10.0,28,8,10,0.8,19.193954030870817,0.8199928954447925,0,0,0.0,True,chain8,"2.0 V, 1.6 ns",8
clean,greedy_local_search,0.0,10.0,28,8,10,0.8,19.193954030870817,0.8199928954447925,0,0,0.0,True,chain8,"2.0 V, 1.6 ns",8
clean,cp_sat_exact,0.0,10.0,28,8,10,0.8,19.193954030870817,0.8199928954447925,0,0,0.0,True,chain8,"2.0 V, 1.6 ns",8
blind,utility_per_resource_greedy,0.009774514191987611,10.0,28,8,10,0.8,19.143869445228873,0.817644562040504,0,0,0.0012284812267746264,True,chain8,"2.0 V, 1.6 ns",8
blind,congestion_aware_greedy,0.009774514191987611,10.0,28,8,10,0.8,19.143869445228873,0.817644562040504,0,0,0.0012284812267746264,True,chain8,"2.0 V, 1.6 ns",8
blind,greedy_local_search,0.009774514191987611,10.0,28,8,10,0.8,19.143869445228873,0.817644562040504,0,0,0.0012284812267746264,True,chain8,"2.0 V, 1.6 ns",8
blind,cp_sat_exact,0.009774514191987611,10.0,28,8,10,0.8,19.143869445228873,0.817644562040504,0,0,0.0012284812267746264,True,chain8,"2.0 V, 1.6 ns",8
aware,utility_per_resource_greedy,0.009774514191987611,10.0,28,8,10,0.8,19.143869445228873,0.817644562040504,0,0,0.0012284812267746264,True,chain8,"2.0 V, 1.6 ns",8
aware,congestion_aware_greedy,0.009774514191987611,10.0,28,8,10,0.8,19.143869445228873,0.817644562040504,0,0,0.0012284812267746264,True,chain8,"2.0 V, 1.6 ns",8
aware,greedy_local_search,0.009774514191987611,10.0,28,8,10,0.8,19.143869445228873,0.817644562040504,0,0,0.0012284812267746264,True,chain8,"2.0 V, 1.6 ns",8
aware,cp_sat_exact,0.009774514191987611,10.0,28,8,10,0.8,19.143869445228873,0.817644562040504,0,0,0.0012284812267746264,True,chain8,"2.0 V, 1.6 ns",8
clean,utility_per_resource_greedy,0.0,10.0,25,7,10,0.7,16.619050441897087,0.818016978940388,0,0,0.0,True,chain8,"2.0 V, 1.6 ns",9
clean,congestion_aware_greedy,0.0,10.0,25,7,10,0.7,16.619050441897087,0.818016978940388,0,0,0.0,True,chain8,"2.0 V, 1.6 ns",9
clean,greedy_local_search,0.0,10.0,25,7,10,0.7,16.619050441897087,0.818016978940388,0,0,0.0,True,chain8,"2.0 V, 1.6 ns",9
clean,cp_sat_exact,0.0,10.0,25,7,10,0.7,18.58455532983236,0.770949910030733,0,0,0.0,True,chain8,"2.0 V, 1.6 ns",9
blind,utility_per_resource_greedy,0.009774514191987611,10.0,25,7,10,0.7,16.58276810943252,0.8155959503705217,0,0,0.0011948586726839214,True,chain8,"2.0 V, 1.6 ns",9
blind,congestion_aware_greedy,0.009774514191987611,10.0,25,7,10,0.7,16.58276810943252,0.8155959503705217,0,0,0.0011948586726839214,True,chain8,"2.0 V, 1.6 ns",9
blind,greedy_local_search,0.009774514191987611,10.0,25,7,10,0.7,16.58276810943252,0.8155959503705217,0,0,0.0011948586726839214,True,chain8,"2.0 V, 1.6 ns",9
blind,cp_sat_exact,0.009774514191987611,10.0,25,7,10,0.7,18.53088938258229,0.7680495525258337,0,0,0.0011948586726839214,True,chain8,"2.0 V, 1.6 ns",9
aware,utility_per_resource_greedy,0.009774514191987611,10.0,25,7,10,0.7,16.58276810943252,0.8155959503705217,0,0,0.0011948586726839214,True,chain8,"2.0 V, 1.6 ns",9
aware,congestion_aware_greedy,0.009774514191987611,10.0,25,7,10,0.7,16.58276810943252,0.8155959503705217,0,0,0.0011948586726839214,True,chain8,"2.0 V, 1.6 ns",9
aware,greedy_local_search,0.009774514191987611,10.0,25,7,10,0.7,16.58276810943252,0.8155959503705217,0,0,0.0011948586726839214,True,chain8,"2.0 V, 1.6 ns",9
aware,cp_sat_exact,0.009774514191987611,10.0,25,7,10,0.7,18.53088938258229,0.7680495525258337,0,0,0.0011948586726839214,True,chain8,"2.0 V, 1.6 ns",9
clean,utility_per_resource_greedy,0.0,20.0,18,4,10,0.4,6.074772169400614,0.8602466475654689,0,0,0.0,True,chain8,"2.0 V, 1.6 ns",0
clean,congestion_aware_greedy,0.0,20.0,18,4,10,0.4,6.074772169400614,0.8602466475654689,0,0,0.0,True,chain8,"2.0 V, 1.6 ns",0
clean,greedy_local_search,0.0,20.0,18,4,10,0.4,6.074772169400614,0.8602466475654689,0,0,0.0,True,chain8,"2.0 V, 1.6 ns",0
clean,cp_sat_exact,0.0,20.0,18,4,10,0.4,6.074772169400614,0.8602466475654689,0,0,0.0,True,chain8,"2.0 V, 1.6 ns",0
blind,utility_per_resource_greedy,0.000977451419198761,20.0,18,4,10,0.4,6.07249354376034,0.860137011806398,0,0,5.558954840759586e-05,True,chain8,"2.0 V, 1.6 ns",0
blind,congestion_aware_greedy,0.000977451419198761,20.0,18,4,10,0.4,6.07249354376034,0.860137011806398,0,0,5.558954840759586e-05,True,chain8,"2.0 V, 1.6 ns",0
blind,greedy_local_search,0.000977451419198761,20.0,18,4,10,0.4,6.07249354376034,0.860137011806398,0,0,5.558954840759586e-05,True,chain8,"2.0 V, 1.6 ns",0
blind,cp_sat_exact,0.000977451419198761,20.0,18,4,10,0.4,6.07249354376034,0.860137011806398,0,0,5.558954840759586e-05,True,chain8,"2.0 V, 1.6 ns",0
aware,utility_per_resource_greedy,0.000977451419198761,20.0,18,4,10,0.4,6.07249354376034,0.860137011806398,0,0,5.558954840759586e-05,True,chain8,"2.0 V, 1.6 ns",0
aware,congestion_aware_greedy,0.000977451419198761,20.0,18,4,10,0.4,6.07249354376034,0.860137011806398,0,0,5.558954840759586e-05,True,chain8,"2.0 V, 1.6 ns",0
aware,greedy_local_search,0.000977451419198761,20.0,18,4,10,0.4,6.07249354376034,0.860137011806398,0,0,5.558954840759586e-05,True,chain8,"2.0 V, 1.6 ns",0
aware,cp_sat_exact,0.000977451419198761,20.0,18,4,10,0.4,6.07249354376034,0.860137011806398,0,0,5.558954840759586e-05,True,chain8,"2.0 V, 1.6 ns",0
clean,utility_per_resource_greedy,0.0,20.0,28,8,10,0.8,22.09433295099259,0.8193685807407407,0,0,0.0,True,chain8,"2.0 V, 1.6 ns",1
clean,congestion_aware_greedy,0.0,20.0,28,8,10,0.8,22.607824978725926,0.8122393837037037,0,0,0.0,True,chain8,"2.0 V, 1.6 ns",1
clean,greedy_local_search,0.0,20.0,28,8,10,0.8,22.09433295099259,0.8193685807407407,0,0,0.0,True,chain8,"2.0 V, 1.6 ns",1
clean,cp_sat_exact,0.0,20.0,28,8,10,0.8,22.607824978725926,0.8122393837037037,0,0,0.0,True,chain8,"2.0 V, 1.6 ns",1
blind,utility_per_resource_greedy,0.000977451419198761,20.0,28,8,10,0.8,22.090583451230703,0.8192167998502264,0,0,7.870869320701437e-05,True,chain8,"2.0 V, 1.6 ns",1
blind,congestion_aware_greedy,0.000977451419198761,20.0,28,8,10,0.8,22.603723951114173,0.8120775712592367,0,0,7.870869320701437e-05,True,chain8,"2.0 V, 1.6 ns",1
blind,greedy_local_search,0.000977451419198761,20.0,28,8,10,0.8,22.090583451230703,0.8192167998502264,0,0,7.870869320701437e-05,True,chain8,"2.0 V, 1.6 ns",1
blind,cp_sat_exact,0.000977451419198761,20.0,28,8,10,0.8,22.603723951114173,0.8120775712592367,0,0,7.870869320701437e-05,True,chain8,"2.0 V, 1.6 ns",1
aware,utility_per_resource_greedy,0.000977451419198761,20.0,28,8,10,0.8,22.090583451230703,0.8192167998502264,0,0,7.870869320701437e-05,True,chain8,"2.0 V, 1.6 ns",1
aware,congestion_aware_greedy,0.000977451419198761,20.0,28,8,10,0.8,22.603723951114173,0.8120775712592367,0,0,7.870869320701437e-05,True,chain8,"2.0 V, 1.6 ns",1
aware,greedy_local_search,0.000977451419198761,20.0,28,8,10,0.8,22.090583451230703,0.8192167998502264,0,0,7.870869320701437e-05,True,chain8,"2.0 V, 1.6 ns",1
aware,cp_sat_exact,0.000977451419198761,20.0,28,8,10,0.8,22.603723951114173,0.8120775712592367,0,0,7.870869320701437e-05,True,chain8,"2.0 V, 1.6 ns",1
clean,utility_per_resource_greedy,0.0,20.0,30,8,10,0.8,26.41783333844742,0.8520163147040517,0,0,0.0,True,chain8,"2.0 V, 1.6 ns",2
clean,congestion_aware_greedy,0.0,20.0,30,8,10,0.8,26.41783333844742,0.8520163147040517,0,0,0.0,True,chain8,"2.0 V, 1.6 ns",2
clean,greedy_local_search,0.0,20.0,30,8,10,0.8,26.41783333844742,0.8520163147040517,0,0,0.0,True,chain8,"2.0 V, 1.6 ns",2
clean,cp_sat_exact,0.0,20.0,30,8,10,0.8,26.41783333844742,0.8520163147040517,0,0,0.0,True,chain8,"2.0 V, 1.6 ns",2
blind,utility_per_resource_greedy,0.000977451419198761,20.0,30,8,10,0.8,26.411203722698588,0.8517605335745368,0,0,9.668751355207394e-05,True,chain8,"2.0 V, 1.6 ns",2
blind,congestion_aware_greedy,0.000977451419198761,20.0,30,8,10,0.8,26.411203722698588,0.8517605335745368,0,0,9.668751355207394e-05,True,chain8,"2.0 V, 1.6 ns",2
blind,greedy_local_search,0.000977451419198761,20.0,30,8,10,0.8,26.411203722698588,0.8517605335745368,0,0,9.668751355207394e-05,True,chain8,"2.0 V, 1.6 ns",2
blind,cp_sat_exact,0.000977451419198761,20.0,30,8,10,0.8,26.411203722698588,0.8517605335745368,0,0,9.668751355207394e-05,True,chain8,"2.0 V, 1.6 ns",2
aware,utility_per_resource_greedy,0.000977451419198761,20.0,30,8,10,0.8,26.411203722698588,0.8517605335745368,0,0,9.668751355207394e-05,True,chain8,"2.0 V, 1.6 ns",2
aware,congestion_aware_greedy,0.000977451419198761,20.0,30,8,10,0.8,26.411203722698588,0.8517605335745368,0,0,9.668751355207394e-05,True,chain8,"2.0 V, 1.6 ns",2
aware,greedy_local_search,0.000977451419198761,20.0,30,8,10,0.8,26.411203722698588,0.8517605335745368,0,0,9.668751355207394e-05,True,chain8,"2.0 V, 1.6 ns",2
aware,cp_sat_exact,0.000977451419198761,20.0,30,8,10,0.8,26.411203722698588,0.8517605335745368,0,0,9.668751355207394e-05,True,chain8,"2.0 V, 1.6 ns",2
clean,utility_per_resource_greedy,0.0,20.0,19,5,10,0.5,19.07488266666667,0.9057066666666668,0,0,0.0,True,chain8,"2.0 V, 1.6 ns",3
clean,congestion_aware_greedy,0.0,20.0,19,5,10,0.5,19.07488266666667,0.9057066666666668,0,0,0.0,True,chain8,"2.0 V, 1.6 ns",3
clean,greedy_local_search,0.0,20.0,19,5,10,0.5,19.07488266666667,0.9057066666666668,0,0,0.0,True,chain8,"2.0 V, 1.6 ns",3
clean,cp_sat_exact,0.0,20.0,19,5,10,0.5,19.07488266666667,0.9057066666666668,0,0,0.0,True,chain8,"2.0 V, 1.6 ns",3
blind,utility_per_resource_greedy,0.000977451419198761,20.0,19,5,10,0.5,19.070686943683654,0.9054470369643394,0,0,0.00014768357283935694,True,chain8,"2.0 V, 1.6 ns",3
blind,congestion_aware_greedy,0.000977451419198761,20.0,19,5,10,0.5,19.070686943683654,0.9054470369643394,0,0,0.00014768357283935694,True,chain8,"2.0 V, 1.6 ns",3
blind,greedy_local_search,0.000977451419198761,20.0,19,5,10,0.5,19.070686943683654,0.9054470369643394,0,0,0.00014768357283935694,True,chain8,"2.0 V, 1.6 ns",3
blind,cp_sat_exact,0.000977451419198761,20.0,19,5,10,0.5,19.070686943683654,0.9054470369643394,0,0,0.00014768357283935694,True,chain8,"2.0 V, 1.6 ns",3
aware,utility_per_resource_greedy,0.000977451419198761,20.0,19,5,10,0.5,19.070686943683654,0.9054470369643394,0,0,0.00014768357283935694,True,chain8,"2.0 V, 1.6 ns",3
aware,congestion_aware_greedy,0.000977451419198761,20.0,19,5,10,0.5,19.070686943683654,0.9054470369643394,0,0,0.00014768357283935694,True,chain8,"2.0 V, 1.6 ns",3
aware,greedy_local_search,0.000977451419198761,20.0,19,5,10,0.5,19.070686943683654,0.9054470369643394,0,0,0.00014768357283935694,True,chain8,"2.0 V, 1.6 ns",3
aware,cp_sat_exact,0.000977451419198761,20.0,19,5,10,0.5,19.070686943683654,0.9054470369643394,0,0,0.00014768357283935694,True,chain8,"2.0 V, 1.6 ns",3
clean,utility_per_resource_greedy,0.0,20.0,19,5,10,0.5,14.115882000000001,0.87712,0,0,0.0,True,chain8,"2.0 V, 1.6 ns",4
clean,congestion_aware_greedy,0.0,20.0,19,5,10,0.5,15.33037455163857,0.8753671234893183,0,0,0.0,True,chain8,"2.0 V, 1.6 ns",4
clean,greedy_local_search,0.0,20.0,19,5,10,0.5,14.115882000000001,0.87712,0,0,0.0,True,chain8,"2.0 V, 1.6 ns",4
clean,cp_sat_exact,0.0,20.0,19,5,10,0.5,15.33037455163857,0.8753671234893183,0,0,0.0,True,chain8,"2.0 V, 1.6 ns",4
blind,utility_per_resource_greedy,0.000977451419198761,20.0,19,5,10,0.5,14.112409931895684,0.8768328559358405,0,0,0.0001568291282309112,True,chain8,"2.0 V, 1.6 ns",4
blind,congestion_aware_greedy,0.000977451419198761,20.0,19,5,10,0.5,15.323630398287126,0.8750692339838405,0,0,0.0001568291282309112,True,chain8,"2.0 V, 1.6 ns",4
blind,greedy_local_search,0.000977451419198761,20.0,19,5,10,0.5,14.112409931895684,0.8768328559358405,0,0,0.0001568291282309112,True,chain8,"2.0 V, 1.6 ns",4
blind,cp_sat_exact,0.000977451419198761,20.0,19,5,10,0.5,15.323630398287126,0.8750692339838405,0,0,0.0001568291282309112,True,chain8,"2.0 V, 1.6 ns",4
aware,utility_per_resource_greedy,0.000977451419198761,20.0,19,5,10,0.5,14.112409931895684,0.8768328559358405,0,0,0.0001568291282309112,True,chain8,"2.0 V, 1.6 ns",4
aware,congestion_aware_greedy,0.000977451419198761,20.0,19,5,10,0.5,15.323630398287126,0.8750692339838405,0,0,0.0001568291282309112,True,chain8,"2.0 V, 1.6 ns",4
aware,greedy_local_search,0.000977451419198761,20.0,19,5,10,0.5,14.112409931895684,0.8768328559358405,0,0,0.0001568291282309112,True,chain8,"2.0 V, 1.6 ns",4
aware,cp_sat_exact,0.000977451419198761,20.0,19,5,10,0.5,15.323630398287126,0.8750692339838405,0,0,0.0001568291282309112,True,chain8,"2.0 V, 1.6 ns",4
clean,utility_per_resource_greedy,0.0,20.0,27,7,10,0.7,25.89430592977265,0.8237861829870994,0,0,0.0,True,chain8,"2.0 V, 1.6 ns",5
clean,congestion_aware_greedy,0.0,20.0,27,7,10,0.7,25.89430592977265,0.8237861829870994,0,0,0.0,True,chain8,"2.0 V, 1.6 ns",5
clean,greedy_local_search,0.0,20.0,27,7,10,0.7,25.89430592977265,0.8237861829870994,0,0,0.0,True,chain8,"2.0 V, 1.6 ns",5
clean,cp_sat_exact,0.0,20.0,27,7,10,0.7,25.89430592977265,0.8237861829870994,0,0,0.0,True,chain8,"2.0 V, 1.6 ns",5
blind,utility_per_resource_greedy,0.000977451419198761,20.0,27,7,10,0.7,25.891828882180096,0.8236920565709834,0,0,6.60232189988135e-05,True,chain8,"2.0 V, 1.6 ns",5
blind,congestion_aware_greedy,0.000977451419198761,20.0,27,7,10,0.7,25.891828882180096,0.8236920565709834,0,0,6.60232189988135e-05,True,chain8,"2.0 V, 1.6 ns",5
blind,greedy_local_search,0.000977451419198761,20.0,27,7,10,0.7,25.891828882180096,0.8236920565709834,0,0,6.60232189988135e-05,True,chain8,"2.0 V, 1.6 ns",5
blind,cp_sat_exact,0.000977451419198761,20.0,27,7,10,0.7,25.891828882180096,0.8236920565709834,0,0,6.60232189988135e-05,True,chain8,"2.0 V, 1.6 ns",5
aware,utility_per_resource_greedy,0.000977451419198761,20.0,27,7,10,0.7,25.891828882180096,0.8236920565709834,0,0,6.60232189988135e-05,True,chain8,"2.0 V, 1.6 ns",5
aware,congestion_aware_greedy,0.000977451419198761,20.0,27,7,10,0.7,25.891828882180096,0.8236920565709834,0,0,6.60232189988135e-05,True,chain8,"2.0 V, 1.6 ns",5
aware,greedy_local_search,0.000977451419198761,20.0,27,7,10,0.7,25.891828882180096,0.8236920565709834,0,0,6.60232189988135e-05,True,chain8,"2.0 V, 1.6 ns",5
aware,cp_sat_exact,0.000977451419198761,20.0,27,7,10,0.7,25.891828882180096,0.8236920565709834,0,0,6.60232189988135e-05,True,chain8,"2.0 V, 1.6 ns",5
clean,utility_per_resource_greedy,0.0,20.0,20,5,10,0.5,15.624181191111113,0.8643512888888889,0,0,0.0,True,chain8,"2.0 V, 1.6 ns",6
clean,congestion_aware_greedy,0.0,20.0,20,5,10,0.5,17.309559275495772,0.8724370203123776,0,0,0.0,True,chain8,"2.0 V, 1.6 ns",6
clean,greedy_local_search,0.0,20.0,20,5,10,0.5,15.624181191111113,0.8643512888888889,0,0,0.0,True,chain8,"2.0 V, 1.6 ns",6
clean,cp_sat_exact,0.0,20.0,20,5,10,0.5,17.309559275495772,0.8724370203123776,0,0,0.0,True,chain8,"2.0 V, 1.6 ns",6
blind,utility_per_resource_greedy,0.000977451419198761,20.0,20,5,10,0.5,15.619346213832287,0.8640572856384923,0,0,0.00010137517340128419,True,chain8,"2.0 V, 1.6 ns",6
blind,congestion_aware_greedy,0.000977451419198761,20.0,20,5,10,0.5,17.301420762957697,0.8721616898222301,0,0,0.00010137517340128419,True,chain8,"2.0 V, 1.6 ns",6
blind,greedy_local_search,0.000977451419198761,20.0,20,5,10,0.5,15.619346213832287,0.8640572856384923,0,0,0.00010137517340128419,True,chain8,"2.0 V, 1.6 ns",6
blind,cp_sat_exact,0.000977451419198761,20.0,20,5,10,0.5,17.301420762957697,0.8721616898222301,0,0,0.00010137517340128419,True,chain8,"2.0 V, 1.6 ns",6
aware,utility_per_resource_greedy,0.000977451419198761,20.0,20,5,10,0.5,15.619346213832287,0.8640572856384923,0,0,0.00010137517340128419,True,chain8,"2.0 V, 1.6 ns",6
aware,congestion_aware_greedy,0.000977451419198761,20.0,20,5,10,0.5,17.301420762957697,0.8721616898222301,0,0,0.00010137517340128419,True,chain8,"2.0 V, 1.6 ns",6
aware,greedy_local_search,0.000977451419198761,20.0,20,5,10,0.5,15.619346213832287,0.8640572856384923,0,0,0.00010137517340128419,True,chain8,"2.0 V, 1.6 ns",6
aware,cp_sat_exact,0.000977451419198761,20.0,20,5,10,0.5,17.301420762957697,0.8721616898222301,0,0,0.00010137517340128419,True,chain8,"2.0 V, 1.6 ns",6
clean,utility_per_resource_greedy,0.0,20.0,25,4,10,0.4,12.463333093333333,0.8344782222222222,0,0,0.0,True,chain8,"2.0 V, 1.6 ns",7
clean,congestion_aware_greedy,0.0,20.0,25,4,10,0.4,12.463333093333333,0.8344782222222222,0,0,0.0,True,chain8,"2.0 V, 1.6 ns",7
clean,greedy_local_search,0.0,20.0,25,4,10,0.4,12.463333093333333,0.8344782222222222,0,0,0.0,True,chain8,"2.0 V, 1.6 ns",7
clean,cp_sat_exact,0.0,20.0,25,4,10,0.4,12.463333093333333,0.8344782222222222,0,0,0.0,True,chain8,"2.0 V, 1.6 ns",7
blind,utility_per_resource_greedy,0.000977451419198761,20.0,25,4,10,0.4,12.460394270586967,0.8342120918969396,0,0,0.0001569045666480275,True,chain8,"2.0 V, 1.6 ns",7
blind,congestion_aware_greedy,0.000977451419198761,20.0,25,4,10,0.4,12.460394270586967,0.8342120918969396,0,0,0.0001569045666480275,True,chain8,"2.0 V, 1.6 ns",7
blind,greedy_local_search,0.000977451419198761,20.0,25,4,10,0.4,12.460394270586967,0.8342120918969396,0,0,0.0001569045666480275,True,chain8,"2.0 V, 1.6 ns",7
blind,cp_sat_exact,0.000977451419198761,20.0,25,4,10,0.4,12.460394270586967,0.8342120918969396,0,0,0.0001569045666480275,True,chain8,"2.0 V, 1.6 ns",7
aware,utility_per_resource_greedy,0.000977451419198761,20.0,25,4,10,0.4,12.460394270586967,0.8342120918969396,0,0,0.0001569045666480275,True,chain8,"2.0 V, 1.6 ns",7
aware,congestion_aware_greedy,0.000977451419198761,20.0,25,4,10,0.4,12.460394270586967,0.8342120918969396,0,0,0.0001569045666480275,True,chain8,"2.0 V, 1.6 ns",7
aware,greedy_local_search,0.000977451419198761,20.0,25,4,10,0.4,12.460394270586967,0.8342120918969396,0,0,0.0001569045666480275,True,chain8,"2.0 V, 1.6 ns",7
aware,cp_sat_exact,0.000977451419198761,20.0,25,4,10,0.4,12.460394270586967,0.8342120918969396,0,0,0.0001569045666480275,True,chain8,"2.0 V, 1.6 ns",7
clean,utility_per_resource_greedy,0.0,20.0,28,8,10,0.8,19.193954030870817,0.8199928954447925,0,0,0.0,True,chain8,"2.0 V, 1.6 ns",8
clean,congestion_aware_greedy,0.0,20.0,28,8,10,0.8,19.193954030870817,0.8199928954447925,0,0,0.0,True,chain8,"2.0 V, 1.6 ns",8
clean,greedy_local_search,0.0,20.0,28,8,10,0.8,19.193954030870817,0.8199928954447925,0,0,0.0,True,chain8,"2.0 V, 1.6 ns",8
clean,cp_sat_exact,0.0,20.0,28,8,10,0.8,19.193954030870817,0.8199928954447925,0,0,0.0,True,chain8,"2.0 V, 1.6 ns",8
blind,utility_per_resource_greedy,0.000977451419198761,20.0,28,8,10,0.8,19.18892233667082,0.8197571242073369,0,0,0.00012314941079112035,True,chain8,"2.0 V, 1.6 ns",8
blind,congestion_aware_greedy,0.000977451419198761,20.0,28,8,10,0.8,19.18892233667082,0.8197571242073369,0,0,0.00012314941079112035,True,chain8,"2.0 V, 1.6 ns",8
blind,greedy_local_search,0.000977451419198761,20.0,28,8,10,0.8,19.18892233667082,0.8197571242073369,0,0,0.00012314941079112035,True,chain8,"2.0 V, 1.6 ns",8
blind,cp_sat_exact,0.000977451419198761,20.0,28,8,10,0.8,19.18892233667082,0.8197571242073369,0,0,0.00012314941079112035,True,chain8,"2.0 V, 1.6 ns",8
aware,utility_per_resource_greedy,0.000977451419198761,20.0,28,8,10,0.8,19.18892233667082,0.8197571242073369,0,0,0.00012314941079112035,True,chain8,"2.0 V, 1.6 ns",8
aware,congestion_aware_greedy,0.000977451419198761,20.0,28,8,10,0.8,19.18892233667082,0.8197571242073369,0,0,0.00012314941079112035,True,chain8,"2.0 V, 1.6 ns",8
aware,greedy_local_search,0.000977451419198761,20.0,28,8,10,0.8,19.18892233667082,0.8197571242073369,0,0,0.00012314941079112035,True,chain8,"2.0 V, 1.6 ns",8
aware,cp_sat_exact,0.000977451419198761,20.0,28,8,10,0.8,19.18892233667082,0.8197571242073369,0,0,0.00012314941079112035,True,chain8,"2.0 V, 1.6 ns",8
clean,utility_per_resource_greedy,0.0,20.0,25,7,10,0.7,16.619050441897087,0.818016978940388,0,0,0.0,True,chain8,"2.0 V, 1.6 ns",9
clean,congestion_aware_greedy,0.0,20.0,25,7,10,0.7,16.619050441897087,0.818016978940388,0,0,0.0,True,chain8,"2.0 V, 1.6 ns",9
clean,greedy_local_search,0.0,20.0,25,7,10,0.7,16.619050441897087,0.818016978940388,0,0,0.0,True,chain8,"2.0 V, 1.6 ns",9
clean,cp_sat_exact,0.0,20.0,25,7,10,0.7,18.58455532983236,0.770949910030733,0,0,0.0,True,chain8,"2.0 V, 1.6 ns",9
blind,utility_per_resource_greedy,0.000977451419198761,20.0,25,7,10,0.7,16.615405316745818,0.8177737154805703,0,0,0.00011983743956724333,True,chain8,"2.0 V, 1.6 ns",9
blind,congestion_aware_greedy,0.000977451419198761,20.0,25,7,10,0.7,16.615405316745818,0.8177737154805703,0,0,0.00011983743956724333,True,chain8,"2.0 V, 1.6 ns",9
blind,greedy_local_search,0.000977451419198761,20.0,25,7,10,0.7,16.615405316745818,0.8177737154805703,0,0,0.00011983743956724333,True,chain8,"2.0 V, 1.6 ns",9
blind,cp_sat_exact,0.000977451419198761,20.0,25,7,10,0.7,18.579159155275377,0.7706583123065945,0,0,0.00011983743956724333,True,chain8,"2.0 V, 1.6 ns",9
aware,utility_per_resource_greedy,0.000977451419198761,20.0,25,7,10,0.7,16.615405316745818,0.8177737154805703,0,0,0.00011983743956724333,True,chain8,"2.0 V, 1.6 ns",9
aware,congestion_aware_greedy,0.000977451419198761,20.0,25,7,10,0.7,16.615405316745818,0.8177737154805703,0,0,0.00011983743956724333,True,chain8,"2.0 V, 1.6 ns",9
aware,greedy_local_search,0.000977451419198761,20.0,25,7,10,0.7,16.615405316745818,0.8177737154805703,0,0,0.00011983743956724333,True,chain8,"2.0 V, 1.6 ns",9
aware,cp_sat_exact,0.000977451419198761,20.0,25,7,10,0.7,18.579159155275377,0.7706583123065945,0,0,0.00011983743956724333,True,chain8,"2.0 V, 1.6 ns",9
clean,utility_per_resource_greedy,0.0,0.0,71,10,10,1.0,37.753816799848956,0.86599309412307,0,0,0.0,True,grid3x3,"1.4 V, 200 ps",0
clean,congestion_aware_greedy,0.0,0.0,71,10,10,1.0,37.753816799848956,0.86599309412307,0,0,0.0,True,grid3x3,"1.4 V, 200 ps",0
clean,greedy_local_search,0.0,0.0,71,10,10,1.0,37.753816799848956,0.86599309412307,0,0,0.0,True,grid3x3,"1.4 V, 200 ps",0
clean,cp_sat_exact,0.0,0.0,71,10,10,1.0,37.753816799848956,0.86599309412307,0,0,0.0,True,grid3x3,"1.4 V, 200 ps",0
blind,utility_per_resource_greedy,0.004771364878891034,0.0,71,9,10,0.9,36.87290896902783,0.8685242255278602,0,0,0.0002699641542147635,True,grid3x3,"1.4 V, 200 ps",0
blind,congestion_aware_greedy,0.004771364878891034,0.0,71,10,10,1.0,37.73492297837869,0.8655579683761447,0,0,0.0002699641542147635,True,grid3x3,"1.4 V, 200 ps",0
blind,greedy_local_search,0.004771364878891034,0.0,71,9,10,0.9,36.87290896902783,0.8685242255278602,0,0,0.0002699641542147635,True,grid3x3,"1.4 V, 200 ps",0
blind,cp_sat_exact,0.004771364878891034,0.0,71,10,10,1.0,37.7358441456321,0.8655579683761447,0,0,0.0002699641542147635,True,grid3x3,"1.4 V, 200 ps",0
aware,utility_per_resource_greedy,0.004771364878891034,0.0,71,9,10,0.9,36.87290896902783,0.8685242255278602,0,0,0.0002699641542147635,True,grid3x3,"1.4 V, 200 ps",0
aware,congestion_aware_greedy,0.004771364878891034,0.0,71,10,10,1.0,37.73492297837869,0.8655579683761447,0,0,0.0002699641542147635,True,grid3x3,"1.4 V, 200 ps",0
aware,greedy_local_search,0.004771364878891034,0.0,71,9,10,0.9,36.87290896902783,0.8685242255278602,0,0,0.0002699641542147635,True,grid3x3,"1.4 V, 200 ps",0
aware,cp_sat_exact,0.004771364878891034,0.0,71,10,10,1.0,37.7358441456321,0.8655579683761447,0,0,0.0002699641542147635,True,grid3x3,"1.4 V, 200 ps",0
clean,utility_per_resource_greedy,0.0,0.0,63,9,10,0.9,29.976332771051773,0.882186713927333,0,0,0.0,True,grid3x3,"1.4 V, 200 ps",1
clean,congestion_aware_greedy,0.0,0.0,63,8,10,0.8,29.844594542607382,0.8813398043619026,0,0,0.0,True,grid3x3,"1.4 V, 200 ps",1
clean,greedy_local_search,0.0,0.0,63,9,10,0.9,29.976332771051773,0.882186713927333,0,0,0.0,True,grid3x3,"1.4 V, 200 ps",1
clean,cp_sat_exact,0.0,0.0,63,9,10,0.9,29.976332771051773,0.882186713927333,0,0,0.0,True,grid3x3,"1.4 V, 200 ps",1
blind,utility_per_resource_greedy,0.004771364878891034,0.0,63,8,10,0.8,28.338812170147833,0.8858321383641228,0,0,0.0005188941837693991,True,grid3x3,"1.4 V, 200 ps",1
blind,congestion_aware_greedy,0.004771364878891034,0.0,63,8,10,0.8,29.815956674224807,0.8806990471899423,0,0,0.0005188941837693991,True,grid3x3,"1.4 V, 200 ps",1
blind,greedy_local_search,0.004771364878891034,0.0,63,8,10,0.8,28.338812170147833,0.8858321383641228,0,0,0.0005188941837693991,True,grid3x3,"1.4 V, 200 ps",1
blind,cp_sat_exact,0.004771364878891034,0.0,63,9,10,0.9,29.95470438328262,0.8815846093966356,0,0,0.0005188941837693991,True,grid3x3,"1.4 V, 200 ps",1
aware,utility_per_resource_greedy,0.004771364878891034,0.0,63,8,10,0.8,28.338812170147833,0.8858321383641228,0,0,0.0005188941837693991,True,grid3x3,"1.4 V, 200 ps",1
aware,congestion_aware_greedy,0.004771364878891034,0.0,63,8,10,0.8,29.815956674224807,0.8806990471899423,0,0,0.0005188941837693991,True,grid3x3,"1.4 V, 200 ps",1
aware,greedy_local_search,0.004771364878891034,0.0,63,8,10,0.8,28.338812170147833,0.8858321383641228,0,0,0.0005188941837693991,True,grid3x3,"1.4 V, 200 ps",1
aware,cp_sat_exact,0.004771364878891034,0.0,63,9,10,0.9,29.95470438328262,0.8815846093966356,0,0,0.0005188941837693991,True,grid3x3,"1.4 V, 200 ps",1
clean,utility_per_resource_greedy,0.0,0.0,74,9,10,0.9,25.96225235440018,0.8582691069124585,0,0,0.0,True,grid3x3,"1.4 V, 200 ps",2
clean,congestion_aware_greedy,0.0,0.0,74,9,10,0.9,25.96225235440018,0.8582691069124585,0,0,0.0,True,grid3x3,"1.4 V, 200 ps",2
clean,greedy_local_search,0.0,0.0,74,9,10,0.9,25.96225235440018,0.8582691069124585,0,0,0.0,True,grid3x3,"1.4 V, 200 ps",2
clean,cp_sat_exact,0.0,0.0,74,9,10,0.9,25.96225235440018,0.8582691069124585,0,0,0.0,True,grid3x3,"1.4 V, 200 ps",2
blind,utility_per_resource_greedy,0.004771364878891034,0.0,75,8,10,0.8,24.9919939559907,0.8602098053060975,0,0,0.000449973503474671,True,grid3x3,"1.4 V, 200 ps",2
blind,congestion_aware_greedy,0.004771364878891034,0.0,75,8,10,0.8,24.982609674594997,0.8600426171182897,0,0,0.000449973503474671,True,grid3x3,"1.4 V, 200 ps",2
blind,greedy_local_search,0.004771364878891034,0.0,75,8,10,0.8,24.9919939559907,0.8602098053060975,0,0,0.000449973503474671,True,grid3x3,"1.4 V, 200 ps",2
blind,cp_sat_exact,0.004771364878891034,0.0,75,9,10,0.9,25.942166237656203,0.8578144344259331,0,0,0.000449973503474671,True,grid3x3,"1.4 V, 200 ps",2
aware,utility_per_resource_greedy,0.004771364878891034,0.0,75,8,10,0.8,24.9919939559907,0.8602098053060975,0,0,0.000449973503474671,True,grid3x3,"1.4 V, 200 ps",2
aware,congestion_aware_greedy,0.004771364878891034,0.0,75,8,10,0.8,24.982609674594997,0.8600426171182897,0,0,0.000449973503474671,True,grid3x3,"1.4 V, 200 ps",2
aware,greedy_local_search,0.004771364878891034,0.0,75,8,10,0.8,24.9919939559907,0.8602098053060975,0,0,0.000449973503474671,True,grid3x3,"1.4 V, 200 ps",2
aware,cp_sat_exact,0.004771364878891034,0.0,75,9,10,0.9,25.942166237656203,0.8578144344259331,0,0,0.000449973503474671,True,grid3x3,"1.4 V, 200 ps",2
clean,utility_per_resource_greedy,0.0,0.0,71,8,10,0.8,36.28338595555556,0.8683057777777777,0,0,0.0,True,grid3x3,"1.4 V, 200 ps",3
clean,congestion_aware_greedy,0.0,0.0,71,8,10,0.8,36.28338595555556,0.8683057777777777,0,0,0.0,True,grid3x3,"1.4 V, 200 ps",3
clean,greedy_local_search,0.0,0.0,71,8,10,0.8,36.28338595555556,0.8683057777777777,0,0,0.0,True,grid3x3,"1.4 V, 200 ps",3
clean,cp_sat_exact,0.0,0.0,71,8,10,0.8,36.28338595555556,0.8683057777777777,0,0,0.0,True,grid3x3,"1.4 V, 200 ps",3
blind,utility_per_resource_greedy,0.004771364878891034,0.0,71,8,10,0.8,36.258868621118445,0.8675078006596385,0,0,0.0005717579850580042,True,grid3x3,"1.4 V, 200 ps",3
blind,congestion_aware_greedy,0.004771364878891034,0.0,71,8,10,0.8,36.253677001136,0.8673356487258265,0,0,0.0005717579850580042,True,grid3x3,"1.4 V, 200 ps",3
blind,greedy_local_search,0.004771364878891034,0.0,71,8,10,0.8,36.258868621118445,0.8675078006596385,0,0,0.0005717579850580042,True,grid3x3,"1.4 V, 200 ps",3
blind,cp_sat_exact,0.004771364878891034,0.0,71,8,10,0.8,36.258868621118445,0.8675078006596385,0,0,0.0005717579850580042,True,grid3x3,"1.4 V, 200 ps",3
aware,utility_per_resource_greedy,0.004771364878891034,0.0,71,8,10,0.8,36.258868621118445,0.8675078006596385,0,0,0.0005717579850580042,True,grid3x3,"1.4 V, 200 ps",3
aware,congestion_aware_greedy,0.004771364878891034,0.0,71,8,10,0.8,36.253677001136,0.8673356487258265,0,0,0.0005717579850580042,True,grid3x3,"1.4 V, 200 ps",3
aware,greedy_local_search,0.004771364878891034,0.0,71,8,10,0.8,36.258868621118445,0.8675078006596385,0,0,0.0005717579850580042,True,grid3x3,"1.4 V, 200 ps",3
aware,cp_sat_exact,0.004771364878891034,0.0,71,8,10,0.8,36.258868621118445,0.8675078006596385,0,0,0.0005717579850580042,True,grid3x3,"1.4 V, 200 ps",3
clean,utility_per_resource_greedy,0.0,0.0,83,10,10,1.0,27.98470266666667,0.8842666666666666,0,0,0.0,True,grid3x3,"1.4 V, 200 ps",4
clean,congestion_aware_greedy,0.0,0.0,83,10,10,1.0,27.98470266666667,0.8842666666666666,0,0,0.0,True,grid3x3,"1.4 V, 200 ps",4
clean,greedy_local_search,0.0,0.0,83,10,10,1.0,27.98470266666667,0.8842666666666666,0,0,0.0,True,grid3x3,"1.4 V, 200 ps",4
clean,cp_sat_exact,0.0,0.0,83,10,10,1.0,27.98470266666667,0.8842666666666666,0,0,0.0,True,grid3x3,"1.4 V, 200 ps",4
blind,utility_per_resource_greedy,0.004771364878891034,0.0,83,9,10,0.9,26.759711005255603,0.8875008708330338,0,0,0.0005969798072841445,True,grid3x3,"1.4 V, 200 ps",4
blind,congestion_aware_greedy,0.004771364878891034,0.0,83,10,10,1.0,27.964891885278526,0.8833656933851873,0,0,0.0005969798072841445,True,grid3x3,"1.4 V, 200 ps",4
blind,greedy_local_search,0.004771364878891034,0.0,83,9,10,0.9,26.759711005255603,0.8875008708330338,0,0,0.0005969798072841445,True,grid3x3,"1.4 V, 200 ps",4
blind,cp_sat_exact,0.004771364878891034,0.0,83,10,10,1.0,27.964712571541774,0.8833634123672789,0,0,0.0005969798072841445,True,grid3x3,"1.4 V, 200 ps",4
aware,utility_per_resource_greedy,0.004771364878891034,0.0,83,9,10,0.9,26.759711005255603,0.8875008708330338,0,0,0.0005969798072841445,True,grid3x3,"1.4 V, 200 ps",4
aware,congestion_aware_greedy,0.004771364878891034,0.0,83,10,10,1.0,27.964891885278526,0.8833656933851873,0,0,0.0005969798072841445,True,grid3x3,"1.4 V, 200 ps",4
aware,greedy_local_search,0.004771364878891034,0.0,83,9,10,0.9,26.759711005255603,0.8875008708330338,0,0,0.0005969798072841445,True,grid3x3,"1.4 V, 200 ps",4
aware,cp_sat_exact,0.004771364878891034,0.0,83,10,10,1.0,27.964712571541774,0.8833634123672789,0,0,0.0005969798072841445,True,grid3x3,"1.4 V, 200 ps",4
clean,utility_per_resource_greedy,0.0,0.0,75,9,10,0.9,30.86777597072593,0.8526780470781892,0,0,0.0,True,grid3x3,"1.4 V, 200 ps",5
clean,congestion_aware_greedy,0.0,0.0,75,9,10,0.9,30.86777597072593,0.8526780470781892,0,0,0.0,True,grid3x3,"1.4 V, 200 ps",5
clean,greedy_local_search,0.0,0.0,75,9,10,0.9,30.86777597072593,0.8526780470781892,0,0,0.0,True,grid3x3,"1.4 V, 200 ps",5
clean,cp_sat_exact,0.0,0.0,75,9,10,0.9,30.86777597072593,0.8526780470781892,0,0,0.0,True,grid3x3,"1.4 V, 200 ps",5
blind,utility_per_resource_greedy,0.004771364878891034,0.0,75,9,10,0.9,30.861311653770176,0.8523883847469,0,0,0.00033433233415763874,True,grid3x3,"1.4 V, 200 ps",5
blind,congestion_aware_greedy,0.004771364878891034,0.0,75,9,10,0.9,30.851579238122202,0.8521658786735581,0,0,0.00033433233415763874,True,grid3x3,"1.4 V, 200 ps",5
blind,greedy_local_search,0.004771364878891034,0.0,75,9,10,0.9,30.861311653770176,0.8523883847469,0,0,0.00033433233415763874,True,grid3x3,"1.4 V, 200 ps",5
blind,cp_sat_exact,0.004771364878891034,0.0,75,9,10,0.9,30.861311653770176,0.8523883847469,0,0,0.00033433233415763874,True,grid3x3,"1.4 V, 200 ps",5
aware,utility_per_resource_greedy,0.004771364878891034,0.0,75,9,10,0.9,30.861311653770176,0.8523883847469,0,0,0.00033433233415763874,True,grid3x3,"1.4 V, 200 ps",5
aware,congestion_aware_greedy,0.004771364878891034,0.0,75,9,10,0.9,30.851579238122202,0.8521658786735581,0,0,0.00033433233415763874,True,grid3x3,"1.4 V, 200 ps",5
aware,greedy_local_search,0.004771364878891034,0.0,75,9,10,0.9,30.861311653770176,0.8523883847469,0,0,0.00033433233415763874,True,grid3x3,"1.4 V, 200 ps",5
aware,cp_sat_exact,0.004771364878891034,0.0,75,9,10,0.9,30.861311653770176,0.8523883847469,0,0,0.00033433233415763874,True,grid3x3,"1.4 V, 200 ps",5
clean,utility_per_resource_greedy,0.0,0.0,63,8,10,0.8,27.217868088888892,0.8593724444444444,0,0,0.0,True,grid3x3,"1.4 V, 200 ps",6
clean,congestion_aware_greedy,0.0,0.0,63,9,10,0.9,27.717035422222224,0.858168098765432,0,0,0.0,True,grid3x3,"1.4 V, 200 ps",6
clean,greedy_local_search,0.0,0.0,63,8,10,0.8,27.217868088888892,0.8593724444444444,0,0,0.0,True,grid3x3,"1.4 V, 200 ps",6
clean,cp_sat_exact,0.0,0.0,63,9,10,0.9,27.717035422222224,0.858168098765432,0,0,0.0,True,grid3x3,"1.4 V, 200 ps",6
blind,utility_per_resource_greedy,0.004771364878891034,0.0,63,8,10,0.8,27.19847149417079,0.858689907895079,0,0,0.0003989756482426036,True,grid3x3,"1.4 V, 200 ps",6
blind,congestion_aware_greedy,0.004771364878891034,0.0,63,9,10,0.9,27.691653658681354,0.8573086549476234,0,0,0.0003989756482426036,True,grid3x3,"1.4 V, 200 ps",6
blind,greedy_local_search,0.004771364878891034,0.0,63,8,10,0.8,27.19847149417079,0.858689907895079,0,0,0.0003989756482426036,True,grid3x3,"1.4 V, 200 ps",6
blind,cp_sat_exact,0.004771364878891034,0.0,63,9,10,0.9,27.691653658681354,0.8573086549476234,0,0,0.0003989756482426036,True,grid3x3,"1.4 V, 200 ps",6
aware,utility_per_resource_greedy,0.004771364878891034,0.0,63,8,10,0.8,27.19847149417079,0.858689907895079,0,0,0.0003989756482426036,True,grid3x3,"1.4 V, 200 ps",6
aware,congestion_aware_greedy,0.004771364878891034,0.0,63,9,10,0.9,27.691653658681354,0.8573086549476234,0,0,0.0003989756482426036,True,grid3x3,"1.4 V, 200 ps",6
aware,greedy_local_search,0.004771364878891034,0.0,63,8,10,0.8,27.19847149417079,0.858689907895079,0,0,0.0003989756482426036,True,grid3x3,"1.4 V, 200 ps",6
aware,cp_sat_exact,0.004771364878891034,0.0,63,9,10,0.9,27.691653658681354,0.8573086549476234,0,0,0.0003989756482426036,True,grid3x3,"1.4 V, 200 ps",6
clean,utility_per_resource_greedy,0.0,0.0,88,10,10,1.0,23.98600018666667,0.8572046222222222,0,0,0.0,True,grid3x3,"1.4 V, 200 ps",7
clean,congestion_aware_greedy,0.0,0.0,88,10,10,1.0,23.98600018666667,0.8572046222222222,0,0,0.0,True,grid3x3,"1.4 V, 200 ps",7
clean,greedy_local_search,0.0,0.0,88,10,10,1.0,23.98600018666667,0.8572046222222222,0,0,0.0,True,grid3x3,"1.4 V, 200 ps",7
clean,cp_sat_exact,0.0,0.0,88,10,10,1.0,23.98600018666667,0.8572046222222222,0,0,0.0,True,grid3x3,"1.4 V, 200 ps",7
blind,utility_per_resource_greedy,0.004771364878891034,0.0,88,10,10,1.0,23.960890837099246,0.8561457552158516,0,0,0.0008670969560393982,True,grid3x3,"1.4 V, 200 ps",7
blind,congestion_aware_greedy,0.004771364878891034,0.0,88,10,10,1.0,23.953582864045316,0.8558550904306745,0,0,0.0008670969560393982,True,grid3x3,"1.4 V, 200 ps",7
blind,greedy_local_search,0.004771364878891034,0.0,88,10,10,1.0,23.960890837099246,0.8561457552158516,0,0,0.0008670969560393982,True,grid3x3,"1.4 V, 200 ps",7
blind,cp_sat_exact,0.004771364878891034,0.0,88,10,10,1.0,23.960890837099246,0.8561457552158516,0,0,0.0008670969560393982,True,grid3x3,"1.4 V, 200 ps",7
aware,utility_per_resource_greedy,0.004771364878891034,0.0,88,10,10,1.0,23.960890837099246,0.8561457552158516,0,0,0.0008670969560393982,True,grid3x3,"1.4 V, 200 ps",7
aware,congestion_aware_greedy,0.004771364878891034,0.0,88,10,10,1.0,23.953582864045316,0.8558550904306745,0,0,0.0008670969560393982,True,grid3x3,"1.4 V, 200 ps",7
aware,greedy_local_search,0.004771364878891034,0.0,88,10,10,1.0,23.960890837099246,0.8561457552158516,0,0,0.0008670969560393982,True,grid3x3,"1.4 V, 200 ps",7
aware,cp_sat_exact,0.004771364878891034,0.0,88,10,10,1.0,23.960890837099246,0.8561457552158516,0,0,0.0008670969560393982,True,grid3x3,"1.4 V, 200 ps",7
clean,utility_per_resource_greedy,0.0,0.0,83,9,10,0.9,31.80314910222223,0.8510743703703703,0,0,0.0,True,grid3x3,"1.4 V, 200 ps",8
clean,congestion_aware_greedy,0.0,0.0,83,9,10,0.9,31.80314910222223,0.8510743703703703,0,0,0.0,True,grid3x3,"1.4 V, 200 ps",8
clean,greedy_local_search,0.0,0.0,83,9,10,0.9,31.80314910222223,0.8510743703703703,0,0,0.0,True,grid3x3,"1.4 V, 200 ps",8
clean,cp_sat_exact,0.0,0.0,83,10,10,1.0,32.271393325151344,0.8548631323784109,0,0,0.0,True,grid3x3,"1.4 V, 200 ps",8
blind,utility_per_resource_greedy,0.004771364878891034,0.0,83,9,10,0.9,31.786559204016932,0.8503745282425611,0,0,0.0005047755650202101,True,grid3x3,"1.4 V, 200 ps",8
blind,congestion_aware_greedy,0.004771364878891034,0.0,83,9,10,0.9,31.78319117172487,0.8502631216313522,0,0,0.0005047755650202101,True,grid3x3,"1.4 V, 200 ps",8
blind,greedy_local_search,0.004771364878891034,0.0,83,9,10,0.9,31.786559204016932,0.8503745282425611,0,0,0.0005047755650202101,True,grid3x3,"1.4 V, 200 ps",8
blind,cp_sat_exact,0.004771364878891034,0.0,83,10,10,1.0,32.251815201543764,0.854197897708177,0,0,0.0005047755650202101,True,grid3x3,"1.4 V, 200 ps",8
aware,utility_per_resource_greedy,0.004771364878891034,0.0,83,9,10,0.9,31.786559204016932,0.8503745282425611,0,0,0.0005047755650202101,True,grid3x3,"1.4 V, 200 ps",8
aware,congestion_aware_greedy,0.004771364878891034,0.0,83,9,10,0.9,31.78319117172487,0.8502631216313522,0,0,0.0005047755650202101,True,grid3x3,"1.4 V, 200 ps",8
aware,greedy_local_search,0.004771364878891034,0.0,83,9,10,0.9,31.786559204016932,0.8503745282425611,0,0,0.0005047755650202101,True,grid3x3,"1.4 V, 200 ps",8
aware,cp_sat_exact,0.004771364878891034,0.0,83,10,10,1.0,32.251815201543764,0.854197897708177,0,0,0.0005047755650202101,True,grid3x3,"1.4 V, 200 ps",8
clean,utility_per_resource_greedy,0.0,0.0,87,10,10,1.0,26.405326227135763,0.843478159670585,0,0,0.0,True,grid3x3,"1.4 V, 200 ps",9
clean,congestion_aware_greedy,0.0,0.0,87,10,10,1.0,26.405326227135763,0.843478159670585,0,0,0.0,True,grid3x3,"1.4 V, 200 ps",9
clean,greedy_local_search,0.0,0.0,87,10,10,1.0,26.405326227135763,0.843478159670585,0,0,0.0,True,grid3x3,"1.4 V, 200 ps",9
clean,cp_sat_exact,0.0,0.0,87,10,10,1.0,26.405326227135763,0.843478159670585,0,0,0.0,True,grid3x3,"1.4 V, 200 ps",9
blind,utility_per_resource_greedy,0.004771364878891034,0.0,87,10,10,1.0,26.37990427336099,0.8424442935354988,0,0,0.000659567488287438,True,grid3x3,"1.4 V, 200 ps",9
blind,congestion_aware_greedy,0.004771364878891034,0.0,87,10,10,1.0,26.368740737283215,0.8423698787084314,0,0,0.000659567488287438,True,grid3x3,"1.4 V, 200 ps",9
blind,greedy_local_search,0.004771364878891034,0.0,87,10,10,1.0,26.37990427336099,0.8424442935354988,0,0,0.000659567488287438,True,grid3x3,"1.4 V, 200 ps",9
blind,cp_sat_exact,0.004771364878891034,0.0,87,10,10,1.0,26.37990427336099,0.8424442935354988,0,0,0.000659567488287438,True,grid3x3,"1.4 V, 200 ps",9
aware,utility_per_resource_greedy,0.004771364878891034,0.0,87,10,10,1.0,26.37990427336099,0.8424442935354988,0,0,0.000659567488287438,True,grid3x3,"1.4 V, 200 ps",9
aware,congestion_aware_greedy,0.004771364878891034,0.0,87,10,10,1.0,26.368740737283215,0.8423698787084314,0,0,0.000659567488287438,True,grid3x3,"1.4 V, 200 ps",9
aware,greedy_local_search,0.004771364878891034,0.0,87,10,10,1.0,26.37990427336099,0.8424442935354988,0,0,0.000659567488287438,True,grid3x3,"1.4 V, 200 ps",9
aware,cp_sat_exact,0.004771364878891034,0.0,87,10,10,1.0,26.37990427336099,0.8424442935354988,0,0,0.000659567488287438,True,grid3x3,"1.4 V, 200 ps",9
clean,utility_per_resource_greedy,0.0,10.0,71,10,10,1.0,37.753816799848956,0.86599309412307,0,0,0.0,True,grid3x3,"1.4 V, 200 ps",0
clean,congestion_aware_greedy,0.0,10.0,71,10,10,1.0,37.753816799848956,0.86599309412307,0,0,0.0,True,grid3x3,"1.4 V, 200 ps",0
clean,greedy_local_search,0.0,10.0,71,10,10,1.0,37.753816799848956,0.86599309412307,0,0,0.0,True,grid3x3,"1.4 V, 200 ps",0
clean,cp_sat_exact,0.0,10.0,71,10,10,1.0,37.753816799848956,0.86599309412307,0,0,0.0,True,grid3x3,"1.4 V, 200 ps",0
blind,utility_per_resource_greedy,0.00047713648788910343,10.0,71,9,10,0.9,36.88632792709606,0.8688686029289908,0,0,2.7009528284484736e-05,True,grid3x3,"1.4 V, 200 ps",0
blind,congestion_aware_greedy,0.00047713648788910343,10.0,71,10,10,1.0,37.75192584999937,0.8659495540258308,0,0,2.7009528284484736e-05,True,grid3x3,"1.4 V, 200 ps",0
blind,greedy_local_search,0.00047713648788910343,10.0,71,9,10,0.9,36.88632792709606,0.8688686029289908,0,0,2.7009528284484736e-05,True,grid3x3,"1.4 V, 200 ps",0
blind,cp_sat_exact,0.00047713648788910343,10.0,71,10,10,1.0,37.752095187116566,0.8659532432876433,0,0,2.7009528284484736e-05,True,grid3x3,"1.4 V, 200 ps",0
aware,utility_per_resource_greedy,0.00047713648788910343,10.0,71,9,10,0.9,36.88632792709606,0.8688686029289908,0,0,2.7009528284484736e-05,True,grid3x3,"1.4 V, 200 ps",0
aware,congestion_aware_greedy,0.00047713648788910343,10.0,71,10,10,1.0,37.75192584999937,0.8659495540258308,0,0,2.7009528284484736e-05,True,grid3x3,"1.4 V, 200 ps",0
aware,greedy_local_search,0.00047713648788910343,10.0,71,9,10,0.9,36.88632792709606,0.8688686029289908,0,0,2.7009528284484736e-05,True,grid3x3,"1.4 V, 200 ps",0
aware,cp_sat_exact,0.00047713648788910343,10.0,71,10,10,1.0,37.752095187116566,0.8659532432876433,0,0,2.7009528284484736e-05,True,grid3x3,"1.4 V, 200 ps",0
clean,utility_per_resource_greedy,0.0,10.0,63,9,10,0.9,29.976332771051773,0.882186713927333,0,0,0.0,True,grid3x3,"1.4 V, 200 ps",1
clean,congestion_aware_greedy,0.0,10.0,63,8,10,0.8,29.844594542607382,0.8813398043619026,0,0,0.0,True,grid3x3,"1.4 V, 200 ps",1
clean,greedy_local_search,0.0,10.0,63,9,10,0.9,29.976332771051773,0.882186713927333,0,0,0.0,True,grid3x3,"1.4 V, 200 ps",1
clean,cp_sat_exact,0.0,10.0,63,9,10,0.9,29.976332771051773,0.882186713927333,0,0,0.0,True,grid3x3,"1.4 V, 200 ps",1
blind,utility_per_resource_greedy,0.00047713648788910343,10.0,63,8,10,0.8,28.354662494666478,0.8863371995171021,0,0,5.1954748631797644e-05,True,grid3x3,"1.4 V, 200 ps",1
blind,congestion_aware_greedy,0.00047713648788910343,10.0,63,8,10,0.8,29.84172539395786,0.8812756546791173,0,0,5.1954748631797644e-05,True,grid3x3,"1.4 V, 200 ps",1
blind,greedy_local_search,0.00047713648788910343,10.0,63,8,10,0.8,28.354662494666478,0.8863371995171021,0,0,5.1954748631797644e-05,True,grid3x3,"1.4 V, 200 ps",1
blind,cp_sat_exact,0.00047713648788910343,10.0,63,9,10,0.9,29.97416659826561,0.882126422946246,0,0,5.1954748631797644e-05,True,grid3x3,"1.4 V, 200 ps",1
aware,utility_per_resource_greedy,0.00047713648788910343,10.0,63,8,10,0.8,28.354662494666478,0.8863371995171021,0,0,5.1954748631797644e-05,True,grid3x3,"1.4 V, 200 ps",1
aware,congestion_aware_greedy,0.00047713648788910343,10.0,63,8,10,0.8,29.84172539395786,0.8812756546791173,0,0,5.1954748631797644e-05,True,grid3x3,"1.4 V, 200 ps",1
aware,greedy_local_search,0.00047713648788910343,10.0,63,8,10,0.8,28.354662494666478,0.8863371995171021,0,0,5.1954748631797644e-05,True,grid3x3,"1.4 V, 200 ps",1
aware,cp_sat_exact,0.00047713648788910343,10.0,63,9,10,0.9,29.97416659826561,0.882126422946246,0,0,5.1954748631797644e-05,True,grid3x3,"1.4 V, 200 ps",1
clean,utility_per_resource_greedy,0.0,10.0,74,9,10,0.9,25.96225235440018,0.8582691069124585,0,0,0.0,True,grid3x3,"1.4 V, 200 ps",2
clean,congestion_aware_greedy,0.0,10.0,74,9,10,0.9,25.96225235440018,0.8582691069124585,0,0,0.0,True,grid3x3,"1.4 V, 200 ps",2
clean,greedy_local_search,0.0,10.0,74,9,10,0.9,25.96225235440018,0.8582691069124585,0,0,0.0,True,grid3x3,"1.4 V, 200 ps",2
clean,cp_sat_exact,0.0,10.0,74,9,10,0.9,25.96225235440018,0.8582691069124585,0,0,0.0,True,grid3x3,"1.4 V, 200 ps",2
blind,utility_per_resource_greedy,0.00047713648788910343,10.0,76,8,10,0.8,25.00595194522297,0.8605444227784488,0,0,4.505249839619382e-05,True,grid3x3,"1.4 V, 200 ps",2
blind,congestion_aware_greedy,0.00047713648788910343,10.0,76,7,10,0.7,24.44049219428051,0.8622439381090005,0,0,4.505249839619382e-05,True,grid3x3,"1.4 V, 200 ps",2
blind,greedy_local_search,0.00047713648788910343,10.0,76,8,10,0.8,25.00595194522297,0.8605444227784488,0,0,4.505249839619382e-05,True,grid3x3,"1.4 V, 200 ps",2
blind,cp_sat_exact,0.00047713648788910343,10.0,76,9,10,0.9,25.960034956697783,0.8582118962731834,0,0,4.505249839619382e-05,True,grid3x3,"1.4 V, 200 ps",2
aware,utility_per_resource_greedy,0.00047713648788910343,10.0,76,8,10,0.8,25.00595194522297,0.8605444227784488,0,0,4.505249839619382e-05,True,grid3x3,"1.4 V, 200 ps",2
aware,congestion_aware_greedy,0.00047713648788910343,10.0,76,7,10,0.7,24.44049219428051,0.8622439381090005,0,0,4.505249839619382e-05,True,grid3x3,"1.4 V, 200 ps",2
aware,greedy_local_search,0.00047713648788910343,10.0,76,8,10,0.8,25.00595194522297,0.8605444227784488,0,0,4.505249839619382e-05,True,grid3x3,"1.4 V, 200 ps",2
aware,cp_sat_exact,0.00047713648788910343,10.0,76,9,10,0.9,25.960034956697783,0.8582118962731834,0,0,4.505249839619382e-05,True,grid3x3,"1.4 V, 200 ps",2
clean,utility_per_resource_greedy,0.0,10.0,71,8,10,0.8,36.28338595555556,0.8683057777777777,0,0,0.0,True,grid3x3,"1.4 V, 200 ps",3
clean,congestion_aware_greedy,0.0,10.0,71,8,10,0.8,36.28338595555556,0.8683057777777777,0,0,0.0,True,grid3x3,"1.4 V, 200 ps",3
clean,greedy_local_search,0.0,10.0,71,8,10,0.8,36.28338595555556,0.8683057777777777,0,0,0.0,True,grid3x3,"1.4 V, 200 ps",3
clean,cp_sat_exact,0.0,10.0,71,8,10,0.8,36.28338595555556,0.8683057777777777,0,0,0.0,True,grid3x3,"1.4 V, 200 ps",3
blind,utility_per_resource_greedy,0.00047713648788910343,10.0,71,8,10,0.8,36.280931232242885,0.8682258806937313,0,0,5.724806854473519e-05,True,grid3x3,"1.4 V, 200 ps",3
blind,congestion_aware_greedy,0.00047713648788910343,10.0,71,8,10,0.8,36.28041059606408,0.8682086159432345,0,0,5.724806854473519e-05,True,grid3x3,"1.4 V, 200 ps",3
blind,greedy_local_search,0.00047713648788910343,10.0,71,8,10,0.8,36.280931232242885,0.8682258806937313,0,0,5.724806854473519e-05,True,grid3x3,"1.4 V, 200 ps",3
blind,cp_sat_exact,0.00047713648788910343,10.0,71,8,10,0.8,36.280931232242885,0.8682258806937313,0,0,5.724806854473519e-05,True,grid3x3,"1.4 V, 200 ps",3
aware,utility_per_resource_greedy,0.00047713648788910343,10.0,71,8,10,0.8,36.280931232242885,0.8682258806937313,0,0,5.724806854473519e-05,True,grid3x3,"1.4 V, 200 ps",3
aware,congestion_aware_greedy,0.00047713648788910343,10.0,71,8,10,0.8,36.28041059606408,0.8682086159432345,0,0,5.724806854473519e-05,True,grid3x3,"1.4 V, 200 ps",3
aware,greedy_local_search,0.00047713648788910343,10.0,71,8,10,0.8,36.280931232242885,0.8682258806937313,0,0,5.724806854473519e-05,True,grid3x3,"1.4 V, 200 ps",3
aware,cp_sat_exact,0.00047713648788910343,10.0,71,8,10,0.8,36.280931232242885,0.8682258806937313,0,0,5.724806854473519e-05,True,grid3x3,"1.4 V, 200 ps",3
clean,utility_per_resource_greedy,0.0,10.0,83,10,10,1.0,27.98470266666667,0.8842666666666666,0,0,0.0,True,grid3x3,"1.4 V, 200 ps",4
clean,congestion_aware_greedy,0.0,10.0,83,10,10,1.0,27.98470266666667,0.8842666666666666,0,0,0.0,True,grid3x3,"1.4 V, 200 ps",4
clean,greedy_local_search,0.0,10.0,83,10,10,1.0,27.98470266666667,0.8842666666666666,0,0,0.0,True,grid3x3,"1.4 V, 200 ps",4
clean,cp_sat_exact,0.0,10.0,83,10,10,1.0,27.98470266666667,0.8842666666666666,0,0,0.0,True,grid3x3,"1.4 V, 200 ps",4
blind,utility_per_resource_greedy,0.00047713648788910343,10.0,83,9,10,0.9,26.774020100611285,0.8881633352195601,0,0,5.97639949807364e-05,True,grid3x3,"1.4 V, 200 ps",4
blind,congestion_aware_greedy,0.00047713648788910343,10.0,83,10,10,1.0,27.982718912948197,0.8841764413609156,0,0,5.97639949807364e-05,True,grid3x3,"1.4 V, 200 ps",4
blind,greedy_local_search,0.00047713648788910343,10.0,83,9,10,0.9,26.774020100611285,0.8881633352195601,0,0,5.97639949807364e-05,True,grid3x3,"1.4 V, 200 ps",4
blind,cp_sat_exact,0.00047713648788910343,10.0,83,10,10,1.0,27.98275013857975,0.8841775107318591,0,0,5.97639949807364e-05,True,grid3x3,"1.4 V, 200 ps",4
aware,utility_per_resource_greedy,0.00047713648788910343,10.0,83,9,10,0.9,26.774020100611285,0.8881633352195601,0,0,5.97639949807364e-05,True,grid3x3,"1.4 V, 200 ps",4
aware,congestion_aware_greedy,0.00047713648788910343,10.0,83,10,10,1.0,27.982718912948197,0.8841764413609156,0,0,5.97639949807364e-05,True,grid3x3,"1.4 V, 200 ps",4
aware,greedy_local_search,0.00047713648788910343,10.0,83,9,10,0.9,26.774020100611285,0.8881633352195601,0,0,5.97639949807364e-05,True,grid3x3,"1.4 V, 200 ps",4
aware,cp_sat_exact,0.00047713648788910343,10.0,83,10,10,1.0,27.98275013857975,0.8841775107318591,0,0,5.97639949807364e-05,True,grid3x3,"1.4 V, 200 ps",4
clean,utility_per_resource_greedy,0.0,10.0,75,9,10,0.9,30.86777597072593,0.8526780470781892,0,0,0.0,True,grid3x3,"1.4 V, 200 ps",5
clean,congestion_aware_greedy,0.0,10.0,75,9,10,0.9,30.86777597072593,0.8526780470781892,0,0,0.0,True,grid3x3,"1.4 V, 200 ps",5
clean,greedy_local_search,0.0,10.0,75,9,10,0.9,30.86777597072593,0.8526780470781892,0,0,0.0,True,grid3x3,"1.4 V, 200 ps",5
clean,cp_sat_exact,0.0,10.0,75,9,10,0.9,30.86777597072593,0.8526780470781892,0,0,0.0,True,grid3x3,"1.4 V, 200 ps",5
blind,utility_per_resource_greedy,0.00047713648788910343,10.0,75,9,10,0.9,30.867129267304506,0.852649056972118,0,0,3.347755091992477e-05,True,grid3x3,"1.4 V, 200 ps",5
blind,congestion_aware_greedy,0.00047713648788910343,10.0,75,9,10,0.9,30.866152948548816,0.8526267360129115,0,0,3.347755091992477e-05,True,grid3x3,"1.4 V, 200 ps",5
blind,greedy_local_search,0.00047713648788910343,10.0,75,9,10,0.9,30.867129267304506,0.852649056972118,0,0,3.347755091992477e-05,True,grid3x3,"1.4 V, 200 ps",5
blind,cp_sat_exact,0.00047713648788910343,10.0,75,9,10,0.9,30.867026411368307,0.8526414211584424,0,0,3.347755091992477e-05,True,grid3x3,"1.4 V, 200 ps",5
aware,utility_per_resource_greedy,0.00047713648788910343,10.0,75,9,10,0.9,30.867129267304506,0.852649056972118,0,0,3.347755091992477e-05,True,grid3x3,"1.4 V, 200 ps",5
aware,congestion_aware_greedy,0.00047713648788910343,10.0,75,9,10,0.9,30.866152948548816,0.8526267360129115,0,0,3.347755091992477e-05,True,grid3x3,"1.4 V, 200 ps",5
aware,greedy_local_search,0.00047713648788910343,10.0,75,9,10,0.9,30.867129267304506,0.852649056972118,0,0,3.347755091992477e-05,True,grid3x3,"1.4 V, 200 ps",5
aware,cp_sat_exact,0.00047713648788910343,10.0,75,9,10,0.9,30.867026411368307,0.8526414211584424,0,0,3.347755091992477e-05,True,grid3x3,"1.4 V, 200 ps",5
clean,utility_per_resource_greedy,0.0,10.0,63,8,10,0.8,27.217868088888892,0.8593724444444444,0,0,0.0,True,grid3x3,"1.4 V, 200 ps",6
clean,congestion_aware_greedy,0.0,10.0,63,9,10,0.9,27.717035422222224,0.858168098765432,0,0,0.0,True,grid3x3,"1.4 V, 200 ps",6
clean,greedy_local_search,0.0,10.0,63,8,10,0.8,27.217868088888892,0.8593724444444444,0,0,0.0,True,grid3x3,"1.4 V, 200 ps",6
clean,cp_sat_exact,0.0,10.0,63,9,10,0.9,27.717035422222224,0.858168098765432,0,0,0.0,True,grid3x3,"1.4 V, 200 ps",6
blind,utility_per_resource_greedy,0.00047713648788910343,10.0,63,8,10,0.8,27.215925750776357,0.8593041024265808,0,0,3.9945463619443324e-05,True,grid3x3,"1.4 V, 200 ps",6
blind,congestion_aware_greedy,0.00047713648788910343,10.0,63,9,10,0.9,27.71449287030088,0.8580820206044851,0,0,3.9945463619443324e-05,True,grid3x3,"1.4 V, 200 ps",6
blind,greedy_local_search,0.00047713648788910343,10.0,63,8,10,0.8,27.215925750776357,0.8593041024265808,0,0,3.9945463619443324e-05,True,grid3x3,"1.4 V, 200 ps",6
blind,cp_sat_exact,0.00047713648788910343,10.0,63,9,10,0.9,27.71449287030088,0.8580820206044851,0,0,3.9945463619443324e-05,True,grid3x3,"1.4 V, 200 ps",6
aware,utility_per_resource_greedy,0.00047713648788910343,10.0,63,8,10,0.8,27.215925750776357,0.8593041024265808,0,0,3.9945463619443324e-05,True,grid3x3,"1.4 V, 200 ps",6
aware,congestion_aware_greedy,0.00047713648788910343,10.0,63,9,10,0.9,27.71449287030088,0.8580820206044851,0,0,3.9945463619443324e-05,True,grid3x3,"1.4 V, 200 ps",6
aware,greedy_local_search,0.00047713648788910343,10.0,63,8,10,0.8,27.215925750776357,0.8593041024265808,0,0,3.9945463619443324e-05,True,grid3x3,"1.4 V, 200 ps",6
aware,cp_sat_exact,0.00047713648788910343,10.0,63,9,10,0.9,27.71449287030088,0.8580820206044851,0,0,3.9945463619443324e-05,True,grid3x3,"1.4 V, 200 ps",6
clean,utility_per_resource_greedy,0.0,10.0,88,10,10,1.0,23.98600018666667,0.8572046222222222,0,0,0.0,True,grid3x3,"1.4 V, 200 ps",7
clean,congestion_aware_greedy,0.0,10.0,88,10,10,1.0,23.98600018666667,0.8572046222222222,0,0,0.0,True,grid3x3,"1.4 V, 200 ps",7
clean,greedy_local_search,0.0,10.0,88,10,10,1.0,23.98600018666667,0.8572046222222222,0,0,0.0,True,grid3x3,"1.4 V, 200 ps",7
clean,cp_sat_exact,0.0,10.0,88,10,10,1.0,23.98600018666667,0.8572046222222222,0,0,0.0,True,grid3x3,"1.4 V, 200 ps",7
blind,utility_per_resource_greedy,0.00047713648788910343,10.0,88,10,10,1.0,23.98348547415961,0.8570985767006724,0,0,8.683374270391601e-05,True,grid3x3,"1.4 V, 200 ps",7
blind,congestion_aware_greedy,0.00047713648788910343,10.0,88,10,10,1.0,23.98275149495547,0.857069383119074,0,0,8.683374270391601e-05,True,grid3x3,"1.4 V, 200 ps",7
blind,greedy_local_search,0.00047713648788910343,10.0,88,10,10,1.0,23.98348547415961,0.8570985767006724,0,0,8.683374270391601e-05,True,grid3x3,"1.4 V, 200 ps",7
blind,cp_sat_exact,0.00047713648788910343,10.0,88,10,10,1.0,23.98348547415961,0.8570985767006724,0,0,8.683374270391601e-05,True,grid3x3,"1.4 V, 200 ps",7
aware,utility_per_resource_greedy,0.00047713648788910343,10.0,88,10,10,1.0,23.98348547415961,0.8570985767006724,0,0,8.683374270391601e-05,True,grid3x3,"1.4 V, 200 ps",7
aware,congestion_aware_greedy,0.00047713648788910343,10.0,88,10,10,1.0,23.98275149495547,0.857069383119074,0,0,8.683374270391601e-05,True,grid3x3,"1.4 V, 200 ps",7
aware,greedy_local_search,0.00047713648788910343,10.0,88,10,10,1.0,23.98348547415961,0.8570985767006724,0,0,8.683374270391601e-05,True,grid3x3,"1.4 V, 200 ps",7
aware,cp_sat_exact,0.00047713648788910343,10.0,88,10,10,1.0,23.98348547415961,0.8570985767006724,0,0,8.683374270391601e-05,True,grid3x3,"1.4 V, 200 ps",7
clean,utility_per_resource_greedy,0.0,10.0,83,9,10,0.9,31.80314910222223,0.8510743703703703,0,0,0.0,True,grid3x3,"1.4 V, 200 ps",8
clean,congestion_aware_greedy,0.0,10.0,83,9,10,0.9,31.80314910222223,0.8510743703703703,0,0,0.0,True,grid3x3,"1.4 V, 200 ps",8
clean,greedy_local_search,0.0,10.0,83,9,10,0.9,31.80314910222223,0.8510743703703703,0,0,0.0,True,grid3x3,"1.4 V, 200 ps",8
clean,cp_sat_exact,0.0,10.0,83,10,10,1.0,32.271393325151344,0.8548631323784109,0,0,0.0,True,grid3x3,"1.4 V, 200 ps",8
blind,utility_per_resource_greedy,0.00047713648788910343,10.0,83,9,10,0.9,31.801488377557018,0.8510043043969644,0,0,5.052907119481217e-05,True,grid3x3,"1.4 V, 200 ps",8
blind,congestion_aware_greedy,0.00047713648788910343,10.0,83,9,10,0.9,31.801150554807872,0.8509931274859164,0,0,5.052907119481217e-05,True,grid3x3,"1.4 V, 200 ps",8
blind,greedy_local_search,0.00047713648788910343,10.0,83,9,10,0.9,31.801488377557018,0.8510043043969644,0,0,5.052907119481217e-05,True,grid3x3,"1.4 V, 200 ps",8
blind,cp_sat_exact,0.00047713648788910343,10.0,83,10,10,1.0,32.26943318561831,0.8547965449539575,0,0,5.052907119481217e-05,True,grid3x3,"1.4 V, 200 ps",8
aware,utility_per_resource_greedy,0.00047713648788910343,10.0,83,9,10,0.9,31.801488377557018,0.8510043043969644,0,0,5.052907119481217e-05,True,grid3x3,"1.4 V, 200 ps",8
aware,congestion_aware_greedy,0.00047713648788910343,10.0,83,9,10,0.9,31.801150554807872,0.8509931274859164,0,0,5.052907119481217e-05,True,grid3x3,"1.4 V, 200 ps",8
aware,greedy_local_search,0.00047713648788910343,10.0,83,9,10,0.9,31.801488377557018,0.8510043043969644,0,0,5.052907119481217e-05,True,grid3x3,"1.4 V, 200 ps",8
aware,cp_sat_exact,0.00047713648788910343,10.0,83,10,10,1.0,32.26943318561831,0.8547965449539575,0,0,5.052907119481217e-05,True,grid3x3,"1.4 V, 200 ps",8
clean,utility_per_resource_greedy,0.0,10.0,87,10,10,1.0,26.405326227135763,0.843478159670585,0,0,0.0,True,grid3x3,"1.4 V, 200 ps",9
clean,congestion_aware_greedy,0.0,10.0,87,10,10,1.0,26.405326227135763,0.843478159670585,0,0,0.0,True,grid3x3,"1.4 V, 200 ps",9
clean,greedy_local_search,0.0,10.0,87,10,10,1.0,26.405326227135763,0.843478159670585,0,0,0.0,True,grid3x3,"1.4 V, 200 ps",9
clean,cp_sat_exact,0.0,10.0,87,10,10,1.0,26.405326227135763,0.843478159670585,0,0,0.0,True,grid3x3,"1.4 V, 200 ps",9
blind,utility_per_resource_greedy,0.00047713648788910343,10.0,87,10,10,1.0,26.402780206167854,0.8433745697461917,0,0,6.605244523830156e-05,True,grid3x3,"1.4 V, 200 ps",9
blind,congestion_aware_greedy,0.00047713648788910343,10.0,87,10,10,1.0,26.401659131727136,0.8433670998850745,0,0,6.605244523830156e-05,True,grid3x3,"1.4 V, 200 ps",9
blind,greedy_local_search,0.00047713648788910343,10.0,87,10,10,1.0,26.402780206167854,0.8433745697461917,0,0,6.605244523830156e-05,True,grid3x3,"1.4 V, 200 ps",9
blind,cp_sat_exact,0.00047713648788910343,10.0,87,10,10,1.0,26.4025021730086,0.8433650191994525,0,0,6.605244523830156e-05,True,grid3x3,"1.4 V, 200 ps",9
aware,utility_per_resource_greedy,0.00047713648788910343,10.0,87,10,10,1.0,26.402780206167854,0.8433745697461917,0,0,6.605244523830156e-05,True,grid3x3,"1.4 V, 200 ps",9
aware,congestion_aware_greedy,0.00047713648788910343,10.0,87,10,10,1.0,26.401659131727136,0.8433670998850745,0,0,6.605244523830156e-05,True,grid3x3,"1.4 V, 200 ps",9
aware,greedy_local_search,0.00047713648788910343,10.0,87,10,10,1.0,26.402780206167854,0.8433745697461917,0,0,6.605244523830156e-05,True,grid3x3,"1.4 V, 200 ps",9
aware,cp_sat_exact,0.00047713648788910343,10.0,87,10,10,1.0,26.40261022784673,0.8433635514210722,0,0,6.605244523830156e-05,True,grid3x3,"1.4 V, 200 ps",9
clean,utility_per_resource_greedy,0.0,20.0,71,10,10,1.0,37.753816799848956,0.86599309412307,0,0,0.0,True,grid3x3,"1.4 V, 200 ps",0
clean,congestion_aware_greedy,0.0,20.0,71,10,10,1.0,37.753816799848956,0.86599309412307,0,0,0.0,True,grid3x3,"1.4 V, 200 ps",0
clean,greedy_local_search,0.0,20.0,71,10,10,1.0,37.753816799848956,0.86599309412307,0,0,0.0,True,grid3x3,"1.4 V, 200 ps",0
clean,cp_sat_exact,0.0,20.0,71,10,10,1.0,37.753816799848956,0.86599309412307,0,0,0.0,True,grid3x3,"1.4 V, 200 ps",0
blind,utility_per_resource_greedy,4.771364878891034e-05,20.0,71,9,10,0.9,36.88767090205209,0.8689030591512004,0,0,2.7010840422577362e-06,True,grid3x3,"1.4 V, 200 ps",0
blind,congestion_aware_greedy,4.771364878891034e-05,20.0,71,10,10,1.0,37.75362768917245,0.8659887398379285,0,0,2.7010840422577362e-06,True,grid3x3,"1.4 V, 200 ps",0
blind,greedy_local_search,4.771364878891034e-05,20.0,71,9,10,0.9,36.88767090205209,0.8689030591512004,0,0,2.7010840422577362e-06,True,grid3x3,"1.4 V, 200 ps",0
blind,cp_sat_exact,4.771364878891034e-05,20.0,71,10,10,1.0,37.753644624994266,0.8659891088100814,0,0,2.7010840422577362e-06,True,grid3x3,"1.4 V, 200 ps",0
aware,utility_per_resource_greedy,4.771364878891034e-05,20.0,71,9,10,0.9,36.88767090205209,0.8689030591512004,0,0,2.7010840422577362e-06,True,grid3x3,"1.4 V, 200 ps",0
aware,congestion_aware_greedy,4.771364878891034e-05,20.0,71,10,10,1.0,37.75362768917245,0.8659887398379285,0,0,2.7010840422577362e-06,True,grid3x3,"1.4 V, 200 ps",0
aware,greedy_local_search,4.771364878891034e-05,20.0,71,9,10,0.9,36.88767090205209,0.8689030591512004,0,0,2.7010840422577362e-06,True,grid3x3,"1.4 V, 200 ps",0
aware,cp_sat_exact,4.771364878891034e-05,20.0,71,10,10,1.0,37.753644624994266,0.8659891088100814,0,0,2.7010840422577362e-06,True,grid3x3,"1.4 V, 200 ps",0
clean,utility_per_resource_greedy,0.0,20.0,63,9,10,0.9,29.976332771051773,0.882186713927333,0,0,0.0,True,grid3x3,"1.4 V, 200 ps",1
clean,congestion_aware_greedy,0.0,20.0,63,8,10,0.8,29.844594542607382,0.8813398043619026,0,0,0.0,True,grid3x3,"1.4 V, 200 ps",1
clean,greedy_local_search,0.0,20.0,63,9,10,0.9,29.976332771051773,0.882186713927333,0,0,0.0,True,grid3x3,"1.4 V, 200 ps",1
clean,cp_sat_exact,0.0,20.0,63,9,10,0.9,29.976332771051773,0.882186713927333,0,0,0.0,True,grid3x3,"1.4 V, 200 ps",1
blind,utility_per_resource_greedy,4.771364878891034e-05,20.0,63,8,10,0.8,28.356249721216365,0.8863877671805171,0,0,5.1961292810431825e-06,True,grid3x3,"1.4 V, 200 ps",1
blind,congestion_aware_greedy,4.771364878891034e-05,20.0,63,8,10,0.8,29.844307574015076,0.8813333886529838,0,0,5.1961292810431825e-06,True,grid3x3,"1.4 V, 200 ps",1
blind,greedy_local_search,4.771364878891034e-05,20.0,63,8,10,0.8,28.356249721216365,0.8863877671805171,0,0,5.1961292810431825e-06,True,grid3x3,"1.4 V, 200 ps",1
blind,cp_sat_exact,4.771364878891034e-05,20.0,63,9,10,0.9,29.976116120374424,0.8821806840225821,0,0,5.1961292810431825e-06,True,grid3x3,"1.4 V, 200 ps",1
aware,utility_per_resource_greedy,4.771364878891034e-05,20.0,63,8,10,0.8,28.356249721216365,0.8863877671805171,0,0,5.1961292810431825e-06,True,grid3x3,"1.4 V, 200 ps",1
aware,congestion_aware_greedy,4.771364878891034e-05,20.0,63,8,10,0.8,29.844307574015076,0.8813333886529838,0,0,5.1961292810431825e-06,True,grid3x3,"1.4 V, 200 ps",1
aware,greedy_local_search,4.771364878891034e-05,20.0,63,8,10,0.8,28.356249721216365,0.8863877671805171,0,0,5.1961292810431825e-06,True,grid3x3,"1.4 V, 200 ps",1
aware,cp_sat_exact,4.771364878891034e-05,20.0,63,9,10,0.9,29.976116120374424,0.8821806840225821,0,0,5.1961292810431825e-06,True,grid3x3,"1.4 V, 200 ps",1
clean,utility_per_resource_greedy,0.0,20.0,74,9,10,0.9,25.96225235440018,0.8582691069124585,0,0,0.0,True,grid3x3,"1.4 V, 200 ps",2
clean,congestion_aware_greedy,0.0,20.0,74,9,10,0.9,25.96225235440018,0.8582691069124585,0,0,0.0,True,grid3x3,"1.4 V, 200 ps",2
clean,greedy_local_search,0.0,20.0,74,9,10,0.9,25.96225235440018,0.8582691069124585,0,0,0.0,True,grid3x3,"1.4 V, 200 ps",2
clean,cp_sat_exact,0.0,20.0,74,9,10,0.9,25.96225235440018,0.8582691069124585,0,0,0.0,True,grid3x3,"1.4 V, 200 ps",2
blind,utility_per_resource_greedy,4.771364878891034e-05,20.0,76,8,10,0.8,25.007350650494974,0.8605779058486079,0,0,4.505802222054545e-06,True,grid3x3,"1.4 V, 200 ps",2
blind,congestion_aware_greedy,4.771364878891034e-05,20.0,76,7,10,0.7,24.442065878793667,0.8622969232275809,0,0,4.505802222054545e-06,True,grid3x3,"1.4 V, 200 ps",2
blind,greedy_local_search,4.771364878891034e-05,20.0,76,8,10,0.8,25.007350650494974,0.8605779058486079,0,0,4.505802222054545e-06,True,grid3x3,"1.4 V, 200 ps",2
blind,cp_sat_exact,4.771364878891034e-05,20.0,76,9,10,0.9,25.962016993791146,0.8582630624057158,0,0,4.505802222054545e-06,True,grid3x3,"1.4 V, 200 ps",2
aware,utility_per_resource_greedy,4.771364878891034e-05,20.0,76,8,10,0.8,25.007350650494974,0.8605779058486079,0,0,4.505802222054545e-06,True,grid3x3,"1.4 V, 200 ps",2
aware,congestion_aware_greedy,4.771364878891034e-05,20.0,76,7,10,0.7,24.442065878793667,0.8622969232275809,0,0,4.505802222054545e-06,True,grid3x3,"1.4 V, 200 ps",2
aware,greedy_local_search,4.771364878891034e-05,20.0,76,8,10,0.8,25.007350650494974,0.8605779058486079,0,0,4.505802222054545e-06,True,grid3x3,"1.4 V, 200 ps",2
aware,cp_sat_exact,4.771364878891034e-05,20.0,76,9,10,0.9,25.9620102193368,0.8582628833921435,0,0,4.505802222054545e-06,True,grid3x3,"1.4 V, 200 ps",2
clean,utility_per_resource_greedy,0.0,20.0,71,8,10,0.8,36.28338595555556,0.8683057777777777,0,0,0.0,True,grid3x3,"1.4 V, 200 ps",3
clean,congestion_aware_greedy,0.0,20.0,71,8,10,0.8,36.28338595555556,0.8683057777777777,0,0,0.0,True,grid3x3,"1.4 V, 200 ps",3
clean,greedy_local_search,0.0,20.0,71,8,10,0.8,36.28338595555556,0.8683057777777777,0,0,0.0,True,grid3x3,"1.4 V, 200 ps",3
clean,cp_sat_exact,0.0,20.0,71,8,10,0.8,36.28338595555556,0.8683057777777777,0,0,0.0,True,grid3x3,"1.4 V, 200 ps",3
blind,utility_per_resource_greedy,4.771364878891034e-05,20.0,71,8,10,0.8,36.28314045327787,0.868297787074052,0,0,5.725530833870322e-06,True,grid3x3,"1.4 V, 200 ps",3
blind,congestion_aware_greedy,4.771364878891034e-05,20.0,71,8,10,0.8,36.28308837488702,0.8682960601023737,0,0,5.725530833870322e-06,True,grid3x3,"1.4 V, 200 ps",3
blind,greedy_local_search,4.771364878891034e-05,20.0,71,8,10,0.8,36.28314045327787,0.868297787074052,0,0,5.725530833870322e-06,True,grid3x3,"1.4 V, 200 ps",3
blind,cp_sat_exact,4.771364878891034e-05,20.0,71,8,10,0.8,36.28314045327787,0.868297787074052,0,0,5.725530833870322e-06,True,grid3x3,"1.4 V, 200 ps",3
aware,utility_per_resource_greedy,4.771364878891034e-05,20.0,71,8,10,0.8,36.28314045327787,0.868297787074052,0,0,5.725530833870322e-06,True,grid3x3,"1.4 V, 200 ps",3
aware,congestion_aware_greedy,4.771364878891034e-05,20.0,71,8,10,0.8,36.28308837488702,0.8682960601023737,0,0,5.725530833870322e-06,True,grid3x3,"1.4 V, 200 ps",3
aware,greedy_local_search,4.771364878891034e-05,20.0,71,8,10,0.8,36.28314045327787,0.868297787074052,0,0,5.725530833870322e-06,True,grid3x3,"1.4 V, 200 ps",3
aware,cp_sat_exact,4.771364878891034e-05,20.0,71,8,10,0.8,36.28314045327787,0.868297787074052,0,0,5.725530833870322e-06,True,grid3x3,"1.4 V, 200 ps",3
clean,utility_per_resource_greedy,0.0,20.0,83,10,10,1.0,27.98470266666667,0.8842666666666666,0,0,0.0,True,grid3x3,"1.4 V, 200 ps",4
clean,congestion_aware_greedy,0.0,20.0,83,10,10,1.0,27.98470266666667,0.8842666666666666,0,0,0.0,True,grid3x3,"1.4 V, 200 ps",4
clean,greedy_local_search,0.0,20.0,83,10,10,1.0,27.98470266666667,0.8842666666666666,0,0,0.0,True,grid3x3,"1.4 V, 200 ps",4
clean,cp_sat_exact,0.0,20.0,83,10,10,1.0,27.98470266666667,0.8842666666666666,0,0,0.0,True,grid3x3,"1.4 V, 200 ps",4
blind,utility_per_resource_greedy,4.771364878891034e-05,20.0,83,9,10,0.9,26.77545279203775,0.8882296660021681,0,0,5.977060577228022e-06,True,grid3x3,"1.4 V, 200 ps",4
blind,congestion_aware_greedy,4.771364878891034e-05,20.0,83,10,10,1.0,27.984504264496938,0.8842576428542394,0,0,5.977060577228022e-06,True,grid3x3,"1.4 V, 200 ps",4
blind,greedy_local_search,4.771364878891034e-05,20.0,83,9,10,0.9,26.77545279203775,0.8882296660021681,0,0,5.977060577228022e-06,True,grid3x3,"1.4 V, 200 ps",4
blind,cp_sat_exact,4.771364878891034e-05,20.0,83,10,10,1.0,27.984507387638107,0.8842577498111286,0,0,5.977060577228022e-06,True,grid3x3,"1.4 V, 200 ps",4
aware,utility_per_resource_greedy,4.771364878891034e-05,20.0,83,9,10,0.9,26.77545279203775,0.8882296660021681,0,0,5.977060577228022e-06,True,grid3x3,"1.4 V, 200 ps",4
aware,congestion_aware_greedy,4.771364878891034e-05,20.0,83,10,10,1.0,27.984504264496938,0.8842576428542394,0,0,5.977060577228022e-06,True,grid3x3,"1.4 V, 200 ps",4
aware,greedy_local_search,4.771364878891034e-05,20.0,83,9,10,0.9,26.77545279203775,0.8882296660021681,0,0,5.977060577228022e-06,True,grid3x3,"1.4 V, 200 ps",4
aware,cp_sat_exact,4.771364878891034e-05,20.0,83,10,10,1.0,27.984507387638107,0.8842577498111286,0,0,5.977060577228022e-06,True,grid3x3,"1.4 V, 200 ps",4
clean,utility_per_resource_greedy,0.0,20.0,75,9,10,0.9,30.86777597072593,0.8526780470781892,0,0,0.0,True,grid3x3,"1.4 V, 200 ps",5
clean,congestion_aware_greedy,0.0,20.0,75,9,10,0.9,30.86777597072593,0.8526780470781892,0,0,0.0,True,grid3x3,"1.4 V, 200 ps",5
clean,greedy_local_search,0.0,20.0,75,9,10,0.9,30.86777597072593,0.8526780470781892,0,0,0.0,True,grid3x3,"1.4 V, 200 ps",5
clean,cp_sat_exact,0.0,20.0,75,9,10,0.9,30.86777597072593,0.8526780470781892,0,0,0.0,True,grid3x3,"1.4 V, 200 ps",5
blind,utility_per_resource_greedy,4.771364878891034e-05,20.0,75,9,10,0.9,30.867711297664478,0.8526751478285353,0,0,3.348199097447102e-06,True,grid3x3,"1.4 V, 200 ps",5
blind,congestion_aware_greedy,4.771364878891034e-05,20.0,75,9,10,0.9,30.867613634935676,0.8526729150272366,0,0,3.348199097447102e-06,True,grid3x3,"1.4 V, 200 ps",5
blind,greedy_local_search,4.771364878891034e-05,20.0,75,9,10,0.9,30.867711297664478,0.8526751478285353,0,0,3.348199097447102e-06,True,grid3x3,"1.4 V, 200 ps",5
blind,cp_sat_exact,4.771364878891034e-05,20.0,75,9,10,0.9,30.86766426076902,0.8526735960030654,0,0,3.348199097447102e-06,True,grid3x3,"1.4 V, 200 ps",5
aware,utility_per_resource_greedy,4.771364878891034e-05,20.0,75,9,10,0.9,30.867711297664478,0.8526751478285353,0,0,3.348199097447102e-06,True,grid3x3,"1.4 V, 200 ps",5
aware,congestion_aware_greedy,4.771364878891034e-05,20.0,75,9,10,0.9,30.867613634935676,0.8526729150272366,0,0,3.348199097447102e-06,True,grid3x3,"1.4 V, 200 ps",5
aware,greedy_local_search,4.771364878891034e-05,20.0,75,9,10,0.9,30.867711297664478,0.8526751478285353,0,0,3.348199097447102e-06,True,grid3x3,"1.4 V, 200 ps",5
aware,cp_sat_exact,4.771364878891034e-05,20.0,75,9,10,0.9,30.86766426076902,0.8526735960030654,0,0,3.348199097447102e-06,True,grid3x3,"1.4 V, 200 ps",5
clean,utility_per_resource_greedy,0.0,20.0,63,8,10,0.8,27.217868088888892,0.8593724444444444,0,0,0.0,True,grid3x3,"1.4 V, 200 ps",6
clean,congestion_aware_greedy,0.0,20.0,63,9,10,0.9,27.717035422222224,0.858168098765432,0,0,0.0,True,grid3x3,"1.4 V, 200 ps",6
clean,greedy_local_search,0.0,20.0,63,8,10,0.8,27.217868088888892,0.8593724444444444,0,0,0.0,True,grid3x3,"1.4 V, 200 ps",6
clean,cp_sat_exact,0.0,20.0,63,9,10,0.9,27.717035422222224,0.858168098765432,0,0,0.0,True,grid3x3,"1.4 V, 200 ps",6
blind,utility_per_resource_greedy,4.771364878891034e-05,20.0,63,8,10,0.8,27.21767382824092,0.8593656093574393,0,0,3.995026285286141e-06,True,grid3x3,"1.4 V, 200 ps",6
blind,congestion_aware_greedy,4.771364878891034e-05,20.0,63,9,10,0.9,27.716781123180667,0.8581594896088662,0,0,3.995026285286141e-06,True,grid3x3,"1.4 V, 200 ps",6
blind,greedy_local_search,4.771364878891034e-05,20.0,63,8,10,0.8,27.21767382824092,0.8593656093574393,0,0,3.995026285286141e-06,True,grid3x3,"1.4 V, 200 ps",6
blind,cp_sat_exact,4.771364878891034e-05,20.0,63,9,10,0.9,27.716781123180667,0.8581594896088662,0,0,3.995026285286141e-06,True,grid3x3,"1.4 V, 200 ps",6
aware,utility_per_resource_greedy,4.771364878891034e-05,20.0,63,8,10,0.8,27.21767382824092,0.8593656093574393,0,0,3.995026285286141e-06,True,grid3x3,"1.4 V, 200 ps",6
aware,congestion_aware_greedy,4.771364878891034e-05,20.0,63,9,10,0.9,27.716781123180667,0.8581594896088662,0,0,3.995026285286141e-06,True,grid3x3,"1.4 V, 200 ps",6
aware,greedy_local_search,4.771364878891034e-05,20.0,63,8,10,0.8,27.21767382824092,0.8593656093574393,0,0,3.995026285286141e-06,True,grid3x3,"1.4 V, 200 ps",6
aware,cp_sat_exact,4.771364878891034e-05,20.0,63,9,10,0.9,27.716781123180667,0.8581594896088662,0,0,3.995026285286141e-06,True,grid3x3,"1.4 V, 200 ps",6
clean,utility_per_resource_greedy,0.0,20.0,88,10,10,1.0,23.98600018666667,0.8572046222222222,0,0,0.0,True,grid3x3,"1.4 V, 200 ps",7
clean,congestion_aware_greedy,0.0,20.0,88,10,10,1.0,23.98600018666667,0.8572046222222222,0,0,0.0,True,grid3x3,"1.4 V, 200 ps",7
clean,greedy_local_search,0.0,20.0,88,10,10,1.0,23.98600018666667,0.8572046222222222,0,0,0.0,True,grid3x3,"1.4 V, 200 ps",7
clean,cp_sat_exact,0.0,20.0,88,10,10,1.0,23.98600018666667,0.8572046222222222,0,0,0.0,True,grid3x3,"1.4 V, 200 ps",7
blind,utility_per_resource_greedy,4.771364878891034e-05,20.0,88,10,10,1.0,23.985748677578087,0.8571940160791452,0,0,8.684616917572127e-06,True,grid3x3,"1.4 V, 200 ps",7
blind,congestion_aware_greedy,4.771364878891034e-05,20.0,88,10,10,1.0,23.985675247734484,0.8571910954457767,0,0,8.684616917572127e-06,True,grid3x3,"1.4 V, 200 ps",7
blind,greedy_local_search,4.771364878891034e-05,20.0,88,10,10,1.0,23.985748677578087,0.8571940160791452,0,0,8.684616917572127e-06,True,grid3x3,"1.4 V, 200 ps",7
blind,cp_sat_exact,4.771364878891034e-05,20.0,88,10,10,1.0,23.985748677578087,0.8571940160791452,0,0,8.684616917572127e-06,True,grid3x3,"1.4 V, 200 ps",7
aware,utility_per_resource_greedy,4.771364878891034e-05,20.0,88,10,10,1.0,23.985748677578087,0.8571940160791452,0,0,8.684616917572127e-06,True,grid3x3,"1.4 V, 200 ps",7
aware,congestion_aware_greedy,4.771364878891034e-05,20.0,88,10,10,1.0,23.985675247734484,0.8571910954457767,0,0,8.684616917572127e-06,True,grid3x3,"1.4 V, 200 ps",7
aware,greedy_local_search,4.771364878891034e-05,20.0,88,10,10,1.0,23.985748677578087,0.8571940160791452,0,0,8.684616917572127e-06,True,grid3x3,"1.4 V, 200 ps",7
aware,cp_sat_exact,4.771364878891034e-05,20.0,88,10,10,1.0,23.985748677578087,0.8571940160791452,0,0,8.684616917572127e-06,True,grid3x3,"1.4 V, 200 ps",7
clean,utility_per_resource_greedy,0.0,20.0,83,9,10,0.9,31.80314910222223,0.8510743703703703,0,0,0.0,True,grid3x3,"1.4 V, 200 ps",8
clean,congestion_aware_greedy,0.0,20.0,83,9,10,0.9,31.80314910222223,0.8510743703703703,0,0,0.0,True,grid3x3,"1.4 V, 200 ps",8
clean,greedy_local_search,0.0,20.0,83,9,10,0.9,31.80314910222223,0.8510743703703703,0,0,0.0,True,grid3x3,"1.4 V, 200 ps",8
clean,cp_sat_exact,0.0,20.0,83,10,10,1.0,32.271393325151344,0.8548631323784109,0,0,0.0,True,grid3x3,"1.4 V, 200 ps",8
blind,utility_per_resource_greedy,4.771364878891034e-05,20.0,83,9,10,0.9,31.802983012384423,0.851067362954304,0,0,5.053422952483455e-06,True,grid3x3,"1.4 V, 200 ps",8
blind,congestion_aware_greedy,4.771364878891034e-05,20.0,83,9,10,0.9,31.802949219889225,0.8510662448997764,0,0,5.053422952483455e-06,True,grid3x3,"1.4 V, 200 ps",8
blind,greedy_local_search,4.771364878891034e-05,20.0,83,9,10,0.9,31.802983012384423,0.851067362954304,0,0,5.053422952483455e-06,True,grid3x3,"1.4 V, 200 ps",8
blind,cp_sat_exact,4.771364878891034e-05,20.0,83,10,10,1.0,32.27119728789291,0.8548564729956711,0,0,5.053422952483455e-06,True,grid3x3,"1.4 V, 200 ps",8
aware,utility_per_resource_greedy,4.771364878891034e-05,20.0,83,9,10,0.9,31.802983012384423,0.851067362954304,0,0,5.053422952483455e-06,True,grid3x3,"1.4 V, 200 ps",8
aware,congestion_aware_greedy,4.771364878891034e-05,20.0,83,9,10,0.9,31.802949219889225,0.8510662448997764,0,0,5.053422952483455e-06,True,grid3x3,"1.4 V, 200 ps",8
aware,greedy_local_search,4.771364878891034e-05,20.0,83,9,10,0.9,31.802983012384423,0.851067362954304,0,0,5.053422952483455e-06,True,grid3x3,"1.4 V, 200 ps",8
aware,cp_sat_exact,4.771364878891034e-05,20.0,83,10,10,1.0,32.27119728789291,0.8548564729956711,0,0,5.053422952483455e-06,True,grid3x3,"1.4 V, 200 ps",8
clean,utility_per_resource_greedy,0.0,20.0,87,10,10,1.0,26.405326227135763,0.843478159670585,0,0,0.0,True,grid3x3,"1.4 V, 200 ps",9
clean,congestion_aware_greedy,0.0,20.0,87,10,10,1.0,26.405326227135763,0.843478159670585,0,0,0.0,True,grid3x3,"1.4 V, 200 ps",9
clean,greedy_local_search,0.0,20.0,87,10,10,1.0,26.405326227135763,0.843478159670585,0,0,0.0,True,grid3x3,"1.4 V, 200 ps",9
clean,cp_sat_exact,0.0,20.0,87,10,10,1.0,26.405326227135763,0.843478159670585,0,0,0.0,True,grid3x3,"1.4 V, 200 ps",9
blind,utility_per_resource_greedy,4.771364878891034e-05,20.0,87,10,10,1.0,26.405071586712207,0.8434677986400742,0,0,6.606203316642893e-06,True,grid3x3,"1.4 V, 200 ps",9
blind,congestion_aware_greedy,4.771364878891034e-05,20.0,87,10,10,1.0,26.40495943191196,0.8434670513693568,0,0,6.606203316642893e-06,True,grid3x3,"1.4 V, 200 ps",9
blind,greedy_local_search,4.771364878891034e-05,20.0,87,10,10,1.0,26.405071586712207,0.8434677986400742,0,0,6.606203316642893e-06,True,grid3x3,"1.4 V, 200 ps",9
blind,cp_sat_exact,4.771364878891034e-05,20.0,87,10,10,1.0,26.404948620028083,0.8434671981541934,0,0,6.606203316642893e-06,True,grid3x3,"1.4 V, 200 ps",9
aware,utility_per_resource_greedy,4.771364878891034e-05,20.0,87,10,10,1.0,26.405071586712207,0.8434677986400742,0,0,6.606203316642893e-06,True,grid3x3,"1.4 V, 200 ps",9
aware,congestion_aware_greedy,4.771364878891034e-05,20.0,87,10,10,1.0,26.40495943191196,0.8434670513693568,0,0,6.606203316642893e-06,True,grid3x3,"1.4 V, 200 ps",9
aware,greedy_local_search,4.771364878891034e-05,20.0,87,10,10,1.0,26.405071586712207,0.8434677986400742,0,0,6.606203316642893e-06,True,grid3x3,"1.4 V, 200 ps",9
aware,cp_sat_exact,4.771364878891034e-05,20.0,87,10,10,1.0,26.404948620028083,0.8434671981541934,0,0,6.606203316642893e-06,True,grid3x3,"1.4 V, 200 ps",9
clean,utility_per_resource_greedy,0.0,0.0,71,10,10,1.0,37.753816799848956,0.86599309412307,0,0,0.0,True,grid3x3,"1.4 V, 1.6 ns",0
clean,congestion_aware_greedy,0.0,0.0,71,10,10,1.0,37.753816799848956,0.86599309412307,0,0,0.0,True,grid3x3,"1.4 V, 1.6 ns",0
clean,greedy_local_search,0.0,0.0,71,10,10,1.0,37.753816799848956,0.86599309412307,0,0,0.0,True,grid3x3,"1.4 V, 1.6 ns",0
clean,cp_sat_exact,0.0,0.0,71,10,10,1.0,37.753816799848956,0.86599309412307,0,0,0.0,True,grid3x3,"1.4 V, 1.6 ns",0
blind,utility_per_resource_greedy,0.03882399185758208,0.0,69,8,10,0.8,35.05446997053036,0.8635991717295105,0,0,0.0021882475136701107,True,grid3x3,"1.4 V, 1.6 ns",0
blind,congestion_aware_greedy,0.03882399185758208,0.0,69,9,10,0.9,35.88836590260576,0.8601387055573481,0,0,0.0021882475136701107,True,grid3x3,"1.4 V, 1.6 ns",0
blind,greedy_local_search,0.03882399185758208,0.0,69,8,10,0.8,35.05446997053036,0.8635991717295105,0,0,0.0021882475136701107,True,grid3x3,"1.4 V, 1.6 ns",0
blind,cp_sat_exact,0.03882399185758208,0.0,69,9,10,0.9,35.90791232125622,0.8606425774534321,0,0,0.0021882475136701107,True,grid3x3,"1.4 V, 1.6 ns",0
aware,utility_per_resource_greedy,0.03882399185758208,0.0,69,8,10,0.8,35.05446997053036,0.8635991717295105,0,0,0.0021882475136701107,True,grid3x3,"1.4 V, 1.6 ns",0
aware,congestion_aware_greedy,0.03882399185758208,0.0,69,9,10,0.9,35.88836590260576,0.8601387055573481,0,0,0.0021882475136701107,True,grid3x3,"1.4 V, 1.6 ns",0
aware,greedy_local_search,0.03882399185758208,0.0,69,8,10,0.8,35.05446997053036,0.8635991717295105,0,0,0.0021882475136701107,True,grid3x3,"1.4 V, 1.6 ns",0
aware,cp_sat_exact,0.03882399185758208,0.0,69,9,10,0.9,35.90791232125622,0.8606425774534321,0,0,0.0021882475136701107,True,grid3x3,"1.4 V, 1.6 ns",0
clean,utility_per_resource_greedy,0.0,0.0,63,9,10,0.9,29.976332771051773,0.882186713927333,0,0,0.0,True,grid3x3,"1.4 V, 1.6 ns",1
clean,congestion_aware_greedy,0.0,0.0,63,8,10,0.8,29.844594542607382,0.8813398043619026,0,0,0.0,True,grid3x3,"1.4 V, 1.6 ns",1
clean,greedy_local_search,0.0,0.0,63,9,10,0.9,29.976332771051773,0.882186713927333,0,0,0.0,True,grid3x3,"1.4 V, 1.6 ns",1
clean,cp_sat_exact,0.0,0.0,63,9,10,0.9,29.976332771051773,0.882186713927333,0,0,0.0,True,grid3x3,"1.4 V, 1.6 ns",1
blind,utility_per_resource_greedy,0.03882399185758208,0.0,62,8,10,0.8,28.214516252512496,0.8818662259721082,0,0,0.004180597931003939,True,grid3x3,"1.4 V, 1.6 ns",1
blind,congestion_aware_greedy,0.03882399185758208,0.0,62,8,10,0.8,28.20875767945033,0.881721392645595,0,0,0.004180597931003939,True,grid3x3,"1.4 V, 1.6 ns",1
blind,greedy_local_search,0.03882399185758208,0.0,62,8,10,0.8,28.214516252512496,0.8818662259721082,0,0,0.004180597931003939,True,grid3x3,"1.4 V, 1.6 ns",1
blind,cp_sat_exact,0.03882399185758208,0.0,62,9,10,0.9,29.802466273149754,0.877338722118173,0,0,0.004180597931003939,True,grid3x3,"1.4 V, 1.6 ns",1
aware,utility_per_resource_greedy,0.03882399185758208,0.0,62,8,10,0.8,28.214516252512496,0.8818662259721082,0,0,0.004180597931003939,True,grid3x3,"1.4 V, 1.6 ns",1
aware,congestion_aware_greedy,0.03882399185758208,0.0,62,8,10,0.8,28.20875767945033,0.881721392645595,0,0,0.004180597931003939,True,grid3x3,"1.4 V, 1.6 ns",1
aware,greedy_local_search,0.03882399185758208,0.0,62,8,10,0.8,28.214516252512496,0.8818662259721082,0,0,0.004180597931003939,True,grid3x3,"1.4 V, 1.6 ns",1
aware,cp_sat_exact,0.03882399185758208,0.0,62,9,10,0.9,29.802466273149754,0.877338722118173,0,0,0.004180597931003939,True,grid3x3,"1.4 V, 1.6 ns",1
clean,utility_per_resource_greedy,0.0,0.0,74,9,10,0.9,25.96225235440018,0.8582691069124585,0,0,0.0,True,grid3x3,"1.4 V, 1.6 ns",2
clean,congestion_aware_greedy,0.0,0.0,74,9,10,0.9,25.96225235440018,0.8582691069124585,0,0,0.0,True,grid3x3,"1.4 V, 1.6 ns",2
clean,greedy_local_search,0.0,0.0,74,9,10,0.9,25.96225235440018,0.8582691069124585,0,0,0.0,True,grid3x3,"1.4 V, 1.6 ns",2
clean,cp_sat_exact,0.0,0.0,74,9,10,0.9,25.96225235440018,0.8582691069124585,0,0,0.0,True,grid3x3,"1.4 V, 1.6 ns",2
blind,utility_per_resource_greedy,0.03882399185758208,0.0,73,7,10,0.7,22.4180192767634,0.873650898390216,0,0,0.003626259406628094,True,grid3x3,"1.4 V, 1.6 ns",2
blind,congestion_aware_greedy,0.03882399185758208,0.0,73,7,10,0.7,23.74195049572241,0.86360471376517,0,0,0.003626259406628094,True,grid3x3,"1.4 V, 1.6 ns",2
blind,greedy_local_search,0.03882399185758208,0.0,73,7,10,0.7,22.4180192767634,0.873650898390216,0,0,0.003626259406628094,True,grid3x3,"1.4 V, 1.6 ns",2
blind,cp_sat_exact,0.03882399185758208,0.0,73,9,10,0.9,25.24721121087895,0.8588296790533864,0,0,0.003626259406628094,True,grid3x3,"1.4 V, 1.6 ns",2
aware,utility_per_resource_greedy,0.03882399185758208,0.0,73,7,10,0.7,22.4180192767634,0.873650898390216,0,0,0.003626259406628094,True,grid3x3,"1.4 V, 1.6 ns",2
aware,congestion_aware_greedy,0.03882399185758208,0.0,73,7,10,0.7,23.74195049572241,0.86360471376517,0,0,0.003626259406628094,True,grid3x3,"1.4 V, 1.6 ns",2
aware,greedy_local_search,0.03882399185758208,0.0,73,7,10,0.7,22.4180192767634,0.873650898390216,0,0,0.003626259406628094,True,grid3x3,"1.4 V, 1.6 ns",2
aware,cp_sat_exact,0.03882399185758208,0.0,73,9,10,0.9,25.24721121087895,0.8588296790533864,0,0,0.003626259406628094,True,grid3x3,"1.4 V, 1.6 ns",2
clean,utility_per_resource_greedy,0.0,0.0,71,8,10,0.8,36.28338595555556,0.8683057777777777,0,0,0.0,True,grid3x3,"1.4 V, 1.6 ns",3
clean,congestion_aware_greedy,0.0,0.0,71,8,10,0.8,36.28338595555556,0.8683057777777777,0,0,0.0,True,grid3x3,"1.4 V, 1.6 ns",3
clean,greedy_local_search,0.0,0.0,71,8,10,0.8,36.28338595555556,0.8683057777777777,0,0,0.0,True,grid3x3,"1.4 V, 1.6 ns",3
clean,cp_sat_exact,0.0,0.0,71,8,10,0.8,36.28338595555556,0.8683057777777777,0,0,0.0,True,grid3x3,"1.4 V, 1.6 ns",3
blind,utility_per_resource_greedy,0.03882399185758208,0.0,71,8,10,0.8,36.08579607715164,0.8618760333135697,0,0,0.00460634991669114,True,grid3x3,"1.4 V, 1.6 ns",3
blind,congestion_aware_greedy,0.03882399185758208,0.0,71,8,10,0.8,36.0444876322859,0.8605066851840156,0,0,0.00460634991669114,True,grid3x3,"1.4 V, 1.6 ns",3
blind,greedy_local_search,0.03882399185758208,0.0,71,8,10,0.8,36.08579607715164,0.8618760333135697,0,0,0.00460634991669114,True,grid3x3,"1.4 V, 1.6 ns",3
blind,cp_sat_exact,0.03882399185758208,0.0,71,8,10,0.8,36.08579607715164,0.8618760333135697,0,0,0.00460634991669114,True,grid3x3,"1.4 V, 1.6 ns",3
aware,utility_per_resource_greedy,0.03882399185758208,0.0,71,8,10,0.8,36.08579607715164,0.8618760333135697,0,0,0.00460634991669114,True,grid3x3,"1.4 V, 1.6 ns",3
aware,congestion_aware_greedy,0.03882399185758208,0.0,71,8,10,0.8,36.0444876322859,0.8605066851840156,0,0,0.00460634991669114,True,grid3x3,"1.4 V, 1.6 ns",3
aware,greedy_local_search,0.03882399185758208,0.0,71,8,10,0.8,36.08579607715164,0.8618760333135697,0,0,0.00460634991669114,True,grid3x3,"1.4 V, 1.6 ns",3
aware,cp_sat_exact,0.03882399185758208,0.0,71,8,10,0.8,36.08579607715164,0.8618760333135697,0,0,0.00460634991669114,True,grid3x3,"1.4 V, 1.6 ns",3
clean,utility_per_resource_greedy,0.0,0.0,83,10,10,1.0,27.98470266666667,0.8842666666666666,0,0,0.0,True,grid3x3,"1.4 V, 1.6 ns",4
clean,congestion_aware_greedy,0.0,0.0,83,10,10,1.0,27.98470266666667,0.8842666666666666,0,0,0.0,True,grid3x3,"1.4 V, 1.6 ns",4
clean,greedy_local_search,0.0,0.0,83,10,10,1.0,27.98470266666667,0.8842666666666666,0,0,0.0,True,grid3x3,"1.4 V, 1.6 ns",4
clean,cp_sat_exact,0.0,0.0,83,10,10,1.0,27.98470266666667,0.8842666666666666,0,0,0.0,True,grid3x3,"1.4 V, 1.6 ns",4
blind,utility_per_resource_greedy,0.03882399185758208,0.0,82,9,10,0.9,26.647376447896633,0.882301322785326,0,0,0.004815438382397452,True,grid3x3,"1.4 V, 1.6 ns",4
blind,congestion_aware_greedy,0.03882399185758208,0.0,82,9,10,0.9,26.643300083410544,0.88210190842204,0,0,0.004815438382397452,True,grid3x3,"1.4 V, 1.6 ns",4
blind,greedy_local_search,0.03882399185758208,0.0,82,9,10,0.9,26.647376447896633,0.882301322785326,0,0,0.004815438382397452,True,grid3x3,"1.4 V, 1.6 ns",4
blind,cp_sat_exact,0.03882399185758208,0.0,82,10,10,1.0,27.279650868228597,0.8814903003666323,0,0,0.004815438382397452,True,grid3x3,"1.4 V, 1.6 ns",4
aware,utility_per_resource_greedy,0.03882399185758208,0.0,82,9,10,0.9,26.647376447896633,0.882301322785326,0,0,0.004815438382397452,True,grid3x3,"1.4 V, 1.6 ns",4
aware,congestion_aware_greedy,0.03882399185758208,0.0,82,9,10,0.9,26.643300083410544,0.88210190842204,0,0,0.004815438382397452,True,grid3x3,"1.4 V, 1.6 ns",4
aware,greedy_local_search,0.03882399185758208,0.0,82,9,10,0.9,26.647376447896633,0.882301322785326,0,0,0.004815438382397452,True,grid3x3,"1.4 V, 1.6 ns",4
aware,cp_sat_exact,0.03882399185758208,0.0,82,10,10,1.0,27.279650868228597,0.8814903003666323,0,0,0.004815438382397452,True,grid3x3,"1.4 V, 1.6 ns",4
clean,utility_per_resource_greedy,0.0,0.0,75,9,10,0.9,30.86777597072593,0.8526780470781892,0,0,0.0,True,grid3x3,"1.4 V, 1.6 ns",5
clean,congestion_aware_greedy,0.0,0.0,75,9,10,0.9,30.86777597072593,0.8526780470781892,0,0,0.0,True,grid3x3,"1.4 V, 1.6 ns",5
clean,greedy_local_search,0.0,0.0,75,9,10,0.9,30.86777597072593,0.8526780470781892,0,0,0.0,True,grid3x3,"1.4 V, 1.6 ns",5
clean,cp_sat_exact,0.0,0.0,75,9,10,0.9,30.86777597072593,0.8526780470781892,0,0,0.0,True,grid3x3,"1.4 V, 1.6 ns",5
blind,utility_per_resource_greedy,0.03882399185758208,0.0,75,9,10,0.9,30.815350909273242,0.8503363409029918,0,0,0.0026922523613151414,True,grid3x3,"1.4 V, 1.6 ns",5
blind,congestion_aware_greedy,0.03882399185758208,0.0,75,9,10,0.9,30.73810323980233,0.848570276214585,0,0,0.0026922523613151414,True,grid3x3,"1.4 V, 1.6 ns",5
blind,greedy_local_search,0.03882399185758208,0.0,75,9,10,0.9,30.815350909273242,0.8503363409029918,0,0,0.0026922523613151414,True,grid3x3,"1.4 V, 1.6 ns",5
blind,cp_sat_exact,0.03882399185758208,0.0,75,9,10,0.9,30.815350909273242,0.8503363409029918,0,0,0.0026922523613151414,True,grid3x3,"1.4 V, 1.6 ns",5
aware,utility_per_resource_greedy,0.03882399185758208,0.0,75,9,10,0.9,30.815350909273242,0.8503363409029918,0,0,0.0026922523613151414,True,grid3x3,"1.4 V, 1.6 ns",5
aware,congestion_aware_greedy,0.03882399185758208,0.0,75,9,10,0.9,30.73810323980233,0.848570276214585,0,0,0.0026922523613151414,True,grid3x3,"1.4 V, 1.6 ns",5
aware,greedy_local_search,0.03882399185758208,0.0,75,9,10,0.9,30.815350909273242,0.8503363409029918,0,0,0.0026922523613151414,True,grid3x3,"1.4 V, 1.6 ns",5
aware,cp_sat_exact,0.03882399185758208,0.0,75,9,10,0.9,30.815350909273242,0.8503363409029918,0,0,0.0026922523613151414,True,grid3x3,"1.4 V, 1.6 ns",5
clean,utility_per_resource_greedy,0.0,0.0,63,8,10,0.8,27.217868088888892,0.8593724444444444,0,0,0.0,True,grid3x3,"1.4 V, 1.6 ns",6
clean,congestion_aware_greedy,0.0,0.0,63,9,10,0.9,27.717035422222224,0.858168098765432,0,0,0.0,True,grid3x3,"1.4 V, 1.6 ns",6
clean,greedy_local_search,0.0,0.0,63,8,10,0.8,27.217868088888892,0.8593724444444444,0,0,0.0,True,grid3x3,"1.4 V, 1.6 ns",6
clean,cp_sat_exact,0.0,0.0,63,9,10,0.9,27.717035422222224,0.858168098765432,0,0,0.0,True,grid3x3,"1.4 V, 1.6 ns",6
blind,utility_per_resource_greedy,0.03882399185758208,0.0,61,8,10,0.8,27.0617429276749,0.853874927968422,0,0,0.0032159891265047167,True,grid3x3,"1.4 V, 1.6 ns",6
blind,congestion_aware_greedy,0.03882399185758208,0.0,61,9,10,0.9,27.51328232199665,0.8512598546680912,0,0,0.0032159891265047167,True,grid3x3,"1.4 V, 1.6 ns",6
blind,greedy_local_search,0.03882399185758208,0.0,61,8,10,0.8,27.0617429276749,0.853874927968422,0,0,0.0032159891265047167,True,grid3x3,"1.4 V, 1.6 ns",6
blind,cp_sat_exact,0.03882399185758208,0.0,61,9,10,0.9,27.51328232199665,0.8512598546680912,0,0,0.0032159891265047167,True,grid3x3,"1.4 V, 1.6 ns",6
aware,utility_per_resource_greedy,0.03882399185758208,0.0,61,8,10,0.8,27.0617429276749,0.853874927968422,0,0,0.0032159891265047167,True,grid3x3,"1.4 V, 1.6 ns",6
aware,congestion_aware_greedy,0.03882399185758208,0.0,61,9,10,0.9,27.51328232199665,0.8512598546680912,0,0,0.0032159891265047167,True,grid3x3,"1.4 V, 1.6 ns",6
aware,greedy_local_search,0.03882399185758208,0.0,61,8,10,0.8,27.0617429276749,0.853874927968422,0,0,0.0032159891265047167,True,grid3x3,"1.4 V, 1.6 ns",6
aware,cp_sat_exact,0.03882399185758208,0.0,61,9,10,0.9,27.51328232199665,0.8512598546680912,0,0,0.0032159891265047167,True,grid3x3,"1.4 V, 1.6 ns",6
clean,utility_per_resource_greedy,0.0,0.0,88,10,10,1.0,23.98600018666667,0.8572046222222222,0,0,0.0,True,grid3x3,"1.4 V, 1.6 ns",7
clean,congestion_aware_greedy,0.0,0.0,88,10,10,1.0,23.98600018666667,0.8572046222222222,0,0,0.0,True,grid3x3,"1.4 V, 1.6 ns",7
clean,greedy_local_search,0.0,0.0,88,10,10,1.0,23.98600018666667,0.8572046222222222,0,0,0.0,True,grid3x3,"1.4 V, 1.6 ns",7
clean,cp_sat_exact,0.0,0.0,88,10,10,1.0,23.98600018666667,0.8572046222222222,0,0,0.0,True,grid3x3,"1.4 V, 1.6 ns",7
blind,utility_per_resource_greedy,0.03882399185758208,0.0,86,10,10,1.0,23.78409379637982,0.8486898326114755,0,0,0.0069765407436400695,True,grid3x3,"1.4 V, 1.6 ns",7
blind,congestion_aware_greedy,0.03882399185758208,0.0,86,10,10,1.0,23.72662949088543,0.8464046035118915,0,0,0.0069765407436400695,True,grid3x3,"1.4 V, 1.6 ns",7
blind,greedy_local_search,0.03882399185758208,0.0,86,10,10,1.0,23.78409379637982,0.8486898326114755,0,0,0.0069765407436400695,True,grid3x3,"1.4 V, 1.6 ns",7
blind,cp_sat_exact,0.03882399185758208,0.0,86,10,10,1.0,23.78409379637982,0.8486898326114755,0,0,0.0069765407436400695,True,grid3x3,"1.4 V, 1.6 ns",7
aware,utility_per_resource_greedy,0.03882399185758208,0.0,86,10,10,1.0,23.78409379637982,0.8486898326114755,0,0,0.0069765407436400695,True,grid3x3,"1.4 V, 1.6 ns",7
aware,congestion_aware_greedy,0.03882399185758208,0.0,86,10,10,1.0,23.72662949088543,0.8464046035118915,0,0,0.0069765407436400695,True,grid3x3,"1.4 V, 1.6 ns",7
aware,greedy_local_search,0.03882399185758208,0.0,86,10,10,1.0,23.78409379637982,0.8486898326114755,0,0,0.0069765407436400695,True,grid3x3,"1.4 V, 1.6 ns",7
aware,cp_sat_exact,0.03882399185758208,0.0,86,10,10,1.0,23.78409379637982,0.8486898326114755,0,0,0.0069765407436400695,True,grid3x3,"1.4 V, 1.6 ns",7
clean,utility_per_resource_greedy,0.0,0.0,83,9,10,0.9,31.80314910222223,0.8510743703703703,0,0,0.0,True,grid3x3,"1.4 V, 1.6 ns",8
clean,congestion_aware_greedy,0.0,0.0,83,9,10,0.9,31.80314910222223,0.8510743703703703,0,0,0.0,True,grid3x3,"1.4 V, 1.6 ns",8
clean,greedy_local_search,0.0,0.0,83,9,10,0.9,31.80314910222223,0.8510743703703703,0,0,0.0,True,grid3x3,"1.4 V, 1.6 ns",8
clean,cp_sat_exact,0.0,0.0,83,10,10,1.0,32.271393325151344,0.8548631323784109,0,0,0.0,True,grid3x3,"1.4 V, 1.6 ns",8
blind,utility_per_resource_greedy,0.03882399185758208,0.0,82,9,10,0.9,31.669266765932104,0.8454320190552473,0,0,0.004074410591501543,True,grid3x3,"1.4 V, 1.6 ns",8
blind,congestion_aware_greedy,0.03882399185758208,0.0,82,9,10,0.9,31.64250644274823,0.8445484324203293,0,0,0.004074410591501543,True,grid3x3,"1.4 V, 1.6 ns",8
blind,greedy_local_search,0.03882399185758208,0.0,82,9,10,0.9,31.669266765932104,0.8454320190552473,0,0,0.004074410591501543,True,grid3x3,"1.4 V, 1.6 ns",8
blind,cp_sat_exact,0.03882399185758208,0.0,82,9,10,0.9,31.668988220573993,0.8454229694984536,0,0,0.004074410591501543,True,grid3x3,"1.4 V, 1.6 ns",8
aware,utility_per_resource_greedy,0.03882399185758208,0.0,82,9,10,0.9,31.669266765932104,0.8454320190552473,0,0,0.004074410591501543,True,grid3x3,"1.4 V, 1.6 ns",8
aware,congestion_aware_greedy,0.03882399185758208,0.0,82,9,10,0.9,31.64250644274823,0.8445484324203293,0,0,0.004074410591501543,True,grid3x3,"1.4 V, 1.6 ns",8
aware,greedy_local_search,0.03882399185758208,0.0,82,9,10,0.9,31.669266765932104,0.8454320190552473,0,0,0.004074410591501543,True,grid3x3,"1.4 V, 1.6 ns",8
aware,cp_sat_exact,0.03882399185758208,0.0,82,9,10,0.9,31.669266765932104,0.8454320190552473,0,0,0.004074410591501543,True,grid3x3,"1.4 V, 1.6 ns",8
clean,utility_per_resource_greedy,0.0,0.0,87,10,10,1.0,26.405326227135763,0.843478159670585,0,0,0.0,True,grid3x3,"1.4 V, 1.6 ns",9
clean,congestion_aware_greedy,0.0,0.0,87,10,10,1.0,26.405326227135763,0.843478159670585,0,0,0.0,True,grid3x3,"1.4 V, 1.6 ns",9
clean,greedy_local_search,0.0,0.0,87,10,10,1.0,26.405326227135763,0.843478159670585,0,0,0.0,True,grid3x3,"1.4 V, 1.6 ns",9
clean,cp_sat_exact,0.0,0.0,87,10,10,1.0,26.405326227135763,0.843478159670585,0,0,0.0,True,grid3x3,"1.4 V, 1.6 ns",9
blind,utility_per_resource_greedy,0.03882399185758208,0.0,86,10,10,1.0,26.200902929823844,0.8351943595994609,0,0,0.005306011960179463,True,grid3x3,"1.4 V, 1.6 ns",9
blind,congestion_aware_greedy,0.03882399185758208,0.0,86,10,10,1.0,26.11303697622254,0.8346067467116626,0,0,0.005306011960179463,True,grid3x3,"1.4 V, 1.6 ns",9
blind,greedy_local_search,0.03882399185758208,0.0,86,10,10,1.0,26.200902929823844,0.8351943595994609,0,0,0.005306011960179463,True,grid3x3,"1.4 V, 1.6 ns",9
blind,cp_sat_exact,0.03882399185758208,0.0,86,10,10,1.0,26.200902929823844,0.8351943595994609,0,0,0.005306011960179463,True,grid3x3,"1.4 V, 1.6 ns",9
aware,utility_per_resource_greedy,0.03882399185758208,0.0,86,10,10,1.0,26.200902929823844,0.8351943595994609,0,0,0.005306011960179463,True,grid3x3,"1.4 V, 1.6 ns",9
aware,congestion_aware_greedy,0.03882399185758208,0.0,86,10,10,1.0,26.11303697622254,0.8346067467116626,0,0,0.005306011960179463,True,grid3x3,"1.4 V, 1.6 ns",9
aware,greedy_local_search,0.03882399185758208,0.0,86,10,10,1.0,26.200902929823844,0.8351943595994609,0,0,0.005306011960179463,True,grid3x3,"1.4 V, 1.6 ns",9
aware,cp_sat_exact,0.03882399185758208,0.0,86,10,10,1.0,26.200902929823844,0.8351943595994609,0,0,0.005306011960179463,True,grid3x3,"1.4 V, 1.6 ns",9
clean,utility_per_resource_greedy,0.0,10.0,71,10,10,1.0,37.753816799848956,0.86599309412307,0,0,0.0,True,grid3x3,"1.4 V, 1.6 ns",0
clean,congestion_aware_greedy,0.0,10.0,71,10,10,1.0,37.753816799848956,0.86599309412307,0,0,0.0,True,grid3x3,"1.4 V, 1.6 ns",0
clean,greedy_local_search,0.0,10.0,71,10,10,1.0,37.753816799848956,0.86599309412307,0,0,0.0,True,grid3x3,"1.4 V, 1.6 ns",0
clean,cp_sat_exact,0.0,10.0,71,10,10,1.0,37.753816799848956,0.86599309412307,0,0,0.0,True,grid3x3,"1.4 V, 1.6 ns",0
blind,utility_per_resource_greedy,0.0038823991857582078,10.0,71,9,10,0.9,36.87568527281754,0.868595488923622,0,0,0.00021968849152133782,True,grid3x3,"1.4 V, 1.6 ns",0
blind,congestion_aware_greedy,0.0038823991857582078,10.0,71,10,10,1.0,37.738440497606916,0.8656389914755191,0,0,0.00021968849152133782,True,grid3x3,"1.4 V, 1.6 ns",0
blind,greedy_local_search,0.0038823991857582078,10.0,71,9,10,0.9,36.87568527281754,0.868595488923622,0,0,0.00021968849152133782,True,grid3x3,"1.4 V, 1.6 ns",0
blind,cp_sat_exact,0.0038823991857582078,10.0,71,10,10,1.0,37.73981701181148,0.8656689808917406,0,0,0.00021968849152133782,True,grid3x3,"1.4 V, 1.6 ns",0
aware,utility_per_resource_greedy,0.0038823991857582078,10.0,71,9,10,0.9,36.87568527281754,0.868595488923622,0,0,0.00021968849152133782,True,grid3x3,"1.4 V, 1.6 ns",0
aware,congestion_aware_greedy,0.0038823991857582078,10.0,71,10,10,1.0,37.738440497606916,0.8656389914755191,0,0,0.00021968849152133782,True,grid3x3,"1.4 V, 1.6 ns",0
aware,greedy_local_search,0.0038823991857582078,10.0,71,9,10,0.9,36.87568527281754,0.868595488923622,0,0,0.00021968849152133782,True,grid3x3,"1.4 V, 1.6 ns",0
aware,cp_sat_exact,0.0038823991857582078,10.0,71,10,10,1.0,37.73981701181148,0.8656689808917406,0,0,0.00021968849152133782,True,grid3x3,"1.4 V, 1.6 ns",0
clean,utility_per_resource_greedy,0.0,10.0,63,9,10,0.9,29.976332771051773,0.882186713927333,0,0,0.0,True,grid3x3,"1.4 V, 1.6 ns",1
clean,congestion_aware_greedy,0.0,10.0,63,8,10,0.8,29.844594542607382,0.8813398043619026,0,0,0.0,True,grid3x3,"1.4 V, 1.6 ns",1
clean,greedy_local_search,0.0,10.0,63,9,10,0.9,29.976332771051773,0.882186713927333,0,0,0.0,True,grid3x3,"1.4 V, 1.6 ns",1
clean,cp_sat_exact,0.0,10.0,63,9,10,0.9,29.976332771051773,0.882186713927333,0,0,0.0,True,grid3x3,"1.4 V, 1.6 ns",1
blind,utility_per_resource_greedy,0.0038823991857582078,10.0,63,8,10,0.8,28.342090140011738,0.8859366013858855,0,0,0.0004223275370994299,True,grid3x3,"1.4 V, 1.6 ns",1
blind,congestion_aware_greedy,0.0038823991857582078,10.0,63,8,10,0.8,29.82128325328037,0.8808183038927927,0,0,0.0004223275370994299,True,grid3x3,"1.4 V, 1.6 ns",1
blind,greedy_local_search,0.0038823991857582078,10.0,63,8,10,0.8,28.342090140011738,0.8859366013858855,0,0,0.0004223275370994299,True,grid3x3,"1.4 V, 1.6 ns",1
blind,cp_sat_exact,0.0038823991857582078,10.0,63,9,10,0.9,29.958728416936463,0.8816966536146944,0,0,0.0004223275370994299,True,grid3x3,"1.4 V, 1.6 ns",1
aware,utility_per_resource_greedy,0.0038823991857582078,10.0,63,8,10,0.8,28.342090140011738,0.8859366013858855,0,0,0.0004223275370994299,True,grid3x3,"1.4 V, 1.6 ns",1
aware,congestion_aware_greedy,0.0038823991857582078,10.0,63,8,10,0.8,29.82128325328037,0.8808183038927927,0,0,0.0004223275370994299,True,grid3x3,"1.4 V, 1.6 ns",1
aware,greedy_local_search,0.0038823991857582078,10.0,63,8,10,0.8,28.342090140011738,0.8859366013858855,0,0,0.0004223275370994299,True,grid3x3,"1.4 V, 1.6 ns",1
aware,cp_sat_exact,0.0038823991857582078,10.0,63,9,10,0.9,29.958728416936463,0.8816966536146944,0,0,0.0004223275370994299,True,grid3x3,"1.4 V, 1.6 ns",1
clean,utility_per_resource_greedy,0.0,10.0,74,9,10,0.9,25.96225235440018,0.8582691069124585,0,0,0.0,True,grid3x3,"1.4 V, 1.6 ns",2
clean,congestion_aware_greedy,0.0,10.0,74,9,10,0.9,25.96225235440018,0.8582691069124585,0,0,0.0,True,grid3x3,"1.4 V, 1.6 ns",2
clean,greedy_local_search,0.0,10.0,74,9,10,0.9,25.96225235440018,0.8582691069124585,0,0,0.0,True,grid3x3,"1.4 V, 1.6 ns",2
clean,cp_sat_exact,0.0,10.0,74,9,10,0.9,25.96225235440018,0.8582691069124585,0,0,0.0,True,grid3x3,"1.4 V, 1.6 ns",2
blind,utility_per_resource_greedy,0.0038823991857582078,10.0,75,8,10,0.8,24.9948791271967,0.8602790440065226,0,0,0.00036623052670815376,True,grid3x3,"1.4 V, 1.6 ns",2
blind,congestion_aware_greedy,0.0038823991857582078,10.0,75,8,10,0.8,24.987235059106215,0.8601429425731164,0,0,0.00036623052670815376,True,grid3x3,"1.4 V, 1.6 ns",2
blind,greedy_local_search,0.0038823991857582078,10.0,75,8,10,0.8,24.9948791271967,0.8602790440065226,0,0,0.00036623052670815376,True,grid3x3,"1.4 V, 1.6 ns",2
blind,cp_sat_exact,0.0038823991857582078,10.0,75,9,10,0.9,25.945902475362782,0.8578990906581837,0,0,0.00036623052670815376,True,grid3x3,"1.4 V, 1.6 ns",2
aware,utility_per_resource_greedy,0.0038823991857582078,10.0,75,8,10,0.8,24.9948791271967,0.8602790440065226,0,0,0.00036623052670815376,True,grid3x3,"1.4 V, 1.6 ns",2
aware,congestion_aware_greedy,0.0038823991857582078,10.0,75,8,10,0.8,24.987235059106215,0.8601429425731164,0,0,0.00036623052670815376,True,grid3x3,"1.4 V, 1.6 ns",2
aware,greedy_local_search,0.0038823991857582078,10.0,75,8,10,0.8,24.9948791271967,0.8602790440065226,0,0,0.00036623052670815376,True,grid3x3,"1.4 V, 1.6 ns",2
aware,cp_sat_exact,0.0038823991857582078,10.0,75,9,10,0.9,25.945902475362782,0.8578990906581837,0,0,0.00036623052670815376,True,grid3x3,"1.4 V, 1.6 ns",2
clean,utility_per_resource_greedy,0.0,10.0,71,8,10,0.8,36.28338595555556,0.8683057777777777,0,0,0.0,True,grid3x3,"1.4 V, 1.6 ns",3
clean,congestion_aware_greedy,0.0,10.0,71,8,10,0.8,36.28338595555556,0.8683057777777777,0,0,0.0,True,grid3x3,"1.4 V, 1.6 ns",3
clean,greedy_local_search,0.0,10.0,71,8,10,0.8,36.28338595555556,0.8683057777777777,0,0,0.0,True,grid3x3,"1.4 V, 1.6 ns",3
clean,cp_sat_exact,0.0,10.0,71,8,10,0.8,36.28338595555556,0.8683057777777777,0,0,0.0,True,grid3x3,"1.4 V, 1.6 ns",3
blind,utility_per_resource_greedy,0.0038823991857582078,10.0,71,8,10,0.8,36.26343148047851,0.8676563067074996,0,0,0.00046535381270713477,True,grid3x3,"1.4 V, 1.6 ns",3
blind,congestion_aware_greedy,0.0038823991857582078,10.0,71,8,10,0.8,36.25920464563632,0.8675161455106671,0,0,0.00046535381270713477,True,grid3x3,"1.4 V, 1.6 ns",3
blind,greedy_local_search,0.0038823991857582078,10.0,71,8,10,0.8,36.26343148047851,0.8676563067074996,0,0,0.00046535381270713477,True,grid3x3,"1.4 V, 1.6 ns",3
blind,cp_sat_exact,0.0038823991857582078,10.0,71,8,10,0.8,36.26343148047851,0.8676563067074996,0,0,0.00046535381270713477,True,grid3x3,"1.4 V, 1.6 ns",3
aware,utility_per_resource_greedy,0.0038823991857582078,10.0,71,8,10,0.8,36.26343148047851,0.8676563067074996,0,0,0.00046535381270713477,True,grid3x3,"1.4 V, 1.6 ns",3
aware,congestion_aware_greedy,0.0038823991857582078,10.0,71,8,10,0.8,36.25920464563632,0.8675161455106671,0,0,0.00046535381270713477,True,grid3x3,"1.4 V, 1.6 ns",3
aware,greedy_local_search,0.0038823991857582078,10.0,71,8,10,0.8,36.26343148047851,0.8676563067074996,0,0,0.00046535381270713477,True,grid3x3,"1.4 V, 1.6 ns",3
aware,cp_sat_exact,0.0038823991857582078,10.0,71,8,10,0.8,36.26343148047851,0.8676563067074996,0,0,0.00046535381270713477,True,grid3x3,"1.4 V, 1.6 ns",3
clean,utility_per_resource_greedy,0.0,10.0,83,10,10,1.0,27.98470266666667,0.8842666666666666,0,0,0.0,True,grid3x3,"1.4 V, 1.6 ns",4
clean,congestion_aware_greedy,0.0,10.0,83,10,10,1.0,27.98470266666667,0.8842666666666666,0,0,0.0,True,grid3x3,"1.4 V, 1.6 ns",4
clean,greedy_local_search,0.0,10.0,83,10,10,1.0,27.98470266666667,0.8842666666666666,0,0,0.0,True,grid3x3,"1.4 V, 1.6 ns",4
clean,cp_sat_exact,0.0,10.0,83,10,10,1.0,27.98470266666667,0.8842666666666666,0,0,0.0,True,grid3x3,"1.4 V, 1.6 ns",4
blind,utility_per_resource_greedy,0.0038823991857582078,10.0,83,9,10,0.9,26.762670532998428,0.8876378845479318,0,0,0.0004858659940149927,True,grid3x3,"1.4 V, 1.6 ns",4
blind,congestion_aware_greedy,0.0038823991857582078,10.0,83,10,10,1.0,27.968578382931213,0.8835333407961213,0,0,0.0004858659940149927,True,grid3x3,"1.4 V, 1.6 ns",4
blind,greedy_local_search,0.0038823991857582078,10.0,83,9,10,0.9,26.762670532998428,0.8876378845479318,0,0,0.0004858659940149927,True,grid3x3,"1.4 V, 1.6 ns",4
blind,cp_sat_exact,0.0038823991857582078,10.0,83,10,10,1.0,27.968832089162156,0.8835420293656743,0,0,0.0004858659940149927,True,grid3x3,"1.4 V, 1.6 ns",4
aware,utility_per_resource_greedy,0.0038823991857582078,10.0,83,9,10,0.9,26.762670532998428,0.8876378845479318,0,0,0.0004858659940149927,True,grid3x3,"1.4 V, 1.6 ns",4
aware,congestion_aware_greedy,0.0038823991857582078,10.0,83,10,10,1.0,27.968578382931213,0.8835333407961213,0,0,0.0004858659940149927,True,grid3x3,"1.4 V, 1.6 ns",4
aware,greedy_local_search,0.0038823991857582078,10.0,83,9,10,0.9,26.762670532998428,0.8876378845479318,0,0,0.0004858659940149927,True,grid3x3,"1.4 V, 1.6 ns",4
aware,cp_sat_exact,0.0038823991857582078,10.0,83,10,10,1.0,27.968832089162156,0.8835420293656743,0,0,0.0004858659940149927,True,grid3x3,"1.4 V, 1.6 ns",4
clean,utility_per_resource_greedy,0.0,10.0,75,9,10,0.9,30.86777597072593,0.8526780470781892,0,0,0.0,True,grid3x3,"1.4 V, 1.6 ns",5
clean,congestion_aware_greedy,0.0,10.0,75,9,10,0.9,30.86777597072593,0.8526780470781892,0,0,0.0,True,grid3x3,"1.4 V, 1.6 ns",5
clean,greedy_local_search,0.0,10.0,75,9,10,0.9,30.86777597072593,0.8526780470781892,0,0,0.0,True,grid3x3,"1.4 V, 1.6 ns",5
clean,cp_sat_exact,0.0,10.0,75,9,10,0.9,30.86777597072593,0.8526780470781892,0,0,0.0,True,grid3x3,"1.4 V, 1.6 ns",5
blind,utility_per_resource_greedy,0.0038823991857582078,10.0,75,9,10,0.9,30.862515580412275,0.8524423123327903,0,0,0.0002721165367341738,True,grid3x3,"1.4 V, 1.6 ns",5
blind,congestion_aware_greedy,0.0038823991857582078,10.0,75,9,10,0.9,30.854591263524,0.8522611436796519,0,0,0.0002721165367341738,True,grid3x3,"1.4 V, 1.6 ns",5
blind,greedy_local_search,0.0038823991857582078,10.0,75,9,10,0.9,30.862515580412275,0.8524423123327903,0,0,0.0002721165367341738,True,grid3x3,"1.4 V, 1.6 ns",5
blind,cp_sat_exact,0.0038823991857582078,10.0,75,9,10,0.9,30.862515580412275,0.8524423123327903,0,0,0.0002721165367341738,True,grid3x3,"1.4 V, 1.6 ns",5
aware,utility_per_resource_greedy,0.0038823991857582078,10.0,75,9,10,0.9,30.862515580412275,0.8524423123327903,0,0,0.0002721165367341738,True,grid3x3,"1.4 V, 1.6 ns",5
aware,congestion_aware_greedy,0.0038823991857582078,10.0,75,9,10,0.9,30.854591263524,0.8522611436796519,0,0,0.0002721165367341738,True,grid3x3,"1.4 V, 1.6 ns",5
aware,greedy_local_search,0.0038823991857582078,10.0,75,9,10,0.9,30.862515580412275,0.8524423123327903,0,0,0.0002721165367341738,True,grid3x3,"1.4 V, 1.6 ns",5
aware,cp_sat_exact,0.0038823991857582078,10.0,75,9,10,0.9,30.862515580412275,0.8524423123327903,0,0,0.0002721165367341738,True,grid3x3,"1.4 V, 1.6 ns",5
clean,utility_per_resource_greedy,0.0,10.0,63,8,10,0.8,27.217868088888892,0.8593724444444444,0,0,0.0,True,grid3x3,"1.4 V, 1.6 ns",6
clean,congestion_aware_greedy,0.0,10.0,63,9,10,0.9,27.717035422222224,0.858168098765432,0,0,0.0,True,grid3x3,"1.4 V, 1.6 ns",6
clean,greedy_local_search,0.0,10.0,63,8,10,0.8,27.217868088888892,0.8593724444444444,0,0,0.0,True,grid3x3,"1.4 V, 1.6 ns",6
clean,cp_sat_exact,0.0,10.0,63,9,10,0.9,27.717035422222224,0.858168098765432,0,0,0.0,True,grid3x3,"1.4 V, 1.6 ns",6
blind,utility_per_resource_greedy,0.0038823991857582078,10.0,63,8,10,0.8,27.202080819441093,0.8588169244466651,0,0,0.0003247220026639704,True,grid3x3,"1.4 V, 1.6 ns",6
blind,congestion_aware_greedy,0.0038823991857582078,10.0,63,9,10,0.9,27.6963752435703,0.8574685551942081,0,0,0.0003247220026639704,True,grid3x3,"1.4 V, 1.6 ns",6
blind,greedy_local_search,0.0038823991857582078,10.0,63,8,10,0.8,27.202080819441093,0.8588169244466651,0,0,0.0003247220026639704,True,grid3x3,"1.4 V, 1.6 ns",6
blind,cp_sat_exact,0.0038823991857582078,10.0,63,9,10,0.9,27.6963752435703,0.8574685551942081,0,0,0.0003247220026639704,True,grid3x3,"1.4 V, 1.6 ns",6
aware,utility_per_resource_greedy,0.0038823991857582078,10.0,63,8,10,0.8,27.202080819441093,0.8588169244466651,0,0,0.0003247220026639704,True,grid3x3,"1.4 V, 1.6 ns",6
aware,congestion_aware_greedy,0.0038823991857582078,10.0,63,9,10,0.9,27.6963752435703,0.8574685551942081,0,0,0.0003247220026639704,True,grid3x3,"1.4 V, 1.6 ns",6
aware,greedy_local_search,0.0038823991857582078,10.0,63,8,10,0.8,27.202080819441093,0.8588169244466651,0,0,0.0003247220026639704,True,grid3x3,"1.4 V, 1.6 ns",6
aware,cp_sat_exact,0.0038823991857582078,10.0,63,9,10,0.9,27.6963752435703,0.8574685551942081,0,0,0.0003247220026639704,True,grid3x3,"1.4 V, 1.6 ns",6
clean,utility_per_resource_greedy,0.0,10.0,88,10,10,1.0,23.98600018666667,0.8572046222222222,0,0,0.0,True,grid3x3,"1.4 V, 1.6 ns",7
clean,congestion_aware_greedy,0.0,10.0,88,10,10,1.0,23.98600018666667,0.8572046222222222,0,0,0.0,True,grid3x3,"1.4 V, 1.6 ns",7
clean,greedy_local_search,0.0,10.0,88,10,10,1.0,23.98600018666667,0.8572046222222222,0,0,0.0,True,grid3x3,"1.4 V, 1.6 ns",7
clean,cp_sat_exact,0.0,10.0,88,10,10,1.0,23.98600018666667,0.8572046222222222,0,0,0.0,True,grid3x3,"1.4 V, 1.6 ns",7
blind,utility_per_resource_greedy,0.0038823991857582078,10.0,88,10,10,1.0,23.965562671344507,0.8563427683503034,0,0,0.0007057545006646515,True,grid3x3,"1.4 V, 1.6 ns",7
blind,congestion_aware_greedy,0.0038823991857582078,10.0,88,10,10,1.0,23.95961091908964,0.8561060445027919,0,0,0.0007057545006646515,True,grid3x3,"1.4 V, 1.6 ns",7
blind,greedy_local_search,0.0038823991857582078,10.0,88,10,10,1.0,23.965562671344507,0.8563427683503034,0,0,0.0007057545006646515,True,grid3x3,"1.4 V, 1.6 ns",7
blind,cp_sat_exact,0.0038823991857582078,10.0,88,10,10,1.0,23.965562671344507,0.8563427683503034,0,0,0.0007057545006646515,True,grid3x3,"1.4 V, 1.6 ns",7
aware,utility_per_resource_greedy,0.0038823991857582078,10.0,88,10,10,1.0,23.965562671344507,0.8563427683503034,0,0,0.0007057545006646515,True,grid3x3,"1.4 V, 1.6 ns",7
aware,congestion_aware_greedy,0.0038823991857582078,10.0,88,10,10,1.0,23.95961091908964,0.8561060445027919,0,0,0.0007057545006646515,True,grid3x3,"1.4 V, 1.6 ns",7
aware,greedy_local_search,0.0038823991857582078,10.0,88,10,10,1.0,23.965562671344507,0.8563427683503034,0,0,0.0007057545006646515,True,grid3x3,"1.4 V, 1.6 ns",7
aware,cp_sat_exact,0.0038823991857582078,10.0,88,10,10,1.0,23.965562671344507,0.8563427683503034,0,0,0.0007057545006646515,True,grid3x3,"1.4 V, 1.6 ns",7
clean,utility_per_resource_greedy,0.0,10.0,83,9,10,0.9,31.80314910222223,0.8510743703703703,0,0,0.0,True,grid3x3,"1.4 V, 1.6 ns",8
clean,congestion_aware_greedy,0.0,10.0,83,9,10,0.9,31.80314910222223,0.8510743703703703,0,0,0.0,True,grid3x3,"1.4 V, 1.6 ns",8
clean,greedy_local_search,0.0,10.0,83,9,10,0.9,31.80314910222223,0.8510743703703703,0,0,0.0,True,grid3x3,"1.4 V, 1.6 ns",8
clean,cp_sat_exact,0.0,10.0,83,10,10,1.0,32.271393325151344,0.8548631323784109,0,0,0.0,True,grid3x3,"1.4 V, 1.6 ns",8
blind,utility_per_resource_greedy,0.0038823991857582078,10.0,83,9,10,0.9,31.78964719263453,0.8505047801069159,0,0,0.00041081617622398814,True,grid3x3,"1.4 V, 1.6 ns",8
blind,congestion_aware_greedy,0.0038823991857582078,10.0,83,9,10,0.9,31.786904953118142,0.8504140690088824,0,0,0.00041081617622398814,True,grid3x3,"1.4 V, 1.6 ns",8
blind,greedy_local_search,0.0038823991857582078,10.0,83,9,10,0.9,31.78964719263453,0.8505047801069159,0,0,0.00041081617622398814,True,grid3x3,"1.4 V, 1.6 ns",8
blind,cp_sat_exact,0.0038823991857582078,10.0,83,10,10,1.0,32.25545893792886,0.8543217317050914,0,0,0.00041081617622398814,True,grid3x3,"1.4 V, 1.6 ns",8
aware,utility_per_resource_greedy,0.0038823991857582078,10.0,83,9,10,0.9,31.78964719263453,0.8505047801069159,0,0,0.00041081617622398814,True,grid3x3,"1.4 V, 1.6 ns",8
aware,congestion_aware_greedy,0.0038823991857582078,10.0,83,9,10,0.9,31.786904953118142,0.8504140690088824,0,0,0.00041081617622398814,True,grid3x3,"1.4 V, 1.6 ns",8
aware,greedy_local_search,0.0038823991857582078,10.0,83,9,10,0.9,31.78964719263453,0.8505047801069159,0,0,0.00041081617622398814,True,grid3x3,"1.4 V, 1.6 ns",8
aware,cp_sat_exact,0.0038823991857582078,10.0,83,10,10,1.0,32.25545893792886,0.8543217317050914,0,0,0.00041081617622398814,True,grid3x3,"1.4 V, 1.6 ns",8
clean,utility_per_resource_greedy,0.0,10.0,87,10,10,1.0,26.405326227135763,0.843478159670585,0,0,0.0,True,grid3x3,"1.4 V, 1.6 ns",9
clean,congestion_aware_greedy,0.0,10.0,87,10,10,1.0,26.405326227135763,0.843478159670585,0,0,0.0,True,grid3x3,"1.4 V, 1.6 ns",9
clean,greedy_local_search,0.0,10.0,87,10,10,1.0,26.405326227135763,0.843478159670585,0,0,0.0,True,grid3x3,"1.4 V, 1.6 ns",9
clean,cp_sat_exact,0.0,10.0,87,10,10,1.0,26.405326227135763,0.843478159670585,0,0,0.0,True,grid3x3,"1.4 V, 1.6 ns",9
blind,utility_per_resource_greedy,0.0038823991857582078,10.0,87,10,10,1.0,26.38463426983505,0.8426365740224881,0,0,0.0005368426874615232,True,grid3x3,"1.4 V, 1.6 ns",9
blind,congestion_aware_greedy,0.0038823991857582078,10.0,87,10,10,1.0,26.375542707803326,0.8425759759175359,0,0,0.0005368426874615232,True,grid3x3,"1.4 V, 1.6 ns",9
blind,greedy_local_search,0.0038823991857582078,10.0,87,10,10,1.0,26.38463426983505,0.8426365740224881,0,0,0.0005368426874615232,True,grid3x3,"1.4 V, 1.6 ns",9
blind,cp_sat_exact,0.0038823991857582078,10.0,87,10,10,1.0,26.38463426983505,0.8426365740224881,0,0,0.0005368426874615232,True,grid3x3,"1.4 V, 1.6 ns",9
aware,utility_per_resource_greedy,0.0038823991857582078,10.0,87,10,10,1.0,26.38463426983505,0.8426365740224881,0,0,0.0005368426874615232,True,grid3x3,"1.4 V, 1.6 ns",9
aware,congestion_aware_greedy,0.0038823991857582078,10.0,87,10,10,1.0,26.375542707803326,0.8425759759175359,0,0,0.0005368426874615232,True,grid3x3,"1.4 V, 1.6 ns",9
aware,greedy_local_search,0.0038823991857582078,10.0,87,10,10,1.0,26.38463426983505,0.8426365740224881,0,0,0.0005368426874615232,True,grid3x3,"1.4 V, 1.6 ns",9
aware,cp_sat_exact,0.0038823991857582078,10.0,87,10,10,1.0,26.38463426983505,0.8426365740224881,0,0,0.0005368426874615232,True,grid3x3,"1.4 V, 1.6 ns",9
clean,utility_per_resource_greedy,0.0,20.0,71,10,10,1.0,37.753816799848956,0.86599309412307,0,0,0.0,True,grid3x3,"1.4 V, 1.6 ns",0
clean,congestion_aware_greedy,0.0,20.0,71,10,10,1.0,37.753816799848956,0.86599309412307,0,0,0.0,True,grid3x3,"1.4 V, 1.6 ns",0
clean,greedy_local_search,0.0,20.0,71,10,10,1.0,37.753816799848956,0.86599309412307,0,0,0.0,True,grid3x3,"1.4 V, 1.6 ns",0
clean,cp_sat_exact,0.0,20.0,71,10,10,1.0,37.753816799848956,0.86599309412307,0,0,0.0,True,grid3x3,"1.4 V, 1.6 ns",0
blind,utility_per_resource_greedy,0.0003882399185758208,20.0,71,9,10,0.9,36.88660592568856,0.8688757355758193,0,0,2.1977532176244614e-05,True,grid3x3,"1.4 V, 1.6 ns",0
blind,congestion_aware_greedy,0.0003882399185758208,20.0,71,10,10,1.0,37.752278131470185,0.8659576656333586,0,0,2.1977532176244614e-05,True,grid3x3,"1.4 V, 1.6 ns",0
blind,greedy_local_search,0.0003882399185758208,20.0,71,9,10,0.9,36.88660592568856,0.8688757355758193,0,0,2.1977532176244614e-05,True,grid3x3,"1.4 V, 1.6 ns",0
blind,cp_sat_exact,0.0003882399185758208,20.0,71,10,10,1.0,37.75235318104654,0.8659576656333586,0,0,2.1977532176244614e-05,True,grid3x3,"1.4 V, 1.6 ns",0
aware,utility_per_resource_greedy,0.0003882399185758208,20.0,71,9,10,0.9,36.88660592568856,0.8688757355758193,0,0,2.1977532176244614e-05,True,grid3x3,"1.4 V, 1.6 ns",0
aware,congestion_aware_greedy,0.0003882399185758208,20.0,71,10,10,1.0,37.752278131470185,0.8659576656333586,0,0,2.1977532176244614e-05,True,grid3x3,"1.4 V, 1.6 ns",0
aware,greedy_local_search,0.0003882399185758208,20.0,71,9,10,0.9,36.88660592568856,0.8688757355758193,0,0,2.1977532176244614e-05,True,grid3x3,"1.4 V, 1.6 ns",0
aware,cp_sat_exact,0.0003882399185758208,20.0,71,10,10,1.0,37.75235318104654,0.8659576656333586,0,0,2.1977532176244614e-05,True,grid3x3,"1.4 V, 1.6 ns",0
clean,utility_per_resource_greedy,0.0,20.0,63,9,10,0.9,29.976332771051773,0.882186713927333,0,0,0.0,True,grid3x3,"1.4 V, 1.6 ns",1
clean,congestion_aware_greedy,0.0,20.0,63,8,10,0.8,29.844594542607382,0.8813398043619026,0,0,0.0,True,grid3x3,"1.4 V, 1.6 ns",1
clean,greedy_local_search,0.0,20.0,63,9,10,0.9,29.976332771051773,0.882186713927333,0,0,0.0,True,grid3x3,"1.4 V, 1.6 ns",1
clean,cp_sat_exact,0.0,20.0,63,9,10,0.9,29.976332771051773,0.882186713927333,0,0,0.0,True,grid3x3,"1.4 V, 1.6 ns",1
blind,utility_per_resource_greedy,0.0003882399185758208,20.0,63,8,10,0.8,28.35499104010297,0.886347666815108,0,0,4.22760232946795e-05,True,grid3x3,"1.4 V, 1.6 ns",1
blind,congestion_aware_greedy,0.0003882399185758208,20.0,63,8,10,0.8,29.842259862193522,0.881287605329849,0,0,4.22760232946795e-05,True,grid3x3,"1.4 V, 1.6 ns",1
blind,greedy_local_search,0.0003882399185758208,20.0,63,8,10,0.8,28.35499104010297,0.886347666815108,0,0,4.22760232946795e-05,True,grid3x3,"1.4 V, 1.6 ns",1
blind,cp_sat_exact,0.0003882399185758208,20.0,63,9,10,0.9,29.97457012743301,0.8821376545608607,0,0,4.22760232946795e-05,True,grid3x3,"1.4 V, 1.6 ns",1
aware,utility_per_resource_greedy,0.0003882399185758208,20.0,63,8,10,0.8,28.35499104010297,0.886347666815108,0,0,4.22760232946795e-05,True,grid3x3,"1.4 V, 1.6 ns",1
aware,congestion_aware_greedy,0.0003882399185758208,20.0,63,8,10,0.8,29.842259862193522,0.881287605329849,0,0,4.22760232946795e-05,True,grid3x3,"1.4 V, 1.6 ns",1
aware,greedy_local_search,0.0003882399185758208,20.0,63,8,10,0.8,28.35499104010297,0.886347666815108,0,0,4.22760232946795e-05,True,grid3x3,"1.4 V, 1.6 ns",1
aware,cp_sat_exact,0.0003882399185758208,20.0,63,9,10,0.9,29.97457012743301,0.8821376545608607,0,0,4.22760232946795e-05,True,grid3x3,"1.4 V, 1.6 ns",1
clean,utility_per_resource_greedy,0.0,20.0,74,9,10,0.9,25.96225235440018,0.8582691069124585,0,0,0.0,True,grid3x3,"1.4 V, 1.6 ns",2
clean,congestion_aware_greedy,0.0,20.0,74,9,10,0.9,25.96225235440018,0.8582691069124585,0,0,0.0,True,grid3x3,"1.4 V, 1.6 ns",2
clean,greedy_local_search,0.0,20.0,74,9,10,0.9,25.96225235440018,0.8582691069124585,0,0,0.0,True,grid3x3,"1.4 V, 1.6 ns",2
clean,cp_sat_exact,0.0,20.0,74,9,10,0.9,25.96225235440018,0.8582691069124585,0,0,0.0,True,grid3x3,"1.4 V, 1.6 ns",2
blind,utility_per_resource_greedy,0.0003882399185758208,20.0,76,8,10,0.8,25.006241453423982,0.8605513539268677,0,0,3.665957782870525e-05,True,grid3x3,"1.4 V, 1.6 ns",2
blind,congestion_aware_greedy,0.0003882399185758208,20.0,76,7,10,0.7,24.440817930655793,0.8622549058512883,0,0,3.665957782870525e-05,True,grid3x3,"1.4 V, 1.6 ns",2
blind,greedy_local_search,0.0003882399185758208,20.0,76,8,10,0.8,25.006241453423982,0.8605513539268677,0,0,3.665957782870525e-05,True,grid3x3,"1.4 V, 1.6 ns",2
blind,cp_sat_exact,0.0003882399185758208,20.0,76,9,10,0.9,25.960282417067184,0.8582184710591781,0,0,3.665957782870525e-05,True,grid3x3,"1.4 V, 1.6 ns",2
aware,utility_per_resource_greedy,0.0003882399185758208,20.0,76,8,10,0.8,25.006241453423982,0.8605513539268677,0,0,3.665957782870525e-05,True,grid3x3,"1.4 V, 1.6 ns",2
aware,congestion_aware_greedy,0.0003882399185758208,20.0,76,7,10,0.7,24.440817930655793,0.8622549058512883,0,0,3.665957782870525e-05,True,grid3x3,"1.4 V, 1.6 ns",2
aware,greedy_local_search,0.0003882399185758208,20.0,76,8,10,0.8,25.006241453423982,0.8605513539268677,0,0,3.665957782870525e-05,True,grid3x3,"1.4 V, 1.6 ns",2
aware,cp_sat_exact,0.0003882399185758208,20.0,76,9,10,0.9,25.960282417067184,0.8582184710591781,0,0,3.665957782870525e-05,True,grid3x3,"1.4 V, 1.6 ns",2
clean,utility_per_resource_greedy,0.0,20.0,71,8,10,0.8,36.28338595555556,0.8683057777777777,0,0,0.0,True,grid3x3,"1.4 V, 1.6 ns",3
clean,congestion_aware_greedy,0.0,20.0,71,8,10,0.8,36.28338595555556,0.8683057777777777,0,0,0.0,True,grid3x3,"1.4 V, 1.6 ns",3
clean,greedy_local_search,0.0,20.0,71,8,10,0.8,36.28338595555556,0.8683057777777777,0,0,0.0,True,grid3x3,"1.4 V, 1.6 ns",3
clean,cp_sat_exact,0.0,20.0,71,8,10,0.8,36.28338595555556,0.8683057777777777,0,0,0.0,True,grid3x3,"1.4 V, 1.6 ns",3
blind,utility_per_resource_greedy,0.0003882399185758208,20.0,71,8,10,0.8,36.281388527841,0.8682407648557942,0,0,4.658324783518575e-05,True,grid3x3,"1.4 V, 1.6 ns",3
blind,congestion_aware_greedy,0.0003882399185758208,20.0,71,8,10,0.8,36.28096486789423,0.8682267159105094,0,0,4.658324783518575e-05,True,grid3x3,"1.4 V, 1.6 ns",3
blind,greedy_local_search,0.0003882399185758208,20.0,71,8,10,0.8,36.281388527841,0.8682407648557942,0,0,4.658324783518575e-05,True,grid3x3,"1.4 V, 1.6 ns",3
blind,cp_sat_exact,0.0003882399185758208,20.0,71,8,10,0.8,36.281388527841,0.8682407648557942,0,0,4.658324783518575e-05,True,grid3x3,"1.4 V, 1.6 ns",3
aware,utility_per_resource_greedy,0.0003882399185758208,20.0,71,8,10,0.8,36.281388527841,0.8682407648557942,0,0,4.658324783518575e-05,True,grid3x3,"1.4 V, 1.6 ns",3
aware,congestion_aware_greedy,0.0003882399185758208,20.0,71,8,10,0.8,36.28096486789423,0.8682267159105094,0,0,4.658324783518575e-05,True,grid3x3,"1.4 V, 1.6 ns",3
aware,greedy_local_search,0.0003882399185758208,20.0,71,8,10,0.8,36.281388527841,0.8682407648557942,0,0,4.658324783518575e-05,True,grid3x3,"1.4 V, 1.6 ns",3
aware,cp_sat_exact,0.0003882399185758208,20.0,71,8,10,0.8,36.281388527841,0.8682407648557942,0,0,4.658324783518575e-05,True,grid3x3,"1.4 V, 1.6 ns",3
clean,utility_per_resource_greedy,0.0,20.0,83,10,10,1.0,27.98470266666667,0.8842666666666666,0,0,0.0,True,grid3x3,"1.4 V, 1.6 ns",4
clean,congestion_aware_greedy,0.0,20.0,83,10,10,1.0,27.98470266666667,0.8842666666666666,0,0,0.0,True,grid3x3,"1.4 V, 1.6 ns",4
clean,greedy_local_search,0.0,20.0,83,10,10,1.0,27.98470266666667,0.8842666666666666,0,0,0.0,True,grid3x3,"1.4 V, 1.6 ns",4
clean,cp_sat_exact,0.0,20.0,83,10,10,1.0,27.98470266666667,0.8842666666666666,0,0,0.0,True,grid3x3,"1.4 V, 1.6 ns",4
blind,utility_per_resource_greedy,0.0003882399185758208,20.0,83,9,10,0.9,26.774316661267928,0.8881770653644887,0,0,4.863031940851211e-05,True,grid3x3,"1.4 V, 1.6 ns",4
blind,congestion_aware_greedy,0.0003882399185758208,20.0,83,10,10,1.0,27.983088466250223,0.8841932493188722,0,0,4.863031940851211e-05,True,grid3x3,"1.4 V, 1.6 ns",4
blind,greedy_local_search,0.0003882399185758208,20.0,83,9,10,0.9,26.774316661267928,0.8881770653644887,0,0,4.863031940851211e-05,True,grid3x3,"1.4 V, 1.6 ns",4
blind,cp_sat_exact,0.0003882399185758208,20.0,83,10,10,1.0,27.98311387512482,0.8841941194858105,0,0,4.863031940851211e-05,True,grid3x3,"1.4 V, 1.6 ns",4
aware,utility_per_resource_greedy,0.0003882399185758208,20.0,83,9,10,0.9,26.774316661267928,0.8881770653644887,0,0,4.863031940851211e-05,True,grid3x3,"1.4 V, 1.6 ns",4
aware,congestion_aware_greedy,0.0003882399185758208,20.0,83,10,10,1.0,27.983088466250223,0.8841932493188722,0,0,4.863031940851211e-05,True,grid3x3,"1.4 V, 1.6 ns",4
aware,greedy_local_search,0.0003882399185758208,20.0,83,9,10,0.9,26.774316661267928,0.8881770653644887,0,0,4.863031940851211e-05,True,grid3x3,"1.4 V, 1.6 ns",4
aware,cp_sat_exact,0.0003882399185758208,20.0,83,10,10,1.0,27.98311387512482,0.8841941194858105,0,0,4.863031940851211e-05,True,grid3x3,"1.4 V, 1.6 ns",4
clean,utility_per_resource_greedy,0.0,20.0,75,9,10,0.9,30.86777597072593,0.8526780470781892,0,0,0.0,True,grid3x3,"1.4 V, 1.6 ns",5
clean,congestion_aware_greedy,0.0,20.0,75,9,10,0.9,30.86777597072593,0.8526780470781892,0,0,0.0,True,grid3x3,"1.4 V, 1.6 ns",5
clean,greedy_local_search,0.0,20.0,75,9,10,0.9,30.86777597072593,0.8526780470781892,0,0,0.0,True,grid3x3,"1.4 V, 1.6 ns",5
clean,cp_sat_exact,0.0,20.0,75,9,10,0.9,30.86777597072593,0.8526780470781892,0,0,0.0,True,grid3x3,"1.4 V, 1.6 ns",5
blind,utility_per_resource_greedy,0.0003882399185758208,20.0,75,9,10,0.9,30.867249751760358,0.8526544577933355,0,0,2.7241007085260227e-05,True,grid3x3,"1.4 V, 1.6 ns",5
blind,congestion_aware_greedy,0.0003882399185758208,20.0,75,9,10,0.9,30.866455281590497,0.8526362943235171,0,0,2.7241007085260227e-05,True,grid3x3,"1.4 V, 1.6 ns",5
blind,greedy_local_search,0.0003882399185758208,20.0,75,9,10,0.9,30.867249751760358,0.8526544577933355,0,0,2.7241007085260227e-05,True,grid3x3,"1.4 V, 1.6 ns",5
blind,cp_sat_exact,0.0003882399185758208,20.0,75,9,10,0.9,30.86716605549577,0.8526482443413329,0,0,2.7241007085260227e-05,True,grid3x3,"1.4 V, 1.6 ns",5
aware,utility_per_resource_greedy,0.0003882399185758208,20.0,75,9,10,0.9,30.867249751760358,0.8526544577933355,0,0,2.7241007085260227e-05,True,grid3x3,"1.4 V, 1.6 ns",5
aware,congestion_aware_greedy,0.0003882399185758208,20.0,75,9,10,0.9,30.866455281590497,0.8526362943235171,0,0,2.7241007085260227e-05,True,grid3x3,"1.4 V, 1.6 ns",5
aware,greedy_local_search,0.0003882399185758208,20.0,75,9,10,0.9,30.867249751760358,0.8526544577933355,0,0,2.7241007085260227e-05,True,grid3x3,"1.4 V, 1.6 ns",5
aware,cp_sat_exact,0.0003882399185758208,20.0,75,9,10,0.9,30.86716605549577,0.8526482443413329,0,0,2.7241007085260227e-05,True,grid3x3,"1.4 V, 1.6 ns",5
clean,utility_per_resource_greedy,0.0,20.0,63,8,10,0.8,27.217868088888892,0.8593724444444444,0,0,0.0,True,grid3x3,"1.4 V, 1.6 ns",6
clean,congestion_aware_greedy,0.0,20.0,63,9,10,0.9,27.717035422222224,0.858168098765432,0,0,0.0,True,grid3x3,"1.4 V, 1.6 ns",6
clean,greedy_local_search,0.0,20.0,63,8,10,0.8,27.217868088888892,0.8593724444444444,0,0,0.0,True,grid3x3,"1.4 V, 1.6 ns",6
clean,cp_sat_exact,0.0,20.0,63,9,10,0.9,27.717035422222224,0.858168098765432,0,0,0.0,True,grid3x3,"1.4 V, 1.6 ns",6
blind,utility_per_resource_greedy,0.0003882399185758208,20.0,63,8,10,0.8,27.21628758776217,0.8593168339189614,0,0,3.250392623959283e-05,True,grid3x3,"1.4 V, 1.6 ns",6
blind,congestion_aware_greedy,0.0003882399185758208,20.0,63,9,10,0.9,27.714966506067608,0.8580980557981855,0,0,3.250392623959283e-05,True,grid3x3,"1.4 V, 1.6 ns",6
blind,greedy_local_search,0.0003882399185758208,20.0,63,8,10,0.8,27.21628758776217,0.8593168339189614,0,0,3.250392623959283e-05,True,grid3x3,"1.4 V, 1.6 ns",6
blind,cp_sat_exact,0.0003882399185758208,20.0,63,9,10,0.9,27.714966506067608,0.8580980557981855,0,0,3.250392623959283e-05,True,grid3x3,"1.4 V, 1.6 ns",6
aware,utility_per_resource_greedy,0.0003882399185758208,20.0,63,8,10,0.8,27.21628758776217,0.8593168339189614,0,0,3.250392623959283e-05,True,grid3x3,"1.4 V, 1.6 ns",6
aware,congestion_aware_greedy,0.0003882399185758208,20.0,63,9,10,0.9,27.714966506067608,0.8580980557981855,0,0,3.250392623959283e-05,True,grid3x3,"1.4 V, 1.6 ns",6
aware,greedy_local_search,0.0003882399185758208,20.0,63,8,10,0.8,27.21628758776217,0.8593168339189614,0,0,3.250392623959283e-05,True,grid3x3,"1.4 V, 1.6 ns",6
aware,cp_sat_exact,0.0003882399185758208,20.0,63,9,10,0.9,27.714966506067608,0.8580980557981855,0,0,3.250392623959283e-05,True,grid3x3,"1.4 V, 1.6 ns",6
clean,utility_per_resource_greedy,0.0,20.0,88,10,10,1.0,23.98600018666667,0.8572046222222222,0,0,0.0,True,grid3x3,"1.4 V, 1.6 ns",7
clean,congestion_aware_greedy,0.0,20.0,88,10,10,1.0,23.98600018666667,0.8572046222222222,0,0,0.0,True,grid3x3,"1.4 V, 1.6 ns",7
clean,greedy_local_search,0.0,20.0,88,10,10,1.0,23.98600018666667,0.8572046222222222,0,0,0.0,True,grid3x3,"1.4 V, 1.6 ns",7
clean,cp_sat_exact,0.0,20.0,88,10,10,1.0,23.98600018666667,0.8572046222222222,0,0,0.0,True,grid3x3,"1.4 V, 1.6 ns",7
blind,utility_per_resource_greedy,0.0003882399185758208,20.0,88,10,10,1.0,23.98395393321325,0.857118331644617,0,0,7.065760983692344e-05,True,grid3x3,"1.4 V, 1.6 ns",7
blind,congestion_aware_greedy,0.0003882399185758208,20.0,88,10,10,1.0,23.983356649868426,0.857094575049414,0,0,7.065760983692344e-05,True,grid3x3,"1.4 V, 1.6 ns",7
blind,greedy_local_search,0.0003882399185758208,20.0,88,10,10,1.0,23.98395393321325,0.857118331644617,0,0,7.065760983692344e-05,True,grid3x3,"1.4 V, 1.6 ns",7
blind,cp_sat_exact,0.0003882399185758208,20.0,88,10,10,1.0,23.98395393321325,0.857118331644617,0,0,7.065760983692344e-05,True,grid3x3,"1.4 V, 1.6 ns",7
aware,utility_per_resource_greedy,0.0003882399185758208,20.0,88,10,10,1.0,23.98395393321325,0.857118331644617,0,0,7.065760983692344e-05,True,grid3x3,"1.4 V, 1.6 ns",7
aware,congestion_aware_greedy,0.0003882399185758208,20.0,88,10,10,1.0,23.983356649868426,0.857094575049414,0,0,7.065760983692344e-05,True,grid3x3,"1.4 V, 1.6 ns",7
aware,greedy_local_search,0.0003882399185758208,20.0,88,10,10,1.0,23.98395393321325,0.857118331644617,0,0,7.065760983692344e-05,True,grid3x3,"1.4 V, 1.6 ns",7
aware,cp_sat_exact,0.0003882399185758208,20.0,88,10,10,1.0,23.98395393321325,0.857118331644617,0,0,7.065760983692344e-05,True,grid3x3,"1.4 V, 1.6 ns",7
clean,utility_per_resource_greedy,0.0,20.0,83,9,10,0.9,31.80314910222223,0.8510743703703703,0,0,0.0,True,grid3x3,"1.4 V, 1.6 ns",8
clean,congestion_aware_greedy,0.0,20.0,83,9,10,0.9,31.80314910222223,0.8510743703703703,0,0,0.0,True,grid3x3,"1.4 V, 1.6 ns",8
clean,greedy_local_search,0.0,20.0,83,9,10,0.9,31.80314910222223,0.8510743703703703,0,0,0.0,True,grid3x3,"1.4 V, 1.6 ns",8
clean,cp_sat_exact,0.0,20.0,83,10,10,1.0,32.271393325151344,0.8548631323784109,0,0,0.0,True,grid3x3,"1.4 V, 1.6 ns",8
blind,utility_per_resource_greedy,0.0003882399185758208,20.0,83,9,10,0.9,31.801797762332402,0.8510173571960377,0,0,4.1115734229879575e-05,True,grid3x3,"1.4 V, 1.6 ns",8
blind,congestion_aware_greedy,0.0003882399185758208,20.0,83,9,10,0.9,31.801522863026545,0.8510082620729887,0,0,4.1115734229879575e-05,True,grid3x3,"1.4 V, 1.6 ns",8
blind,greedy_local_search,0.0003882399185758208,20.0,83,9,10,0.9,31.801797762332402,0.8510173571960377,0,0,4.1115734229879575e-05,True,grid3x3,"1.4 V, 1.6 ns",8
blind,cp_sat_exact,0.0003882399185758208,20.0,83,10,10,1.0,32.26979834518087,0.8548089499558241,0,0,4.1115734229879575e-05,True,grid3x3,"1.4 V, 1.6 ns",8
aware,utility_per_resource_greedy,0.0003882399185758208,20.0,83,9,10,0.9,31.801797762332402,0.8510173571960377,0,0,4.1115734229879575e-05,True,grid3x3,"1.4 V, 1.6 ns",8
aware,congestion_aware_greedy,0.0003882399185758208,20.0,83,9,10,0.9,31.801522863026545,0.8510082620729887,0,0,4.1115734229879575e-05,True,grid3x3,"1.4 V, 1.6 ns",8
aware,greedy_local_search,0.0003882399185758208,20.0,83,9,10,0.9,31.801797762332402,0.8510173571960377,0,0,4.1115734229879575e-05,True,grid3x3,"1.4 V, 1.6 ns",8
aware,cp_sat_exact,0.0003882399185758208,20.0,83,10,10,1.0,32.26979834518087,0.8548089499558241,0,0,4.1115734229879575e-05,True,grid3x3,"1.4 V, 1.6 ns",8
clean,utility_per_resource_greedy,0.0,20.0,87,10,10,1.0,26.405326227135763,0.843478159670585,0,0,0.0,True,grid3x3,"1.4 V, 1.6 ns",9
clean,congestion_aware_greedy,0.0,20.0,87,10,10,1.0,26.405326227135763,0.843478159670585,0,0,0.0,True,grid3x3,"1.4 V, 1.6 ns",9
clean,greedy_local_search,0.0,20.0,87,10,10,1.0,26.405326227135763,0.843478159670585,0,0,0.0,True,grid3x3,"1.4 V, 1.6 ns",9
clean,cp_sat_exact,0.0,20.0,87,10,10,1.0,26.405326227135763,0.843478159670585,0,0,0.0,True,grid3x3,"1.4 V, 1.6 ns",9
blind,utility_per_resource_greedy,0.0003882399185758208,20.0,87,10,10,1.0,26.403254497561708,0.8433938664283671,0,0,5.374765313160649e-05,True,grid3x3,"1.4 V, 1.6 ns",9
blind,congestion_aware_greedy,0.0003882399185758208,20.0,87,10,10,1.0,26.402342213733633,0.8433877878176583,0,0,5.374765313160649e-05,True,grid3x3,"1.4 V, 1.6 ns",9
blind,greedy_local_search,0.0003882399185758208,20.0,87,10,10,1.0,26.403254497561708,0.8433938664283671,0,0,5.374765313160649e-05,True,grid3x3,"1.4 V, 1.6 ns",9
blind,cp_sat_exact,0.0003882399185758208,20.0,87,10,10,1.0,26.402434516689606,0.843372673987073,0,0,5.374765313160649e-05,True,grid3x3,"1.4 V, 1.6 ns",9
aware,utility_per_resource_greedy,0.0003882399185758208,20.0,87,10,10,1.0,26.403254497561708,0.8433938664283671,0,0,5.374765313160649e-05,True,grid3x3,"1.4 V, 1.6 ns",9
aware,congestion_aware_greedy,0.0003882399185758208,20.0,87,10,10,1.0,26.402342213733633,0.8433877878176583,0,0,5.374765313160649e-05,True,grid3x3,"1.4 V, 1.6 ns",9
aware,greedy_local_search,0.0003882399185758208,20.0,87,10,10,1.0,26.403254497561708,0.8433938664283671,0,0,5.374765313160649e-05,True,grid3x3,"1.4 V, 1.6 ns",9
aware,cp_sat_exact,0.0003882399185758208,20.0,87,10,10,1.0,26.403028232675613,0.8433860944138954,0,0,5.374765313160649e-05,True,grid3x3,"1.4 V, 1.6 ns",9
clean,utility_per_resource_greedy,0.0,0.0,71,10,10,1.0,37.753816799848956,0.86599309412307,0,0,0.0,True,grid3x3,"2.0 V, 1.6 ns",0
clean,congestion_aware_greedy,0.0,0.0,71,10,10,1.0,37.753816799848956,0.86599309412307,0,0,0.0,True,grid3x3,"2.0 V, 1.6 ns",0
clean,greedy_local_search,0.0,0.0,71,10,10,1.0,37.753816799848956,0.86599309412307,0,0,0.0,True,grid3x3,"2.0 V, 1.6 ns",0
clean,cp_sat_exact,0.0,0.0,71,10,10,1.0,37.753816799848956,0.86599309412307,0,0,0.0,True,grid3x3,"2.0 V, 1.6 ns",0
blind,utility_per_resource_greedy,0.0977451419198761,0.0,67,8,10,0.8,34.92348210925253,0.8593971159721412,8,10,0.005473033178486066,True,grid3x3,"2.0 V, 1.6 ns",0
blind,congestion_aware_greedy,0.0977451419198761,0.0,67,9,10,0.9,35.70996540214128,0.8552027258231407,9,10,0.005473033178486066,True,grid3x3,"2.0 V, 1.6 ns",0
blind,greedy_local_search,0.0977451419198761,0.0,67,8,10,0.8,34.92348210925253,0.8593971159721412,8,10,0.005473033178486066,True,grid3x3,"2.0 V, 1.6 ns",0
blind,cp_sat_exact,0.0977451419198761,0.0,67,9,10,0.9,35.75825722455748,0.8564472729696699,9,10,0.005473033178486066,True,grid3x3,"2.0 V, 1.6 ns",0
aware,utility_per_resource_greedy,0.0977451419198761,0.0,0,0,10,0.0,0,,0,10,0.005473033178486066,True,grid3x3,"2.0 V, 1.6 ns",0
aware,congestion_aware_greedy,0.0977451419198761,0.0,0,0,10,0.0,0,,0,10,0.005473033178486066,True,grid3x3,"2.0 V, 1.6 ns",0
aware,greedy_local_search,0.0977451419198761,0.0,0,0,10,0.0,0,,0,10,0.005473033178486066,True,grid3x3,"2.0 V, 1.6 ns",0
aware,cp_sat_exact,0.0977451419198761,0.0,0,0,10,0.0,0,,0,10,0.005473033178486066,True,grid3x3,"2.0 V, 1.6 ns",0
clean,utility_per_resource_greedy,0.0,0.0,63,9,10,0.9,29.976332771051773,0.882186713927333,0,0,0.0,True,grid3x3,"2.0 V, 1.6 ns",1
clean,congestion_aware_greedy,0.0,0.0,63,8,10,0.8,29.844594542607382,0.8813398043619026,0,0,0.0,True,grid3x3,"2.0 V, 1.6 ns",1
clean,greedy_local_search,0.0,0.0,63,9,10,0.9,29.976332771051773,0.882186713927333,0,0,0.0,True,grid3x3,"2.0 V, 1.6 ns",1
clean,cp_sat_exact,0.0,0.0,63,9,10,0.9,29.976332771051773,0.882186713927333,0,0,0.0,True,grid3x3,"2.0 V, 1.6 ns",1
blind,utility_per_resource_greedy,0.0977451419198761,0.0,58,8,10,0.8,28.005120822782523,0.8751634801881254,7,8,0.010350003471814176,True,grid3x3,"2.0 V, 1.6 ns",1
blind,congestion_aware_greedy,0.0977451419198761,0.0,58,8,10,0.8,27.991278281852303,0.8748153277502426,7,8,0.010350003471814176,True,grid3x3,"2.0 V, 1.6 ns",1
blind,greedy_local_search,0.0977451419198761,0.0,58,8,10,0.8,28.005120822782523,0.8751634801881254,7,8,0.010350003471814176,True,grid3x3,"2.0 V, 1.6 ns",1
blind,cp_sat_exact,0.0977451419198761,0.0,58,9,10,0.9,29.54752865122972,0.8701972895255348,8,8,0.010350003471814176,True,grid3x3,"2.0 V, 1.6 ns",1
aware,utility_per_resource_greedy,0.0977451419198761,0.0,3,1,10,0.1,5.347305060426196,0.8131842864850223,0,8,0.010350003471814176,True,grid3x3,"2.0 V, 1.6 ns",1
aware,congestion_aware_greedy,0.0977451419198761,0.0,3,1,10,0.1,5.347305060426196,0.8131842864850223,0,8,0.010350003471814176,True,grid3x3,"2.0 V, 1.6 ns",1
aware,greedy_local_search,0.0977451419198761,0.0,3,1,10,0.1,5.347305060426196,0.8131842864850223,0,8,0.010350003471814176,True,grid3x3,"2.0 V, 1.6 ns",1
aware,cp_sat_exact,0.0977451419198761,0.0,3,1,10,0.1,5.347305060426196,0.8131842864850223,0,8,0.010350003471814176,True,grid3x3,"2.0 V, 1.6 ns",1
clean,utility_per_resource_greedy,0.0,0.0,74,9,10,0.9,25.96225235440018,0.8582691069124585,0,0,0.0,True,grid3x3,"2.0 V, 1.6 ns",2
clean,congestion_aware_greedy,0.0,0.0,74,9,10,0.9,25.96225235440018,0.8582691069124585,0,0,0.0,True,grid3x3,"2.0 V, 1.6 ns",2
clean,greedy_local_search,0.0,0.0,74,9,10,0.9,25.96225235440018,0.8582691069124585,0,0,0.0,True,grid3x3,"2.0 V, 1.6 ns",2
clean,cp_sat_exact,0.0,0.0,74,9,10,0.9,25.96225235440018,0.8582691069124585,0,0,0.0,True,grid3x3,"2.0 V, 1.6 ns",2
blind,utility_per_resource_greedy,0.0977451419198761,0.0,72,7,10,0.7,22.34096273308216,0.8704049442550907,7,8,0.008981412088275373,True,grid3x3,"2.0 V, 1.6 ns",2
blind,congestion_aware_greedy,0.0977451419198761,0.0,72,7,10,0.7,23.597893759738398,0.8595706856798887,7,8,0.008981412088275373,True,grid3x3,"2.0 V, 1.6 ns",2
blind,greedy_local_search,0.0977451419198761,0.0,72,7,10,0.7,22.34096273308216,0.8704049442550907,7,8,0.008981412088275373,True,grid3x3,"2.0 V, 1.6 ns",2
blind,cp_sat_exact,0.0977451419198761,0.0,72,9,10,0.9,24.993387554127793,0.8529616587585918,9,8,0.008981412088275373,True,grid3x3,"2.0 V, 1.6 ns",2
aware,utility_per_resource_greedy,0.0977451419198761,0.0,3,1,10,0.1,2.994217196376741,0.7315061415631218,0,8,0.008981412088275373,True,grid3x3,"2.0 V, 1.6 ns",2
aware,congestion_aware_greedy,0.0977451419198761,0.0,3,1,10,0.1,2.994217196376741,0.7315061415631218,0,8,0.008981412088275373,True,grid3x3,"2.0 V, 1.6 ns",2
aware,greedy_local_search,0.0977451419198761,0.0,3,1,10,0.1,2.994217196376741,0.7315061415631218,0,8,0.008981412088275373,True,grid3x3,"2.0 V, 1.6 ns",2
aware,cp_sat_exact,0.0977451419198761,0.0,3,1,10,0.1,2.994217196376741,0.7315061415631218,0,8,0.008981412088275373,True,grid3x3,"2.0 V, 1.6 ns",2
clean,utility_per_resource_greedy,0.0,0.0,71,8,10,0.8,36.28338595555556,0.8683057777777777,0,0,0.0,True,grid3x3,"2.0 V, 1.6 ns",3
clean,congestion_aware_greedy,0.0,0.0,71,8,10,0.8,36.28338595555556,0.8683057777777777,0,0,0.0,True,grid3x3,"2.0 V, 1.6 ns",3
clean,greedy_local_search,0.0,0.0,71,8,10,0.8,36.28338595555556,0.8683057777777777,0,0,0.0,True,grid3x3,"2.0 V, 1.6 ns",3
clean,cp_sat_exact,0.0,0.0,71,8,10,0.8,36.28338595555556,0.8683057777777777,0,0,0.0,True,grid3x3,"2.0 V, 1.6 ns",3
blind,utility_per_resource_greedy,0.0977451419198761,0.0,69,8,10,0.8,35.793970501354565,0.8523852801481158,5,7,0.011403591226568607,True,grid3x3,"2.0 V, 1.6 ns",3
blind,congestion_aware_greedy,0.0977451419198761,0.0,69,8,10,0.8,35.69387993926042,0.8490690996088348,5,7,0.011403591226568607,True,grid3x3,"2.0 V, 1.6 ns",3
blind,greedy_local_search,0.0977451419198761,0.0,69,8,10,0.8,35.793970501354565,0.8523852801481158,5,7,0.011403591226568607,True,grid3x3,"2.0 V, 1.6 ns",3
blind,cp_sat_exact,0.0977451419198761,0.0,69,8,10,0.8,35.793970501354565,0.8523852801481158,5,7,0.011403591226568607,True,grid3x3,"2.0 V, 1.6 ns",3
aware,utility_per_resource_greedy,0.0977451419198761,0.0,9,3,10,0.3,14.289495464584604,0.905551047668188,0,7,0.011403591226568607,True,grid3x3,"2.0 V, 1.6 ns",3
aware,congestion_aware_greedy,0.0977451419198761,0.0,9,3,10,0.3,14.289495464584604,0.905551047668188,0,7,0.011403591226568607,True,grid3x3,"2.0 V, 1.6 ns",3
aware,greedy_local_search,0.0977451419198761,0.0,9,3,10,0.3,14.289495464584604,0.905551047668188,0,7,0.011403591226568607,True,grid3x3,"2.0 V, 1.6 ns",3
aware,cp_sat_exact,0.0977451419198761,0.0,9,3,10,0.3,14.289495464584604,0.905551047668188,0,7,0.011403591226568607,True,grid3x3,"2.0 V, 1.6 ns",3
clean,utility_per_resource_greedy,0.0,0.0,83,10,10,1.0,27.98470266666667,0.8842666666666666,0,0,0.0,True,grid3x3,"2.0 V, 1.6 ns",4
clean,congestion_aware_greedy,0.0,0.0,83,10,10,1.0,27.98470266666667,0.8842666666666666,0,0,0.0,True,grid3x3,"2.0 V, 1.6 ns",4
clean,greedy_local_search,0.0,0.0,83,10,10,1.0,27.98470266666667,0.8842666666666666,0,0,0.0,True,grid3x3,"2.0 V, 1.6 ns",4
clean,cp_sat_exact,0.0,0.0,83,10,10,1.0,27.98470266666667,0.8842666666666666,0,0,0.0,True,grid3x3,"2.0 V, 1.6 ns",4
blind,utility_per_resource_greedy,0.0977451419198761,0.0,75,9,10,0.9,25.33040320239949,0.8819808395891414,8,6,0.011945092479911037,True,grid3x3,"2.0 V, 1.6 ns",4
blind,congestion_aware_greedy,0.0977451419198761,0.0,75,9,10,0.9,25.324271101882005,0.8817475024309417,7,6,0.011945092479911037,True,grid3x3,"2.0 V, 1.6 ns",4
blind,greedy_local_search,0.0977451419198761,0.0,75,9,10,0.9,25.33040320239949,0.8819808395891414,8,6,0.011945092479911037,True,grid3x3,"2.0 V, 1.6 ns",4
blind,cp_sat_exact,0.0977451419198761,0.0,75,9,10,0.9,25.33040320239949,0.8819808395891414,8,6,0.011945092479911037,True,grid3x3,"2.0 V, 1.6 ns",4
aware,utility_per_resource_greedy,0.0977451419198761,0.0,14,4,10,0.4,11.370727622917912,0.7979063942469776,0,6,0.011945092479911037,True,grid3x3,"2.0 V, 1.6 ns",4
aware,congestion_aware_greedy,0.0977451419198761,0.0,14,4,10,0.4,11.370727622917912,0.7979063942469776,0,6,0.011945092479911037,True,grid3x3,"2.0 V, 1.6 ns",4
aware,greedy_local_search,0.0977451419198761,0.0,14,4,10,0.4,11.370727622917912,0.7979063942469776,0,6,0.011945092479911037,True,grid3x3,"2.0 V, 1.6 ns",4
aware,cp_sat_exact,0.0977451419198761,0.0,14,4,10,0.4,11.370727622917912,0.7979063942469776,0,6,0.011945092479911037,True,grid3x3,"2.0 V, 1.6 ns",4
clean,utility_per_resource_greedy,0.0,0.0,75,9,10,0.9,30.86777597072593,0.8526780470781892,0,0,0.0,True,grid3x3,"2.0 V, 1.6 ns",5
clean,congestion_aware_greedy,0.0,0.0,75,9,10,0.9,30.86777597072593,0.8526780470781892,0,0,0.0,True,grid3x3,"2.0 V, 1.6 ns",5
clean,greedy_local_search,0.0,0.0,75,9,10,0.9,30.86777597072593,0.8526780470781892,0,0,0.0,True,grid3x3,"2.0 V, 1.6 ns",5
clean,cp_sat_exact,0.0,0.0,75,9,10,0.9,30.86777597072593,0.8526780470781892,0,0,0.0,True,grid3x3,"2.0 V, 1.6 ns",5
blind,utility_per_resource_greedy,0.0977451419198761,0.0,73,9,10,0.9,30.73653632507721,0.8468471592534894,9,10,0.006659783000864293,True,grid3x3,"2.0 V, 1.6 ns",5
blind,congestion_aware_greedy,0.0977451419198761,0.0,73,9,10,0.9,30.55010123559151,0.842584811528622,9,10,0.006659783000864293,True,grid3x3,"2.0 V, 1.6 ns",5
blind,greedy_local_search,0.0977451419198761,0.0,73,9,10,0.9,30.73653632507721,0.8468471592534894,9,10,0.006659783000864293,True,grid3x3,"2.0 V, 1.6 ns",5
blind,cp_sat_exact,0.0977451419198761,0.0,73,9,10,0.9,30.73653632507721,0.8468471592534894,9,10,0.006659783000864293,True,grid3x3,"2.0 V, 1.6 ns",5
aware,utility_per_resource_greedy,0.0977451419198761,0.0,0,0,10,0.0,0,,0,10,0.006659783000864293,True,grid3x3,"2.0 V, 1.6 ns",5
aware,congestion_aware_greedy,0.0977451419198761,0.0,0,0,10,0.0,0,,0,10,0.006659783000864293,True,grid3x3,"2.0 V, 1.6 ns",5
aware,greedy_local_search,0.0977451419198761,0.0,0,0,10,0.0,0,,0,10,0.006659783000864293,True,grid3x3,"2.0 V, 1.6 ns",5
aware,cp_sat_exact,0.0977451419198761,0.0,0,0,10,0.0,0,,0,10,0.006659783000864293,True,grid3x3,"2.0 V, 1.6 ns",5
clean,utility_per_resource_greedy,0.0,0.0,63,8,10,0.8,27.217868088888892,0.8593724444444444,0,0,0.0,True,grid3x3,"2.0 V, 1.6 ns",6
clean,congestion_aware_greedy,0.0,0.0,63,9,10,0.9,27.717035422222224,0.858168098765432,0,0,0.0,True,grid3x3,"2.0 V, 1.6 ns",6
clean,greedy_local_search,0.0,0.0,63,8,10,0.8,27.217868088888892,0.8593724444444444,0,0,0.0,True,grid3x3,"2.0 V, 1.6 ns",6
clean,cp_sat_exact,0.0,0.0,63,9,10,0.9,27.717035422222224,0.858168098765432,0,0,0.0,True,grid3x3,"2.0 V, 1.6 ns",6
blind,utility_per_resource_greedy,0.0977451419198761,0.0,57,8,10,0.8,26.831954322462376,0.8457681540866604,6,9,0.00796904652946793,True,grid3x3,"2.0 V, 1.6 ns",6
blind,congestion_aware_greedy,0.0977451419198761,0.0,57,8,10,0.8,26.831954322462376,0.8457681540866604,6,9,0.00796904652946793,True,grid3x3,"2.0 V, 1.6 ns",6
blind,greedy_local_search,0.0977451419198761,0.0,57,8,10,0.8,26.831954322462376,0.8457681540866604,6,9,0.00796904652946793,True,grid3x3,"2.0 V, 1.6 ns",6
blind,cp_sat_exact,0.0977451419198761,0.0,57,8,10,0.8,26.831954322462376,0.8457681540866604,6,9,0.00796904652946793,True,grid3x3,"2.0 V, 1.6 ns",6
aware,utility_per_resource_greedy,0.0977451419198761,0.0,6,2,10,0.2,5.177968031519518,0.9064918665735497,0,9,0.00796904652946793,True,grid3x3,"2.0 V, 1.6 ns",6
aware,congestion_aware_greedy,0.0977451419198761,0.0,6,2,10,0.2,5.177968031519518,0.9064918665735497,0,9,0.00796904652946793,True,grid3x3,"2.0 V, 1.6 ns",6
aware,greedy_local_search,0.0977451419198761,0.0,6,2,10,0.2,5.177968031519518,0.9064918665735497,0,9,0.00796904652946793,True,grid3x3,"2.0 V, 1.6 ns",6
aware,cp_sat_exact,0.0977451419198761,0.0,6,2,10,0.2,5.177968031519518,0.9064918665735497,0,9,0.00796904652946793,True,grid3x3,"2.0 V, 1.6 ns",6
clean,utility_per_resource_greedy,0.0,0.0,88,10,10,1.0,23.98600018666667,0.8572046222222222,0,0,0.0,True,grid3x3,"2.0 V, 1.6 ns",7
clean,congestion_aware_greedy,0.0,0.0,88,10,10,1.0,23.98600018666667,0.8572046222222222,0,0,0.0,True,grid3x3,"2.0 V, 1.6 ns",7
clean,greedy_local_search,0.0,0.0,88,10,10,1.0,23.98600018666667,0.8572046222222222,0,0,0.0,True,grid3x3,"2.0 V, 1.6 ns",7
clean,cp_sat_exact,0.0,0.0,88,10,10,1.0,23.98600018666667,0.8572046222222222,0,0,0.0,True,grid3x3,"2.0 V, 1.6 ns",7
blind,utility_per_resource_greedy,0.0977451419198761,0.0,83,10,10,1.0,23.487819753453444,0.8361934218579267,4,5,0.017232119398444507,True,grid3x3,"2.0 V, 1.6 ns",7
blind,congestion_aware_greedy,0.0977451419198761,0.0,83,10,10,1.0,23.351323769254517,0.8307666242562407,4,5,0.017232119398444507,True,grid3x3,"2.0 V, 1.6 ns",7
blind,greedy_local_search,0.0977451419198761,0.0,83,10,10,1.0,23.487819753453444,0.8361934218579267,4,5,0.017232119398444507,True,grid3x3,"2.0 V, 1.6 ns",7
blind,cp_sat_exact,0.0977451419198761,0.0,83,10,10,1.0,23.487819753453444,0.8361934218579267,4,5,0.017232119398444507,True,grid3x3,"2.0 V, 1.6 ns",7
aware,utility_per_resource_greedy,0.0977451419198761,0.0,30,8,10,0.8,21.314282784674308,0.8129137926534584,0,5,0.017232119398444507,True,grid3x3,"2.0 V, 1.6 ns",7
aware,congestion_aware_greedy,0.0977451419198761,0.0,30,8,10,0.8,21.314282784674308,0.8129137926534584,0,5,0.017232119398444507,True,grid3x3,"2.0 V, 1.6 ns",7
aware,greedy_local_search,0.0977451419198761,0.0,30,8,10,0.8,21.314282784674308,0.8129137926534584,0,5,0.017232119398444507,True,grid3x3,"2.0 V, 1.6 ns",7
aware,cp_sat_exact,0.0977451419198761,0.0,30,8,10,0.8,21.314282784674308,0.8129137926534584,0,5,0.017232119398444507,True,grid3x3,"2.0 V, 1.6 ns",7
clean,utility_per_resource_greedy,0.0,0.0,83,9,10,0.9,31.80314910222223,0.8510743703703703,0,0,0.0,True,grid3x3,"2.0 V, 1.6 ns",8
clean,congestion_aware_greedy,0.0,0.0,83,9,10,0.9,31.80314910222223,0.8510743703703703,0,0,0.0,True,grid3x3,"2.0 V, 1.6 ns",8
clean,greedy_local_search,0.0,0.0,83,9,10,0.9,31.80314910222223,0.8510743703703703,0,0,0.0,True,grid3x3,"2.0 V, 1.6 ns",8
clean,cp_sat_exact,0.0,0.0,83,10,10,1.0,32.271393325151344,0.8548631323784109,0,0,0.0,True,grid3x3,"2.0 V, 1.6 ns",8
blind,utility_per_resource_greedy,0.0977451419198761,0.0,80,9,10,0.9,31.470783907234914,0.8370902519493026,8,7,0.010118321845895136,True,grid3x3,"2.0 V, 1.6 ns",8
blind,congestion_aware_greedy,0.0977451419198761,0.0,80,9,10,0.9,31.447265512558637,0.836522174783209,8,7,0.010118321845895136,True,grid3x3,"2.0 V, 1.6 ns",8
blind,greedy_local_search,0.0977451419198761,0.0,80,9,10,0.9,31.470783907234914,0.8370902519493026,8,7,0.010118321845895136,True,grid3x3,"2.0 V, 1.6 ns",8
blind,cp_sat_exact,0.0977451419198761,0.0,80,9,10,0.9,31.470783907234914,0.8370902519493026,8,7,0.010118321845895136,True,grid3x3,"2.0 V, 1.6 ns",8
aware,utility_per_resource_greedy,0.0977451419198761,0.0,9,3,10,0.3,11.654321799365697,0.8129573904921187,0,7,0.010118321845895136,True,grid3x3,"2.0 V, 1.6 ns",8
aware,congestion_aware_greedy,0.0977451419198761,0.0,9,3,10,0.3,11.654321799365697,0.8129573904921187,0,7,0.010118321845895136,True,grid3x3,"2.0 V, 1.6 ns",8
aware,greedy_local_search,0.0977451419198761,0.0,9,3,10,0.3,11.654321799365697,0.8129573904921187,0,7,0.010118321845895136,True,grid3x3,"2.0 V, 1.6 ns",8
aware,cp_sat_exact,0.0977451419198761,0.0,9,3,10,0.3,11.654321799365697,0.8129573904921187,0,7,0.010118321845895136,True,grid3x3,"2.0 V, 1.6 ns",8
clean,utility_per_resource_greedy,0.0,0.0,87,10,10,1.0,26.405326227135763,0.843478159670585,0,0,0.0,True,grid3x3,"2.0 V, 1.6 ns",9
clean,congestion_aware_greedy,0.0,0.0,87,10,10,1.0,26.405326227135763,0.843478159670585,0,0,0.0,True,grid3x3,"2.0 V, 1.6 ns",9
clean,greedy_local_search,0.0,0.0,87,10,10,1.0,26.405326227135763,0.843478159670585,0,0,0.0,True,grid3x3,"2.0 V, 1.6 ns",9
clean,cp_sat_exact,0.0,0.0,87,10,10,1.0,26.405326227135763,0.843478159670585,0,0,0.0,True,grid3x3,"2.0 V, 1.6 ns",9
blind,utility_per_resource_greedy,0.0977451419198761,0.0,84,10,10,1.0,25.900884354087257,0.8231572699714403,9,8,0.01310333815519743,True,grid3x3,"2.0 V, 1.6 ns",9
blind,congestion_aware_greedy,0.0977451419198761,0.0,84,10,10,1.0,25.69185067684005,0.8217516336627714,8,8,0.01310333815519743,True,grid3x3,"2.0 V, 1.6 ns",9
blind,greedy_local_search,0.0977451419198761,0.0,84,10,10,1.0,25.900884354087257,0.8231572699714403,9,8,0.01310333815519743,True,grid3x3,"2.0 V, 1.6 ns",9
blind,cp_sat_exact,0.0977451419198761,0.0,84,10,10,1.0,25.900884354087257,0.8231572699714403,9,8,0.01310333815519743,True,grid3x3,"2.0 V, 1.6 ns",9
aware,utility_per_resource_greedy,0.0977451419198761,0.0,9,3,10,0.3,7.05721950767049,0.804447181737585,0,8,0.01310333815519743,True,grid3x3,"2.0 V, 1.6 ns",9
aware,congestion_aware_greedy,0.0977451419198761,0.0,9,3,10,0.3,7.05721950767049,0.804447181737585,0,8,0.01310333815519743,True,grid3x3,"2.0 V, 1.6 ns",9
aware,greedy_local_search,0.0977451419198761,0.0,9,3,10,0.3,7.05721950767049,0.804447181737585,0,8,0.01310333815519743,True,grid3x3,"2.0 V, 1.6 ns",9
aware,cp_sat_exact,0.0977451419198761,0.0,9,3,10,0.3,7.05721950767049,0.804447181737585,0,8,0.01310333815519743,True,grid3x3,"2.0 V, 1.6 ns",9
clean,utility_per_resource_greedy,0.0,10.0,71,10,10,1.0,37.753816799848956,0.86599309412307,0,0,0.0,True,grid3x3,"2.0 V, 1.6 ns",0
clean,congestion_aware_greedy,0.0,10.0,71,10,10,1.0,37.753816799848956,0.86599309412307,0,0,0.0,True,grid3x3,"2.0 V, 1.6 ns",0
clean,greedy_local_search,0.0,10.0,71,10,10,1.0,37.753816799848956,0.86599309412307,0,0,0.0,True,grid3x3,"2.0 V, 1.6 ns",0
clean,cp_sat_exact,0.0,10.0,71,10,10,1.0,37.753816799848956,0.86599309412307,0,0,0.0,True,grid3x3,"2.0 V, 1.6 ns",0
blind,utility_per_resource_greedy,0.009774514191987611,10.0,71,9,10,0.9,36.85729941871149,0.8681234193447772,0,0,0.0005527301131590853,True,grid3x3,"2.0 V, 1.6 ns",0
blind,congestion_aware_greedy,0.009774514191987611,10.0,71,10,10,1.0,37.71514867798453,0.8651023609915818,0,0,0.0005527301131590853,True,grid3x3,"2.0 V, 1.6 ns",0
blind,greedy_local_search,0.009774514191987611,10.0,71,9,10,0.9,36.85729941871149,0.8681234193447772,0,0,0.0005527301131590853,True,grid3x3,"2.0 V, 1.6 ns",0
blind,cp_sat_exact,0.009774514191987611,10.0,71,10,10,1.0,37.718608340572565,0.8651777349041753,0,0,0.0005527301131590853,True,grid3x3,"2.0 V, 1.6 ns",0
aware,utility_per_resource_greedy,0.009774514191987611,10.0,71,9,10,0.9,36.85729941871149,0.8681234193447772,0,0,0.0005527301131590853,True,grid3x3,"2.0 V, 1.6 ns",0
aware,congestion_aware_greedy,0.009774514191987611,10.0,71,10,10,1.0,37.71514867798453,0.8651023609915818,0,0,0.0005527301131590853,True,grid3x3,"2.0 V, 1.6 ns",0
aware,greedy_local_search,0.009774514191987611,10.0,71,9,10,0.9,36.85729941871149,0.8681234193447772,0,0,0.0005527301131590853,True,grid3x3,"2.0 V, 1.6 ns",0
aware,cp_sat_exact,0.009774514191987611,10.0,71,10,10,1.0,37.718608340572565,0.8651777349041753,0,0,0.0005527301131590853,True,grid3x3,"2.0 V, 1.6 ns",0
clean,utility_per_resource_greedy,0.0,10.0,63,9,10,0.9,29.976332771051773,0.882186713927333,0,0,0.0,True,grid3x3,"2.0 V, 1.6 ns",1
clean,congestion_aware_greedy,0.0,10.0,63,8,10,0.8,29.844594542607382,0.8813398043619026,0,0,0.0,True,grid3x3,"2.0 V, 1.6 ns",1
clean,greedy_local_search,0.0,10.0,63,9,10,0.9,29.976332771051773,0.882186713927333,0,0,0.0,True,grid3x3,"2.0 V, 1.6 ns",1
clean,cp_sat_exact,0.0,10.0,63,9,10,0.9,29.976332771051773,0.882186713927333,0,0,0.0,True,grid3x3,"2.0 V, 1.6 ns",1
blind,utility_per_resource_greedy,0.009774514191987611,10.0,63,8,10,0.8,28.32039532125909,0.8852451053990186,0,0,0.0010614412615655155,True,grid3x3,"2.0 V, 1.6 ns",1
blind,congestion_aware_greedy,0.009774514191987611,10.0,63,8,10,0.8,29.78605509210431,0.8800289239504856,0,0,0.0010614412615655155,True,grid3x3,"2.0 V, 1.6 ns",1
blind,greedy_local_search,0.009774514191987611,10.0,63,8,10,0.8,28.32039532125909,0.8852451053990186,0,0,0.0010614412615655155,True,grid3x3,"2.0 V, 1.6 ns",1
blind,cp_sat_exact,0.009774514191987611,10.0,63,9,10,0.9,29.93210462750293,0.8809551713397428,0,0,0.0010614412615655155,True,grid3x3,"2.0 V, 1.6 ns",1
aware,utility_per_resource_greedy,0.009774514191987611,10.0,63,8,10,0.8,28.32039532125909,0.8852451053990186,0,0,0.0010614412615655155,True,grid3x3,"2.0 V, 1.6 ns",1
aware,congestion_aware_greedy,0.009774514191987611,10.0,63,8,10,0.8,29.78605509210431,0.8800289239504856,0,0,0.0010614412615655155,True,grid3x3,"2.0 V, 1.6 ns",1
aware,greedy_local_search,0.009774514191987611,10.0,63,8,10,0.8,28.32039532125909,0.8852451053990186,0,0,0.0010614412615655155,True,grid3x3,"2.0 V, 1.6 ns",1
aware,cp_sat_exact,0.009774514191987611,10.0,63,9,10,0.9,29.93210462750293,0.8809551713397428,0,0,0.0010614412615655155,True,grid3x3,"2.0 V, 1.6 ns",1
clean,utility_per_resource_greedy,0.0,10.0,74,9,10,0.9,25.96225235440018,0.8582691069124585,0,0,0.0,True,grid3x3,"2.0 V, 1.6 ns",2
clean,congestion_aware_greedy,0.0,10.0,74,9,10,0.9,25.96225235440018,0.8582691069124585,0,0,0.0,True,grid3x3,"2.0 V, 1.6 ns",2
clean,greedy_local_search,0.0,10.0,74,9,10,0.9,25.96225235440018,0.8582691069124585,0,0,0.0,True,grid3x3,"2.0 V, 1.6 ns",2
clean,cp_sat_exact,0.0,10.0,74,9,10,0.9,25.96225235440018,0.8582691069124585,0,0,0.0,True,grid3x3,"2.0 V, 1.6 ns",2
blind,utility_per_resource_greedy,0.009774514191987611,10.0,74,8,10,0.8,24.975798008445864,0.8598204359478595,0,0,0.0009204938850552921,True,grid3x3,"2.0 V, 1.6 ns",2
blind,congestion_aware_greedy,0.009774514191987611,10.0,74,8,10,0.8,24.956689133068007,0.8594788227454354,0,0,0.0009204938850552921,True,grid3x3,"2.0 V, 1.6 ns",2
blind,greedy_local_search,0.009774514191987611,10.0,74,8,10,0.8,24.975798008445864,0.8598204359478595,0,0,0.0009204938850552921,True,grid3x3,"2.0 V, 1.6 ns",2
blind,cp_sat_exact,0.009774514191987611,10.0,74,9,10,0.9,25.922092845970415,0.8573608455391106,0,0,0.0009204938850552921,True,grid3x3,"2.0 V, 1.6 ns",2
aware,utility_per_resource_greedy,0.009774514191987611,10.0,74,8,10,0.8,24.975798008445864,0.8598204359478595,0,0,0.0009204938850552921,True,grid3x3,"2.0 V, 1.6 ns",2
aware,congestion_aware_greedy,0.009774514191987611,10.0,74,8,10,0.8,24.956689133068007,0.8594788227454354,0,0,0.0009204938850552921,True,grid3x3,"2.0 V, 1.6 ns",2
aware,greedy_local_search,0.009774514191987611,10.0,74,8,10,0.8,24.975798008445864,0.8598204359478595,0,0,0.0009204938850552921,True,grid3x3,"2.0 V, 1.6 ns",2
aware,cp_sat_exact,0.009774514191987611,10.0,74,9,10,0.9,25.922092845970415,0.8573608455391106,0,0,0.0009204938850552921,True,grid3x3,"2.0 V, 1.6 ns",2
clean,utility_per_resource_greedy,0.0,10.0,71,8,10,0.8,36.28338595555556,0.8683057777777777,0,0,0.0,True,grid3x3,"2.0 V, 1.6 ns",3
clean,congestion_aware_greedy,0.0,10.0,71,8,10,0.8,36.28338595555556,0.8683057777777777,0,0,0.0,True,grid3x3,"2.0 V, 1.6 ns",3
clean,greedy_local_search,0.0,10.0,71,8,10,0.8,36.28338595555556,0.8683057777777777,0,0,0.0,True,grid3x3,"2.0 V, 1.6 ns",3
clean,cp_sat_exact,0.0,10.0,71,8,10,0.8,36.28338595555556,0.8683057777777777,0,0,0.0,True,grid3x3,"2.0 V, 1.6 ns",3
blind,utility_per_resource_greedy,0.009774514191987611,10.0,71,8,10,0.8,36.23323141610619,0.8666734235359382,0,0,0.0011695720212856475,True,grid3x3,"2.0 V, 1.6 ns",3
blind,congestion_aware_greedy,0.009774514191987611,10.0,71,8,10,0.8,36.22263101588986,0.8663219346983588,0,0,0.0011695720212856475,True,grid3x3,"2.0 V, 1.6 ns",3
blind,greedy_local_search,0.009774514191987611,10.0,71,8,10,0.8,36.23323141610619,0.8666734235359382,0,0,0.0011695720212856475,True,grid3x3,"2.0 V, 1.6 ns",3
blind,cp_sat_exact,0.009774514191987611,10.0,71,8,10,0.8,36.23323141610619,0.8666734235359382,0,0,0.0011695720212856475,True,grid3x3,"2.0 V, 1.6 ns",3
aware,utility_per_resource_greedy,0.009774514191987611,10.0,71,8,10,0.8,36.23323141610619,0.8666734235359382,0,0,0.0011695720212856475,True,grid3x3,"2.0 V, 1.6 ns",3
aware,congestion_aware_greedy,0.009774514191987611,10.0,71,8,10,0.8,36.22263101588986,0.8663219346983588,0,0,0.0011695720212856475,True,grid3x3,"2.0 V, 1.6 ns",3
aware,greedy_local_search,0.009774514191987611,10.0,71,8,10,0.8,36.23323141610619,0.8666734235359382,0,0,0.0011695720212856475,True,grid3x3,"2.0 V, 1.6 ns",3
aware,cp_sat_exact,0.009774514191987611,10.0,71,8,10,0.8,36.23323141610619,0.8666734235359382,0,0,0.0011695720212856475,True,grid3x3,"2.0 V, 1.6 ns",3
clean,utility_per_resource_greedy,0.0,10.0,83,10,10,1.0,27.98470266666667,0.8842666666666666,0,0,0.0,True,grid3x3,"2.0 V, 1.6 ns",4
clean,congestion_aware_greedy,0.0,10.0,83,10,10,1.0,27.98470266666667,0.8842666666666666,0,0,0.0,True,grid3x3,"2.0 V, 1.6 ns",4
clean,greedy_local_search,0.0,10.0,83,10,10,1.0,27.98470266666667,0.8842666666666666,0,0,0.0,True,grid3x3,"2.0 V, 1.6 ns",4
clean,cp_sat_exact,0.0,10.0,83,10,10,1.0,27.98470266666667,0.8842666666666666,0,0,0.0,True,grid3x3,"2.0 V, 1.6 ns",4
blind,utility_per_resource_greedy,0.009774514191987611,10.0,83,9,10,0.9,26.74308041471094,0.8867309710519525,0,0,0.0012213886103489557,True,grid3x3,"2.0 V, 1.6 ns",4
blind,congestion_aware_greedy,0.009774514191987611,10.0,83,10,10,1.0,27.94418239422446,0.8824239972343028,0,0,0.0012213886103489557,True,grid3x3,"2.0 V, 1.6 ns",4
blind,greedy_local_search,0.009774514191987611,10.0,83,9,10,0.9,26.74308041471094,0.8867309710519525,0,0,0.0012213886103489557,True,grid3x3,"2.0 V, 1.6 ns",4
blind,cp_sat_exact,0.009774514191987611,10.0,83,10,10,1.0,27.94481951516357,0.8824458164445463,0,0,0.0012213886103489557,True,grid3x3,"2.0 V, 1.6 ns",4
aware,utility_per_resource_greedy,0.009774514191987611,10.0,83,9,10,0.9,26.74308041471094,0.8867309710519525,0,0,0.0012213886103489557,True,grid3x3,"2.0 V, 1.6 ns",4
aware,congestion_aware_greedy,0.009774514191987611,10.0,83,10,10,1.0,27.94418239422446,0.8824239972343028,0,0,0.0012213886103489557,True,grid3x3,"2.0 V, 1.6 ns",4
aware,greedy_local_search,0.009774514191987611,10.0,83,9,10,0.9,26.74308041471094,0.8867309710519525,0,0,0.0012213886103489557,True,grid3x3,"2.0 V, 1.6 ns",4
aware,cp_sat_exact,0.009774514191987611,10.0,83,10,10,1.0,27.94481951516357,0.8824458164445463,0,0,0.0012213886103489557,True,grid3x3,"2.0 V, 1.6 ns",4
clean,utility_per_resource_greedy,0.0,10.0,75,9,10,0.9,30.86777597072593,0.8526780470781892,0,0,0.0,True,grid3x3,"2.0 V, 1.6 ns",5
clean,congestion_aware_greedy,0.0,10.0,75,9,10,0.9,30.86777597072593,0.8526780470781892,0,0,0.0,True,grid3x3,"2.0 V, 1.6 ns",5
clean,greedy_local_search,0.0,10.0,75,9,10,0.9,30.86777597072593,0.8526780470781892,0,0,0.0,True,grid3x3,"2.0 V, 1.6 ns",5
clean,cp_sat_exact,0.0,10.0,75,9,10,0.9,30.86777597072593,0.8526780470781892,0,0,0.0,True,grid3x3,"2.0 V, 1.6 ns",5
blind,utility_per_resource_greedy,0.009774514191987611,10.0,75,9,10,0.9,30.85453978765696,0.8520852194394951,0,0,0.0006838520669521878,True,grid3x3,"2.0 V, 1.6 ns",5
blind,congestion_aware_greedy,0.009774514191987611,10.0,75,9,10,0.9,30.834675238253762,0.8516310687901307,0,0,0.0006838520669521878,True,grid3x3,"2.0 V, 1.6 ns",5
blind,greedy_local_search,0.009774514191987611,10.0,75,9,10,0.9,30.85453978765696,0.8520852194394951,0,0,0.0006838520669521878,True,grid3x3,"2.0 V, 1.6 ns",5
blind,cp_sat_exact,0.009774514191987611,10.0,75,9,10,0.9,30.85453978765696,0.8520852194394951,0,0,0.0006838520669521878,True,grid3x3,"2.0 V, 1.6 ns",5
aware,utility_per_resource_greedy,0.009774514191987611,10.0,75,9,10,0.9,30.85453978765696,0.8520852194394951,0,0,0.0006838520669521878,True,grid3x3,"2.0 V, 1.6 ns",5
aware,congestion_aware_greedy,0.009774514191987611,10.0,75,9,10,0.9,30.834675238253762,0.8516310687901307,0,0,0.0006838520669521878,True,grid3x3,"2.0 V, 1.6 ns",5
aware,greedy_local_search,0.009774514191987611,10.0,75,9,10,0.9,30.85453978765696,0.8520852194394951,0,0,0.0006838520669521878,True,grid3x3,"2.0 V, 1.6 ns",5
aware,cp_sat_exact,0.009774514191987611,10.0,75,9,10,0.9,30.85453978765696,0.8520852194394951,0,0,0.0006838520669521878,True,grid3x3,"2.0 V, 1.6 ns",5
clean,utility_per_resource_greedy,0.0,10.0,63,8,10,0.8,27.217868088888892,0.8593724444444444,0,0,0.0,True,grid3x3,"2.0 V, 1.6 ns",6
clean,congestion_aware_greedy,0.0,10.0,63,9,10,0.9,27.717035422222224,0.858168098765432,0,0,0.0,True,grid3x3,"2.0 V, 1.6 ns",6
clean,greedy_local_search,0.0,10.0,63,8,10,0.8,27.217868088888892,0.8593724444444444,0,0,0.0,True,grid3x3,"2.0 V, 1.6 ns",6
clean,cp_sat_exact,0.0,10.0,63,9,10,0.9,27.717035422222224,0.858168098765432,0,0,0.0,True,grid3x3,"2.0 V, 1.6 ns",6
blind,utility_per_resource_greedy,0.009774514191987611,10.0,62,8,10,0.8,27.178196345038405,0.8579763165183514,0,0,0.0008161939642767994,True,grid3x3,"2.0 V, 1.6 ns",6
blind,congestion_aware_greedy,0.009774514191987611,10.0,62,9,10,0.9,27.665142890561665,0.8564106413477037,0,0,0.0008161939642767994,True,grid3x3,"2.0 V, 1.6 ns",6
blind,greedy_local_search,0.009774514191987611,10.0,62,8,10,0.8,27.178196345038405,0.8579763165183514,0,0,0.0008161939642767994,True,grid3x3,"2.0 V, 1.6 ns",6
blind,cp_sat_exact,0.009774514191987611,10.0,62,9,10,0.9,27.665142890561665,0.8564106413477037,0,0,0.0008161939642767994,True,grid3x3,"2.0 V, 1.6 ns",6
aware,utility_per_resource_greedy,0.009774514191987611,10.0,62,8,10,0.8,27.178196345038405,0.8579763165183514,0,0,0.0008161939642767994,True,grid3x3,"2.0 V, 1.6 ns",6
aware,congestion_aware_greedy,0.009774514191987611,10.0,62,9,10,0.9,27.665142890561665,0.8564106413477037,0,0,0.0008161939642767994,True,grid3x3,"2.0 V, 1.6 ns",6
aware,greedy_local_search,0.009774514191987611,10.0,62,8,10,0.8,27.178196345038405,0.8579763165183514,0,0,0.0008161939642767994,True,grid3x3,"2.0 V, 1.6 ns",6
aware,cp_sat_exact,0.009774514191987611,10.0,62,9,10,0.9,27.665142890561665,0.8564106413477037,0,0,0.0008161939642767994,True,grid3x3,"2.0 V, 1.6 ns",6
clean,utility_per_resource_greedy,0.0,10.0,88,10,10,1.0,23.98600018666667,0.8572046222222222,0,0,0.0,True,grid3x3,"2.0 V, 1.6 ns",7
clean,congestion_aware_greedy,0.0,10.0,88,10,10,1.0,23.98600018666667,0.8572046222222222,0,0,0.0,True,grid3x3,"2.0 V, 1.6 ns",7
clean,greedy_local_search,0.0,10.0,88,10,10,1.0,23.98600018666667,0.8572046222222222,0,0,0.0,True,grid3x3,"2.0 V, 1.6 ns",7
clean,cp_sat_exact,0.0,10.0,88,10,10,1.0,23.98600018666667,0.8572046222222222,0,0,0.0,True,grid3x3,"2.0 V, 1.6 ns",7
blind,utility_per_resource_greedy,0.009774514191987611,10.0,88,10,10,1.0,23.934651589383737,0.855039228323488,0,0,0.001773365406657022,True,grid3x3,"2.0 V, 1.6 ns",7
blind,congestion_aware_greedy,0.009774514191987611,10.0,88,10,10,1.0,23.919756092879698,0.8544467929211226,0,0,0.001773365406657022,True,grid3x3,"2.0 V, 1.6 ns",7
blind,greedy_local_search,0.009774514191987611,10.0,88,10,10,1.0,23.934651589383737,0.855039228323488,0,0,0.001773365406657022,True,grid3x3,"2.0 V, 1.6 ns",7
blind,cp_sat_exact,0.009774514191987611,10.0,88,10,10,1.0,23.934651589383737,0.855039228323488,0,0,0.001773365406657022,True,grid3x3,"2.0 V, 1.6 ns",7
aware,utility_per_resource_greedy,0.009774514191987611,10.0,88,10,10,1.0,23.934651589383737,0.855039228323488,0,0,0.001773365406657022,True,grid3x3,"2.0 V, 1.6 ns",7
aware,congestion_aware_greedy,0.009774514191987611,10.0,88,10,10,1.0,23.919756092879698,0.8544467929211226,0,0,0.001773365406657022,True,grid3x3,"2.0 V, 1.6 ns",7
aware,greedy_local_search,0.009774514191987611,10.0,88,10,10,1.0,23.934651589383737,0.855039228323488,0,0,0.001773365406657022,True,grid3x3,"2.0 V, 1.6 ns",7
aware,cp_sat_exact,0.009774514191987611,10.0,88,10,10,1.0,23.934651589383737,0.855039228323488,0,0,0.001773365406657022,True,grid3x3,"2.0 V, 1.6 ns",7
clean,utility_per_resource_greedy,0.0,10.0,83,9,10,0.9,31.80314910222223,0.8510743703703703,0,0,0.0,True,grid3x3,"2.0 V, 1.6 ns",8
clean,congestion_aware_greedy,0.0,10.0,83,9,10,0.9,31.80314910222223,0.8510743703703703,0,0,0.0,True,grid3x3,"2.0 V, 1.6 ns",8
clean,greedy_local_search,0.0,10.0,83,9,10,0.9,31.80314910222223,0.8510743703703703,0,0,0.0,True,grid3x3,"2.0 V, 1.6 ns",8
clean,cp_sat_exact,0.0,10.0,83,10,10,1.0,32.271393325151344,0.8548631323784109,0,0,0.0,True,grid3x3,"2.0 V, 1.6 ns",8
blind,utility_per_resource_greedy,0.009774514191987611,10.0,83,9,10,0.9,31.769204697780413,0.849642635220367,0,0,0.001032845906548563,True,grid3x3,"2.0 V, 1.6 ns",8
blind,congestion_aware_greedy,0.009774514191987611,10.0,83,9,10,0.9,31.762329236474027,0.8494152709468014,0,0,0.001032845906548563,True,grid3x3,"2.0 V, 1.6 ns",8
blind,greedy_local_search,0.009774514191987611,10.0,83,9,10,0.9,31.769204697780413,0.849642635220367,0,0,0.001032845906548563,True,grid3x3,"2.0 V, 1.6 ns",8
blind,cp_sat_exact,0.009774514191987611,10.0,83,10,10,1.0,32.23134139523064,0.8535018702606736,0,0,0.001032845906548563,True,grid3x3,"2.0 V, 1.6 ns",8
aware,utility_per_resource_greedy,0.009774514191987611,10.0,83,9,10,0.9,31.769204697780413,0.849642635220367,0,0,0.001032845906548563,True,grid3x3,"2.0 V, 1.6 ns",8
aware,congestion_aware_greedy,0.009774514191987611,10.0,83,9,10,0.9,31.762329236474027,0.8494152709468014,0,0,0.001032845906548563,True,grid3x3,"2.0 V, 1.6 ns",8
aware,greedy_local_search,0.009774514191987611,10.0,83,9,10,0.9,31.769204697780413,0.849642635220367,0,0,0.001032845906548563,True,grid3x3,"2.0 V, 1.6 ns",8
aware,cp_sat_exact,0.009774514191987611,10.0,83,10,10,1.0,32.23134139523064,0.8535018702606736,0,0,0.001032845906548563,True,grid3x3,"2.0 V, 1.6 ns",8
clean,utility_per_resource_greedy,0.0,10.0,87,10,10,1.0,26.405326227135763,0.843478159670585,0,0,0.0,True,grid3x3,"2.0 V, 1.6 ns",9
clean,congestion_aware_greedy,0.0,10.0,87,10,10,1.0,26.405326227135763,0.843478159670585,0,0,0.0,True,grid3x3,"2.0 V, 1.6 ns",9
clean,greedy_local_search,0.0,10.0,87,10,10,1.0,26.405326227135763,0.843478159670585,0,0,0.0,True,grid3x3,"2.0 V, 1.6 ns",9
clean,cp_sat_exact,0.0,10.0,87,10,10,1.0,26.405326227135763,0.843478159670585,0,0,0.0,True,grid3x3,"2.0 V, 1.6 ns",9
blind,utility_per_resource_greedy,0.009774514191987611,10.0,87,10,10,1.0,26.353338342759788,0.8413650333913196,0,0,0.0013489000947907541,True,grid3x3,"2.0 V, 1.6 ns",9
blind,congestion_aware_greedy,0.009774514191987611,10.0,87,10,10,1.0,26.330580950658693,0.8412132622896872,0,0,0.0013489000947907541,True,grid3x3,"2.0 V, 1.6 ns",9
blind,greedy_local_search,0.009774514191987611,10.0,87,10,10,1.0,26.353338342759788,0.8413650333913196,0,0,0.0013489000947907541,True,grid3x3,"2.0 V, 1.6 ns",9
blind,cp_sat_exact,0.009774514191987611,10.0,87,10,10,1.0,26.353338342759788,0.8413650333913196,0,0,0.0013489000947907541,True,grid3x3,"2.0 V, 1.6 ns",9
aware,utility_per_resource_greedy,0.009774514191987611,10.0,87,10,10,1.0,26.353338342759788,0.8413650333913196,0,0,0.0013489000947907541,True,grid3x3,"2.0 V, 1.6 ns",9
aware,congestion_aware_greedy,0.009774514191987611,10.0,87,10,10,1.0,26.330580950658693,0.8412132622896872,0,0,0.0013489000947907541,True,grid3x3,"2.0 V, 1.6 ns",9
aware,greedy_local_search,0.009774514191987611,10.0,87,10,10,1.0,26.353338342759788,0.8413650333913196,0,0,0.0013489000947907541,True,grid3x3,"2.0 V, 1.6 ns",9
aware,cp_sat_exact,0.009774514191987611,10.0,87,10,10,1.0,26.353338342759788,0.8413650333913196,0,0,0.0013489000947907541,True,grid3x3,"2.0 V, 1.6 ns",9
clean,utility_per_resource_greedy,0.0,20.0,71,10,10,1.0,37.753816799848956,0.86599309412307,0,0,0.0,True,grid3x3,"2.0 V, 1.6 ns",0
clean,congestion_aware_greedy,0.0,20.0,71,10,10,1.0,37.753816799848956,0.86599309412307,0,0,0.0,True,grid3x3,"2.0 V, 1.6 ns",0
clean,greedy_local_search,0.0,20.0,71,10,10,1.0,37.753816799848956,0.86599309412307,0,0,0.0,True,grid3x3,"2.0 V, 1.6 ns",0
clean,cp_sat_exact,0.0,20.0,71,10,10,1.0,37.753816799848956,0.86599309412307,0,0,0.0,True,grid3x3,"2.0 V, 1.6 ns",0
blind,utility_per_resource_greedy,0.000977451419198761,20.0,71,9,10,0.9,36.88476349219128,0.8688284626752191,0,0,5.5328000123811005e-05,True,grid3x3,"2.0 V, 1.6 ns",0
blind,congestion_aware_greedy,0.000977451419198761,20.0,71,10,10,1.0,37.74994341561665,0.8659039054006621,0,0,5.5328000123811005e-05,True,grid3x3,"2.0 V, 1.6 ns",0
blind,greedy_local_search,0.000977451419198761,20.0,71,9,10,0.9,36.88476349219128,0.8688284626752191,0,0,5.5328000123811005e-05,True,grid3x3,"2.0 V, 1.6 ns",0
blind,cp_sat_exact,0.000977451419198761,20.0,71,10,10,1.0,37.75013233172612,0.8659039054006621,0,0,5.5328000123811005e-05,True,grid3x3,"2.0 V, 1.6 ns",0
aware,utility_per_resource_greedy,0.000977451419198761,20.0,71,9,10,0.9,36.88476349219128,0.8688284626752191,0,0,5.5328000123811005e-05,True,grid3x3,"2.0 V, 1.6 ns",0
aware,congestion_aware_greedy,0.000977451419198761,20.0,71,10,10,1.0,37.74994341561665,0.8659039054006621,0,0,5.5328000123811005e-05,True,grid3x3,"2.0 V, 1.6 ns",0
aware,greedy_local_search,0.000977451419198761,20.0,71,9,10,0.9,36.88476349219128,0.8688284626752191,0,0,5.5328000123811005e-05,True,grid3x3,"2.0 V, 1.6 ns",0
aware,cp_sat_exact,0.000977451419198761,20.0,71,10,10,1.0,37.75013233172612,0.8659039054006621,0,0,5.5328000123811005e-05,True,grid3x3,"2.0 V, 1.6 ns",0
clean,utility_per_resource_greedy,0.0,20.0,63,9,10,0.9,29.976332771051773,0.882186713927333,0,0,0.0,True,grid3x3,"2.0 V, 1.6 ns",1
clean,congestion_aware_greedy,0.0,20.0,63,8,10,0.8,29.844594542607382,0.8813398043619026,0,0,0.0,True,grid3x3,"2.0 V, 1.6 ns",1
clean,greedy_local_search,0.0,20.0,63,9,10,0.9,29.976332771051773,0.882186713927333,0,0,0.0,True,grid3x3,"2.0 V, 1.6 ns",1
clean,cp_sat_exact,0.0,20.0,63,9,10,0.9,29.976332771051773,0.882186713927333,0,0,0.0,True,grid3x3,"2.0 V, 1.6 ns",1
blind,utility_per_resource_greedy,0.000977451419198761,20.0,63,8,10,0.8,28.35281374154833,0.8862782979248586,0,0,0.00010641775249209395,True,grid3x3,"2.0 V, 1.6 ns",1
blind,congestion_aware_greedy,0.000977451419198761,20.0,63,8,10,0.8,29.83871814899647,0.8812084063914083,0,0,0.00010641775249209395,True,grid3x3,"2.0 V, 1.6 ns",1
blind,greedy_local_search,0.000977451419198761,20.0,63,8,10,0.8,28.35281374154833,0.8862782979248586,0,0,0.00010641775249209395,True,grid3x3,"2.0 V, 1.6 ns",1
blind,cp_sat_exact,0.000977451419198761,20.0,63,9,10,0.9,29.971895993527262,0.8820632223826501,0,0,0.00010641775249209395,True,grid3x3,"2.0 V, 1.6 ns",1
aware,utility_per_resource_greedy,0.000977451419198761,20.0,63,8,10,0.8,28.35281374154833,0.8862782979248586,0,0,0.00010641775249209395,True,grid3x3,"2.0 V, 1.6 ns",1
aware,congestion_aware_greedy,0.000977451419198761,20.0,63,8,10,0.8,29.83871814899647,0.8812084063914083,0,0,0.00010641775249209395,True,grid3x3,"2.0 V, 1.6 ns",1
aware,greedy_local_search,0.000977451419198761,20.0,63,8,10,0.8,28.35281374154833,0.8862782979248586,0,0,0.00010641775249209395,True,grid3x3,"2.0 V, 1.6 ns",1
aware,cp_sat_exact,0.000977451419198761,20.0,63,9,10,0.9,29.971895993527262,0.8820632223826501,0,0,0.00010641775249209395,True,grid3x3,"2.0 V, 1.6 ns",1
clean,utility_per_resource_greedy,0.0,20.0,74,9,10,0.9,25.96225235440018,0.8582691069124585,0,0,0.0,True,grid3x3,"2.0 V, 1.6 ns",2
clean,congestion_aware_greedy,0.0,20.0,74,9,10,0.9,25.96225235440018,0.8582691069124585,0,0,0.0,True,grid3x3,"2.0 V, 1.6 ns",2
clean,greedy_local_search,0.0,20.0,74,9,10,0.9,25.96225235440018,0.8582691069124585,0,0,0.0,True,grid3x3,"2.0 V, 1.6 ns",2
clean,cp_sat_exact,0.0,20.0,74,9,10,0.9,25.96225235440018,0.8582691069124585,0,0,0.0,True,grid3x3,"2.0 V, 1.6 ns",2
blind,utility_per_resource_greedy,0.000977451419198761,20.0,76,8,10,0.8,25.00432299976738,0.8605054169808388,0,0,9.228038730847248e-05,True,grid3x3,"2.0 V, 1.6 ns",2
blind,congestion_aware_greedy,0.000977451419198761,20.0,76,7,10,0.7,24.438659305899236,0.8621822200170749,0,0,9.228038730847248e-05,True,grid3x3,"2.0 V, 1.6 ns",2
blind,greedy_local_search,0.000977451419198761,20.0,76,8,10,0.8,25.00432299976738,0.8605054169808388,0,0,9.228038730847248e-05,True,grid3x3,"2.0 V, 1.6 ns",2
blind,cp_sat_exact,0.000977451419198761,20.0,76,9,10,0.9,25.957710787941846,0.8581519193376326,0,0,9.228038730847248e-05,True,grid3x3,"2.0 V, 1.6 ns",2
aware,utility_per_resource_greedy,0.000977451419198761,20.0,76,8,10,0.8,25.00432299976738,0.8605054169808388,0,0,9.228038730847248e-05,True,grid3x3,"2.0 V, 1.6 ns",2
aware,congestion_aware_greedy,0.000977451419198761,20.0,76,7,10,0.7,24.438659305899236,0.8621822200170749,0,0,9.228038730847248e-05,True,grid3x3,"2.0 V, 1.6 ns",2
aware,greedy_local_search,0.000977451419198761,20.0,76,8,10,0.8,25.00432299976738,0.8605054169808388,0,0,9.228038730847248e-05,True,grid3x3,"2.0 V, 1.6 ns",2
aware,cp_sat_exact,0.000977451419198761,20.0,76,9,10,0.9,25.957710787941846,0.8581519193376326,0,0,9.228038730847248e-05,True,grid3x3,"2.0 V, 1.6 ns",2
clean,utility_per_resource_greedy,0.0,20.0,71,8,10,0.8,36.28338595555556,0.8683057777777777,0,0,0.0,True,grid3x3,"2.0 V, 1.6 ns",3
clean,congestion_aware_greedy,0.0,20.0,71,8,10,0.8,36.28338595555556,0.8683057777777777,0,0,0.0,True,grid3x3,"2.0 V, 1.6 ns",3
clean,greedy_local_search,0.0,20.0,71,8,10,0.8,36.28338595555556,0.8683057777777777,0,0,0.0,True,grid3x3,"2.0 V, 1.6 ns",3
clean,cp_sat_exact,0.0,20.0,71,8,10,0.8,36.28338595555556,0.8683057777777777,0,0,0.0,True,grid3x3,"2.0 V, 1.6 ns",3
blind,utility_per_resource_greedy,0.000977451419198761,20.0,71,8,10,0.8,36.27835797735807,0.8681421260997213,0,0,0.0001172598728974757,True,grid3x3,"2.0 V, 1.6 ns",3
blind,congestion_aware_greedy,0.000977451419198761,20.0,71,8,10,0.8,36.277291765869805,0.8681067697562193,0,0,0.0001172598728974757,True,grid3x3,"2.0 V, 1.6 ns",3
blind,greedy_local_search,0.000977451419198761,20.0,71,8,10,0.8,36.27835797735807,0.8681421260997213,0,0,0.0001172598728974757,True,grid3x3,"2.0 V, 1.6 ns",3
blind,cp_sat_exact,0.000977451419198761,20.0,71,8,10,0.8,36.27835797735807,0.8681421260997213,0,0,0.0001172598728974757,True,grid3x3,"2.0 V, 1.6 ns",3
aware,utility_per_resource_greedy,0.000977451419198761,20.0,71,8,10,0.8,36.27835797735807,0.8681421260997213,0,0,0.0001172598728974757,True,grid3x3,"2.0 V, 1.6 ns",3
aware,congestion_aware_greedy,0.000977451419198761,20.0,71,8,10,0.8,36.277291765869805,0.8681067697562193,0,0,0.0001172598728974757,True,grid3x3,"2.0 V, 1.6 ns",3
aware,greedy_local_search,0.000977451419198761,20.0,71,8,10,0.8,36.27835797735807,0.8681421260997213,0,0,0.0001172598728974757,True,grid3x3,"2.0 V, 1.6 ns",3
aware,cp_sat_exact,0.000977451419198761,20.0,71,8,10,0.8,36.27835797735807,0.8681421260997213,0,0,0.0001172598728974757,True,grid3x3,"2.0 V, 1.6 ns",3
clean,utility_per_resource_greedy,0.0,20.0,83,10,10,1.0,27.98470266666667,0.8842666666666666,0,0,0.0,True,grid3x3,"2.0 V, 1.6 ns",4
clean,congestion_aware_greedy,0.0,20.0,83,10,10,1.0,27.98470266666667,0.8842666666666666,0,0,0.0,True,grid3x3,"2.0 V, 1.6 ns",4
clean,greedy_local_search,0.0,20.0,83,10,10,1.0,27.98470266666667,0.8842666666666666,0,0,0.0,True,grid3x3,"2.0 V, 1.6 ns",4
clean,cp_sat_exact,0.0,20.0,83,10,10,1.0,27.98470266666667,0.8842666666666666,0,0,0.0,True,grid3x3,"2.0 V, 1.6 ns",4
blind,utility_per_resource_greedy,0.000977451419198761,20.0,83,9,10,0.9,26.772351299639723,0.8880860734552961,0,0,0.00012241544468138965,True,grid3x3,"2.0 V, 1.6 ns",4
blind,congestion_aware_greedy,0.000977451419198761,20.0,83,10,10,1.0,27.980639431402576,0.8840818636551259,0,0,0.00012241544468138965,True,grid3x3,"2.0 V, 1.6 ns",4
blind,greedy_local_search,0.000977451419198761,20.0,83,9,10,0.9,26.772351299639723,0.8880860734552961,0,0,0.00012241544468138965,True,grid3x3,"2.0 V, 1.6 ns",4
blind,cp_sat_exact,0.000977451419198761,20.0,83,10,10,1.0,27.980703385757185,0.8840840538727495,0,0,0.00012241544468138965,True,grid3x3,"2.0 V, 1.6 ns",4
aware,utility_per_resource_greedy,0.000977451419198761,20.0,83,9,10,0.9,26.772351299639723,0.8880860734552961,0,0,0.00012241544468138965,True,grid3x3,"2.0 V, 1.6 ns",4
aware,congestion_aware_greedy,0.000977451419198761,20.0,83,10,10,1.0,27.980639431402576,0.8840818636551259,0,0,0.00012241544468138965,True,grid3x3,"2.0 V, 1.6 ns",4
aware,greedy_local_search,0.000977451419198761,20.0,83,9,10,0.9,26.772351299639723,0.8880860734552961,0,0,0.00012241544468138965,True,grid3x3,"2.0 V, 1.6 ns",4
aware,cp_sat_exact,0.000977451419198761,20.0,83,10,10,1.0,27.980703385757185,0.8840840538727495,0,0,0.00012241544468138965,True,grid3x3,"2.0 V, 1.6 ns",4
clean,utility_per_resource_greedy,0.0,20.0,75,9,10,0.9,30.86777597072593,0.8526780470781892,0,0,0.0,True,grid3x3,"2.0 V, 1.6 ns",5
clean,congestion_aware_greedy,0.0,20.0,75,9,10,0.9,30.86777597072593,0.8526780470781892,0,0,0.0,True,grid3x3,"2.0 V, 1.6 ns",5
clean,greedy_local_search,0.0,20.0,75,9,10,0.9,30.86777597072593,0.8526780470781892,0,0,0.0,True,grid3x3,"2.0 V, 1.6 ns",5
clean,cp_sat_exact,0.0,20.0,75,9,10,0.9,30.86777597072593,0.8526780470781892,0,0,0.0,True,grid3x3,"2.0 V, 1.6 ns",5
blind,utility_per_resource_greedy,0.000977451419198761,20.0,75,9,10,0.9,30.866451213073095,0.8526186642821769,0,0,6.857078833559978e-05,True,grid3x3,"2.0 V, 1.6 ns",5
blind,congestion_aware_greedy,0.000977451419198761,20.0,75,9,10,0.9,30.864451883743488,0.852572954878208,0,0,6.857078833559978e-05,True,grid3x3,"2.0 V, 1.6 ns",5
blind,greedy_local_search,0.000977451419198761,20.0,75,9,10,0.9,30.866451213073095,0.8526186642821769,0,0,6.857078833559978e-05,True,grid3x3,"2.0 V, 1.6 ns",5
blind,cp_sat_exact,0.000977451419198761,20.0,75,9,10,0.9,30.865791252278314,0.8526035760152637,0,0,6.857078833559978e-05,True,grid3x3,"2.0 V, 1.6 ns",5
aware,utility_per_resource_greedy,0.000977451419198761,20.0,75,9,10,0.9,30.866451213073095,0.8526186642821769,0,0,6.857078833559978e-05,True,grid3x3,"2.0 V, 1.6 ns",5
aware,congestion_aware_greedy,0.000977451419198761,20.0,75,9,10,0.9,30.864451883743488,0.852572954878208,0,0,6.857078833559978e-05,True,grid3x3,"2.0 V, 1.6 ns",5
aware,greedy_local_search,0.000977451419198761,20.0,75,9,10,0.9,30.866451213073095,0.8526186642821769,0,0,6.857078833559978e-05,True,grid3x3,"2.0 V, 1.6 ns",5
aware,cp_sat_exact,0.000977451419198761,20.0,75,9,10,0.9,30.865791252278314,0.8526035760152637,0,0,6.857078833559978e-05,True,grid3x3,"2.0 V, 1.6 ns",5
clean,utility_per_resource_greedy,0.0,20.0,63,8,10,0.8,27.217868088888892,0.8593724444444444,0,0,0.0,True,grid3x3,"2.0 V, 1.6 ns",6
clean,congestion_aware_greedy,0.0,20.0,63,9,10,0.9,27.717035422222224,0.858168098765432,0,0,0.0,True,grid3x3,"2.0 V, 1.6 ns",6
clean,greedy_local_search,0.0,20.0,63,8,10,0.8,27.217868088888892,0.8593724444444444,0,0,0.0,True,grid3x3,"2.0 V, 1.6 ns",6
clean,cp_sat_exact,0.0,20.0,63,9,10,0.9,27.717035422222224,0.858168098765432,0,0,0.0,True,grid3x3,"2.0 V, 1.6 ns",6
blind,utility_per_resource_greedy,0.000977451419198761,20.0,63,8,10,0.8,27.213889697621422,0.8592324615955022,0,0,8.181995666589614e-05,True,grid3x3,"2.0 V, 1.6 ns",6
blind,congestion_aware_greedy,0.000977451419198761,20.0,63,9,10,0.9,27.71182785186596,0.8579917929006872,0,0,8.181995666589614e-05,True,grid3x3,"2.0 V, 1.6 ns",6
blind,greedy_local_search,0.000977451419198761,20.0,63,8,10,0.8,27.213889697621422,0.8592324615955022,0,0,8.181995666589614e-05,True,grid3x3,"2.0 V, 1.6 ns",6
blind,cp_sat_exact,0.000977451419198761,20.0,63,9,10,0.9,27.71182785186596,0.8579917929006872,0,0,8.181995666589614e-05,True,grid3x3,"2.0 V, 1.6 ns",6
aware,utility_per_resource_greedy,0.000977451419198761,20.0,63,8,10,0.8,27.213889697621422,0.8592324615955022,0,0,8.181995666589614e-05,True,grid3x3,"2.0 V, 1.6 ns",6
aware,congestion_aware_greedy,0.000977451419198761,20.0,63,9,10,0.9,27.71182785186596,0.8579917929006872,0,0,8.181995666589614e-05,True,grid3x3,"2.0 V, 1.6 ns",6
aware,greedy_local_search,0.000977451419198761,20.0,63,8,10,0.8,27.213889697621422,0.8592324615955022,0,0,8.181995666589614e-05,True,grid3x3,"2.0 V, 1.6 ns",6
aware,cp_sat_exact,0.000977451419198761,20.0,63,9,10,0.9,27.71182785186596,0.8579917929006872,0,0,8.181995666589614e-05,True,grid3x3,"2.0 V, 1.6 ns",6
clean,utility_per_resource_greedy,0.0,20.0,88,10,10,1.0,23.98600018666667,0.8572046222222222,0,0,0.0,True,grid3x3,"2.0 V, 1.6 ns",7
clean,congestion_aware_greedy,0.0,20.0,88,10,10,1.0,23.98600018666667,0.8572046222222222,0,0,0.0,True,grid3x3,"2.0 V, 1.6 ns",7
clean,greedy_local_search,0.0,20.0,88,10,10,1.0,23.98600018666667,0.8572046222222222,0,0,0.0,True,grid3x3,"2.0 V, 1.6 ns",7
clean,cp_sat_exact,0.0,20.0,88,10,10,1.0,23.98600018666667,0.8572046222222222,0,0,0.0,True,grid3x3,"2.0 V, 1.6 ns",7
blind,utility_per_resource_greedy,0.000977451419198761,20.0,88,10,10,1.0,23.980849504194282,0.8569874176348884,0,0,0.00017785606554060474,True,grid3x3,"2.0 V, 1.6 ns",7
blind,congestion_aware_greedy,0.000977451419198761,20.0,88,10,10,1.0,23.97934665182244,0.8569276427159778,0,0,0.00017785606554060474,True,grid3x3,"2.0 V, 1.6 ns",7
blind,greedy_local_search,0.000977451419198761,20.0,88,10,10,1.0,23.980849504194282,0.8569874176348884,0,0,0.00017785606554060474,True,grid3x3,"2.0 V, 1.6 ns",7
blind,cp_sat_exact,0.000977451419198761,20.0,88,10,10,1.0,23.980849504194282,0.8569874176348884,0,0,0.00017785606554060474,True,grid3x3,"2.0 V, 1.6 ns",7
aware,utility_per_resource_greedy,0.000977451419198761,20.0,88,10,10,1.0,23.980849504194282,0.8569874176348884,0,0,0.00017785606554060474,True,grid3x3,"2.0 V, 1.6 ns",7
aware,congestion_aware_greedy,0.000977451419198761,20.0,88,10,10,1.0,23.97934665182244,0.8569276427159778,0,0,0.00017785606554060474,True,grid3x3,"2.0 V, 1.6 ns",7
aware,greedy_local_search,0.000977451419198761,20.0,88,10,10,1.0,23.980849504194282,0.8569874176348884,0,0,0.00017785606554060474,True,grid3x3,"2.0 V, 1.6 ns",7
aware,cp_sat_exact,0.000977451419198761,20.0,88,10,10,1.0,23.980849504194282,0.8569874176348884,0,0,0.00017785606554060474,True,grid3x3,"2.0 V, 1.6 ns",7
clean,utility_per_resource_greedy,0.0,20.0,83,9,10,0.9,31.80314910222223,0.8510743703703703,0,0,0.0,True,grid3x3,"2.0 V, 1.6 ns",8
clean,congestion_aware_greedy,0.0,20.0,83,9,10,0.9,31.80314910222223,0.8510743703703703,0,0,0.0,True,grid3x3,"2.0 V, 1.6 ns",8
clean,greedy_local_search,0.0,20.0,83,9,10,0.9,31.80314910222223,0.8510743703703703,0,0,0.0,True,grid3x3,"2.0 V, 1.6 ns",8
clean,cp_sat_exact,0.0,20.0,83,10,10,1.0,32.271393325151344,0.8548631323784109,0,0,0.0,True,grid3x3,"2.0 V, 1.6 ns",8
blind,utility_per_resource_greedy,0.000977451419198761,20.0,83,9,10,0.9,31.79974739234185,0.8509308542788294,0,0,0.00010350044642239616,True,grid3x3,"2.0 V, 1.6 ns",8
blind,congestion_aware_greedy,0.000977451419198761,20.0,83,9,10,0.9,31.799055579830956,0.8509079661719648,0,0,0.00010350044642239616,True,grid3x3,"2.0 V, 1.6 ns",8
blind,greedy_local_search,0.000977451419198761,20.0,83,9,10,0.9,31.79974739234185,0.8509308542788294,0,0,0.00010350044642239616,True,grid3x3,"2.0 V, 1.6 ns",8
blind,cp_sat_exact,0.000977451419198761,20.0,83,10,10,1.0,32.267378382070305,0.8547267381096377,0,0,0.00010350044642239616,True,grid3x3,"2.0 V, 1.6 ns",8
aware,utility_per_resource_greedy,0.000977451419198761,20.0,83,9,10,0.9,31.79974739234185,0.8509308542788294,0,0,0.00010350044642239616,True,grid3x3,"2.0 V, 1.6 ns",8
aware,congestion_aware_greedy,0.000977451419198761,20.0,83,9,10,0.9,31.799055579830956,0.8509079661719648,0,0,0.00010350044642239616,True,grid3x3,"2.0 V, 1.6 ns",8
aware,greedy_local_search,0.000977451419198761,20.0,83,9,10,0.9,31.79974739234185,0.8509308542788294,0,0,0.00010350044642239616,True,grid3x3,"2.0 V, 1.6 ns",8
aware,cp_sat_exact,0.000977451419198761,20.0,83,10,10,1.0,32.267378382070305,0.8547267381096377,0,0,0.00010350044642239616,True,grid3x3,"2.0 V, 1.6 ns",8
clean,utility_per_resource_greedy,0.0,20.0,87,10,10,1.0,26.405326227135763,0.843478159670585,0,0,0.0,True,grid3x3,"2.0 V, 1.6 ns",9
clean,congestion_aware_greedy,0.0,20.0,87,10,10,1.0,26.405326227135763,0.843478159670585,0,0,0.0,True,grid3x3,"2.0 V, 1.6 ns",9
clean,greedy_local_search,0.0,20.0,87,10,10,1.0,26.405326227135763,0.843478159670585,0,0,0.0,True,grid3x3,"2.0 V, 1.6 ns",9
clean,cp_sat_exact,0.0,20.0,87,10,10,1.0,26.405326227135763,0.843478159670585,0,0,0.0,True,grid3x3,"2.0 V, 1.6 ns",9
blind,utility_per_resource_greedy,0.000977451419198761,20.0,87,10,10,1.0,26.400111418461023,0.8432659962279532,0,0,0.00013529072539732642,True,grid3x3,"2.0 V, 1.6 ns",9
blind,congestion_aware_greedy,0.000977451419198761,20.0,87,10,10,1.0,26.397815939361415,0.843250700422146,0,0,0.00013529072539732642,True,grid3x3,"2.0 V, 1.6 ns",9
blind,greedy_local_search,0.000977451419198761,20.0,87,10,10,1.0,26.400111418461023,0.8432659962279532,0,0,0.00013529072539732642,True,grid3x3,"2.0 V, 1.6 ns",9
blind,cp_sat_exact,0.000977451419198761,20.0,87,10,10,1.0,26.399763516828237,0.8432434366117068,0,0,0.00013529072539732642,True,grid3x3,"2.0 V, 1.6 ns",9
aware,utility_per_resource_greedy,0.000977451419198761,20.0,87,10,10,1.0,26.400111418461023,0.8432659962279532,0,0,0.00013529072539732642,True,grid3x3,"2.0 V, 1.6 ns",9
aware,congestion_aware_greedy,0.000977451419198761,20.0,87,10,10,1.0,26.397815939361415,0.843250700422146,0,0,0.00013529072539732642,True,grid3x3,"2.0 V, 1.6 ns",9
aware,greedy_local_search,0.000977451419198761,20.0,87,10,10,1.0,26.400111418461023,0.8432659962279532,0,0,0.00013529072539732642,True,grid3x3,"2.0 V, 1.6 ns",9
aware,cp_sat_exact,0.000977451419198761,20.0,87,10,10,1.0,26.400111418461023,0.8432659962279532,0,0,0.00013529072539732642,True,grid3x3,"2.0 V, 1.6 ns",9
